# Blender 3.6.5
# www.blender.org
o init_mesh
v 0.059697 -0.010195 -0.048168
v 0.063624 -0.011200 -0.047268
v 0.064332 -0.009673 -0.047162
v 0.060124 -0.008738 -0.047918
v 0.072416 -0.008728 -0.057637
v 0.071764 -0.005305 -0.054355
v 0.071199 -0.002188 -0.054222
v 0.071412 -0.002648 -0.056938
v 0.026127 -0.046140 -0.110440
v 0.011627 -0.046052 -0.114935
v 0.011494 -0.058263 -0.112172
v 0.024843 -0.059986 -0.106533
v 0.043231 -0.083150 -0.087038
v 0.038249 -0.075183 -0.092578
v 0.036931 -0.088096 -0.096595
v 0.045221 -0.090720 -0.086535
v 0.038889 0.048364 0.040014
v 0.045926 0.047246 0.034267
v 0.044985 0.041053 0.037705
v -0.060263 -0.009793 -0.049855
v -0.064165 -0.010819 -0.049005
v -0.064825 -0.009416 -0.048933
v -0.060403 -0.008349 -0.049634
v -0.072628 -0.008452 -0.059754
v -0.071717 -0.005091 -0.056390
v -0.071346 -0.002043 -0.056178
v -0.071635 -0.002356 -0.058890
v 0.038055 0.041507 0.042119
v 0.091745 0.013407 -0.068263
v 0.091584 0.010823 -0.069645
v 0.091633 0.009423 -0.067880
v 0.091633 0.011746 -0.066864
v 0.087440 -0.005402 -0.066844
v 0.087480 0.002233 -0.068350
v 0.088910 0.004756 -0.068714
v 0.088707 0.002733 -0.068267
v 0.086766 -0.015894 -0.064123
v 0.085818 -0.015171 -0.063592
v 0.087719 -0.010571 -0.065219
v 0.088493 -0.010917 -0.066086
v 0.071410 -0.035563 -0.041237
v 0.074119 -0.033766 -0.043063
v 0.074661 -0.035590 -0.044148
v 0.069993 -0.037001 -0.042550
v 0.067081 -0.035557 -0.043385
v 0.071945 -0.036352 -0.047319
v 0.071258 -0.033106 -0.048234
v 0.067384 -0.033027 -0.044982
v 0.087145 0.023242 -0.053072
v 0.087333 0.020047 -0.052842
v 0.085715 0.019373 -0.050322
v 0.085520 0.022678 -0.050293
v 0.072124 -0.009740 -0.063852
v 0.070073 -0.016251 -0.061553
v 0.075904 -0.011051 -0.063890
v 0.076389 -0.008343 -0.064398
v 0.085264 0.012479 -0.060706
v 0.086102 0.013589 -0.064192
v 0.086275 0.011518 -0.065467
v 0.085344 0.009853 -0.062913
v 0.087707 0.015375 -0.069189
v 0.087818 0.012505 -0.070632
v 0.069974 -0.026505 -0.039115
v 0.069141 -0.022765 -0.038346
v 0.069909 -0.021195 -0.039585
v 0.070438 -0.022238 -0.040776
v 0.070648 -0.008959 -0.054593
v 0.072089 -0.004808 -0.052811
v 0.082808 -0.026538 -0.058703
v 0.082556 -0.024615 -0.057981
v 0.084558 -0.020455 -0.061552
v 0.084833 -0.021738 -0.062319
v 0.079819 -0.021902 -0.056255
v 0.082071 -0.019365 -0.059834
v 0.083226 -0.018669 -0.061543
v 0.081929 -0.020857 -0.059593
v 0.088216 0.015869 -0.059588
v 0.086023 0.017873 -0.055216
v 0.086673 0.017936 -0.055582
v 0.088503 0.015731 -0.060603
v 0.078985 0.003545 -0.063814
v 0.077941 0.008450 -0.061962
v 0.076574 0.007960 -0.062095
v 0.077714 0.003688 -0.063718
v 0.088312 0.012437 -0.066957
v 0.088608 0.009756 -0.068061
v 0.086746 0.008927 -0.067066
v 0.074576 0.010544 -0.050058
v 0.074628 0.011238 -0.050862
v 0.075249 0.009565 -0.051304
v 0.074679 0.008354 -0.050058
v 0.074478 -0.036896 -0.047371
v 0.067252 -0.024519 -0.055040
v 0.069149 -0.023674 -0.056302
v 0.071946 -0.019776 -0.059340
v 0.070695 -0.018649 -0.059579
v 0.067109 -0.033768 -0.039608
v 0.070003 -0.033645 -0.039206
v 0.070918 -0.035012 -0.040341
v 0.067798 -0.035519 -0.040659
v 0.077838 0.014687 -0.050837
v 0.080412 0.014061 -0.053166
v 0.078600 0.013072 -0.052454
v 0.076718 0.013439 -0.050650
v 0.086120 0.000325 -0.066896
v 0.085418 0.007111 -0.064783
v 0.085020 -0.009062 -0.061501
v 0.085463 -0.008983 -0.064564
v 0.084491 -0.013046 -0.063414
v -0.028652 -0.046311 -0.110509
v -0.014183 -0.046112 -0.114959
v -0.014080 -0.058364 -0.112210
v -0.027435 -0.060213 -0.106593
v 0.084402 -0.013116 -0.060406
v 0.084915 -0.000888 -0.061392
v 0.085569 -0.000792 -0.064851
v 0.089188 0.008473 -0.066417
v 0.088933 0.002409 -0.066929
v 0.089093 0.008945 -0.067185
v 0.075527 0.011765 -0.059978
v 0.075428 0.014872 -0.064110
v 0.074535 0.008487 -0.065744
v 0.075535 0.009465 -0.061499
v 0.070628 -0.017217 -0.039968
v 0.072042 -0.015054 -0.041081
v 0.070997 -0.017342 -0.042582
v 0.070390 -0.019448 -0.042363
v 0.072657 -0.021742 -0.058119
v 0.070031 -0.024780 -0.055547
v 0.070641 -0.025261 -0.054885
v 0.073396 -0.023571 -0.056591
v 0.082993 0.015414 -0.055160
v 0.082876 0.009861 -0.055901
v 0.081199 0.009765 -0.054513
v 0.076217 -0.020508 -0.047709
v 0.076851 -0.019132 -0.049696
v 0.078082 -0.022312 -0.051577
v 0.077179 -0.024414 -0.049894
v 0.078925 -0.033088 -0.052829
v 0.076612 -0.032992 -0.053180
v 0.074220 -0.035113 -0.050116
v 0.076755 -0.035635 -0.049925
v 0.070205 -0.020568 -0.041441
v 0.070149 -0.019814 -0.039831
v 0.081276 0.003841 -0.065534
v 0.080238 0.009890 -0.063480
v 0.084489 0.008136 -0.060758
v 0.084606 0.005739 -0.062277
v 0.073423 -0.004496 -0.045576
v 0.070790 -0.003818 -0.046668
v 0.070587 -0.004503 -0.046866
v 0.073823 -0.006112 -0.045465
v 0.073937 -0.004406 -0.044062
v 0.074372 -0.005956 -0.043968
v 0.074079 -0.006313 -0.042456
v 0.073704 -0.005395 -0.042362
v 0.070048 -0.003462 -0.047617
v 0.070183 -0.003752 -0.047105
v 0.070686 -0.003317 -0.047492
v 0.074724 -0.001238 -0.058637
v 0.076152 -0.009100 -0.061074
v 0.073871 -0.008803 -0.059879
v 0.071000 -0.001329 -0.058136
v 0.086276 -0.007799 -0.066239
v 0.081901 0.018837 -0.046160
v 0.080045 0.020721 -0.046201
v 0.082655 0.024496 -0.050820
v 0.071605 -0.017471 -0.052057
v 0.073934 -0.016885 -0.048965
v 0.072129 -0.017056 -0.047416
v 0.070724 -0.018174 -0.050411
v 0.069988 -0.012994 -0.045227
v 0.068049 -0.016472 -0.044410
v 0.072423 -0.014562 -0.043978
v 0.073997 0.001243 -0.043707
v 0.072351 -0.002428 -0.046874
v 0.073211 -0.003384 -0.045252
v 0.073604 -0.003111 -0.043801
v 0.086822 -0.016603 -0.065173
v 0.088607 -0.011456 -0.067530
v 0.086819 -0.011377 -0.068579
v 0.085101 -0.016890 -0.066260
v 0.067689 -0.030146 -0.037977
v 0.065331 -0.032746 -0.040840
v 0.067502 -0.026935 -0.036863
v 0.091171 0.019973 -0.062592
v 0.087085 0.022476 -0.063087
v 0.087354 0.020534 -0.065513
v 0.091473 0.018027 -0.064797
v 0.070048 0.002778 -0.052819
v 0.070432 0.000699 -0.052547
v 0.070933 0.002268 -0.050810
v 0.070635 0.004088 -0.050805
v 0.049978 -0.032215 -0.093720
v 0.058111 -0.032319 -0.074920
v 0.061917 -0.018466 -0.083392
v 0.054953 -0.018681 -0.099319
v 0.079796 -0.030528 -0.052515
v 0.078562 -0.032769 -0.049833
v 0.075164 0.008932 -0.042501
v 0.074344 0.010973 -0.041520
v 0.075635 0.016279 -0.042962
v 0.076478 0.012910 -0.042749
v 0.088291 0.004200 -0.071641
v 0.091326 0.003392 -0.070372
v 0.077312 0.015260 -0.048979
v 0.081599 0.018840 -0.051895
v 0.079197 0.016372 -0.051082
v 0.077056 0.014998 -0.049510
v 0.076189 0.006772 -0.047499
v 0.077047 0.008110 -0.047070
v 0.075607 0.009029 -0.047322
v 0.074459 0.007618 -0.047440
v 0.074234 0.015650 -0.040378
v 0.075997 0.020448 -0.043498
v 0.066033 -0.025317 -0.054485
v 0.076962 0.007778 -0.045001
v 0.077882 0.010385 -0.044481
v 0.078303 0.009606 -0.046822
v -0.045964 -0.083606 -0.086872
v -0.040950 -0.075584 -0.092469
v -0.039475 -0.088532 -0.096641
v -0.047897 -0.091227 -0.086454
v 0.068513 -0.021831 -0.036259
v 0.069499 -0.020147 -0.038238
v 0.076218 0.013788 -0.049502
v 0.075504 0.012705 -0.049540
v 0.073851 0.009144 -0.049259
v 0.074156 0.006652 -0.050455
v 0.081091 -0.000172 -0.057543
v 0.082795 -0.008564 -0.059489
v 0.065642 -0.018006 -0.069683
v 0.062791 -0.032011 -0.055059
v 0.074452 0.009449 -0.047376
v 0.074268 0.009780 -0.047675
v 0.073159 0.008887 -0.048406
v 0.073409 0.008376 -0.047564
v 0.077194 -0.034322 -0.047325
v 0.079726 0.006230 -0.054875
v 0.076230 0.004600 -0.053047
v 0.076796 0.006815 -0.052076
v 0.088668 -0.005852 -0.066144
v 0.089694 0.002467 -0.066982
v 0.091149 0.002967 -0.068501
v 0.089987 -0.006053 -0.067413
v 0.065757 -0.033967 -0.041665
v 0.070361 -0.000059 -0.053534
v 0.071752 -0.001882 -0.052743
v 0.071061 0.005540 -0.050818
v 0.071979 0.007338 -0.049211
v 0.069869 -0.017178 -0.037886
v 0.087530 0.016438 -0.064130
v 0.087942 0.014550 -0.065563
v 0.085872 0.015174 -0.062818
v 0.085495 0.016381 -0.061208
v 0.084580 0.017572 -0.057400
v 0.085062 0.019044 -0.056983
v 0.086863 0.017911 -0.061998
v 0.074961 0.005352 -0.051916
v 0.075899 0.007330 -0.050968
v 0.075302 -0.021779 -0.046163
v 0.075939 -0.027942 -0.047231
v 0.083161 -0.016509 -0.061182
v 0.082791 -0.015782 -0.058330
v 0.084117 -0.005448 -0.069300
v 0.083963 0.003903 -0.069991
v 0.082335 0.003805 -0.067712
v 0.082704 -0.004968 -0.067871
v 0.076529 -0.002543 -0.064341
v 0.073594 -0.001708 -0.064865
v 0.073249 -0.004276 -0.041858
v 0.072530 -0.000613 -0.040062
v 0.070998 0.004958 -0.051206
v 0.071436 0.006496 -0.049051
v 0.077157 -0.019158 -0.060558
v 0.073150 -0.026710 -0.053368
v 0.077323 -0.021575 -0.058922
v 0.068873 -0.027282 -0.051303
v 0.068606 -0.028436 -0.049046
v 0.071330 -0.028509 -0.050645
v 0.079868 -0.019952 -0.055413
v 0.081648 -0.018732 -0.058176
v 0.069205 -0.003694 -0.048396
v 0.067817 -0.005298 -0.049597
v 0.068848 -0.004224 -0.047748
v 0.083906 -0.000756 -0.058957
v 0.084418 -0.008757 -0.059763
v 0.077288 0.010247 -0.047253
v 0.074782 0.000150 -0.048927
v 0.076056 0.003510 -0.046549
v 0.080595 0.013733 -0.046702
v 0.078955 0.011975 -0.047430
v 0.078400 0.011115 -0.047249
v 0.079450 0.011572 -0.046506
v 0.062306 -0.014010 -0.047762
v 0.065951 -0.015478 -0.046513
v 0.067416 -0.012181 -0.046342
v 0.084098 0.019368 -0.055809
v 0.084485 0.017311 -0.056984
v 0.081590 0.010552 -0.065350
v 0.075610 0.011469 -0.052006
v 0.076474 0.009786 -0.052779
v 0.077841 0.023187 -0.058823
v 0.077378 0.021190 -0.055449
v 0.077634 0.021324 -0.054189
v 0.078111 0.025361 -0.054251
v 0.067942 -0.031365 -0.045954
v 0.070796 -0.031012 -0.048606
v 0.070536 -0.029657 -0.049059
v 0.068265 -0.029874 -0.047164
v 0.071450 -0.017286 -0.046699
v 0.070417 -0.018473 -0.049415
v 0.084652 -0.015091 -0.063781
v 0.083843 -0.015978 -0.062802
v 0.085222 -0.012008 -0.064858
v 0.086420 -0.010783 -0.065548
v 0.071310 0.003447 -0.054424
v 0.070035 0.002318 -0.054990
v 0.077945 0.015320 -0.056275
v 0.080270 0.017700 -0.057752
v 0.079169 0.020605 -0.054108
v 0.077420 0.018446 -0.053986
v 0.082921 0.011305 -0.067850
v 0.076336 0.008426 -0.052517
v 0.077019 0.008623 -0.053583
v 0.075850 0.008891 -0.052020
v 0.073694 0.006692 -0.047671
v 0.075511 0.005448 -0.047925
v 0.079932 0.013736 -0.048064
v 0.083928 0.017243 -0.051324
v 0.083016 0.017022 -0.050965
v 0.079233 0.014352 -0.048463
v 0.074437 0.011360 -0.048714
v 0.012930 -0.033971 -0.121251
v 0.014701 -0.023695 -0.128557
v -0.038278 0.047976 0.039157
v -0.045473 0.046825 0.033548
v -0.044549 0.040636 0.036838
v -0.037481 0.041172 0.041135
v 0.077632 0.020949 -0.046370
v 0.078910 0.022791 -0.050523
v 0.079823 0.023708 -0.050772
v 0.078204 0.021852 -0.047410
v 0.085456 0.015104 -0.060542
v 0.089206 0.011336 -0.065992
v 0.072815 -0.003004 -0.050912
v 0.069730 -0.006159 -0.050898
v 0.059915 -0.007495 -0.049667
v 0.060265 -0.006202 -0.049808
v 0.060966 -0.006735 -0.050978
v 0.060450 -0.008365 -0.051021
v 0.062576 -0.012685 -0.051372
v 0.065258 -0.013786 -0.050342
v 0.064480 -0.015767 -0.048828
v 0.061586 -0.015137 -0.050854
v 0.059042 -0.010958 -0.050088
v 0.059512 -0.009221 -0.049759
v 0.060297 -0.010167 -0.051175
v 0.059933 -0.012177 -0.051475
v 0.083574 0.018973 -0.053516
v 0.085317 0.018877 -0.055127
v 0.089924 0.010678 -0.065279
v 0.089940 0.008560 -0.066409
v 0.088543 0.015112 -0.063087
v 0.088927 0.013414 -0.064504
v 0.072600 -0.012388 -0.040828
v 0.073618 -0.012150 -0.042776
v 0.073172 -0.013829 -0.042762
v 0.091167 0.014124 -0.065363
v 0.091670 0.015733 -0.066674
v 0.070460 -0.030042 -0.038850
v 0.069196 -0.031449 -0.038160
v 0.043649 -0.100397 -0.023558
v 0.053017 -0.095214 -0.035229
v 0.052480 -0.105029 -0.034947
v 0.043468 -0.110217 -0.023972
v 0.080419 0.016055 -0.045072
v 0.079195 0.018565 -0.044571
v 0.059193 -0.012336 -0.048570
v 0.059140 -0.013554 -0.050587
v 0.061653 -0.015252 -0.049180
v 0.064716 -0.008008 -0.047201
v 0.060475 -0.007275 -0.047915
v 0.062873 -0.010932 -0.051303
v 0.064474 -0.005779 -0.050456
v 0.064911 -0.004673 -0.048803
v 0.067358 -0.019042 -0.045645
v 0.068971 -0.019300 -0.048117
v 0.070528 -0.019446 -0.044608
v 0.059547 -0.013959 -0.051346
v 0.071044 0.004515 -0.052223
v 0.066082 -0.009851 -0.051055
v 0.069210 -0.012365 -0.052794
v 0.068807 -0.014552 -0.051914
v 0.065793 -0.011847 -0.050998
v 0.078397 -0.022831 -0.053364
v 0.078742 -0.020929 -0.053225
v 0.072810 -0.016656 -0.053860
v 0.075829 -0.016611 -0.051814
v 0.072349 -0.000125 -0.051228
v 0.074045 0.002969 -0.049415
v 0.069508 -0.003533 -0.048117
v 0.066931 -0.007579 -0.050720
v 0.069234 -0.009766 -0.052658
v 0.064975 -0.006479 -0.047402
v 0.068891 -0.006566 -0.046891
v 0.068715 -0.005472 -0.047141
v 0.064928 -0.005442 -0.047699
v 0.079369 0.009783 -0.053939
v 0.077817 0.016169 -0.043625
v 0.079254 0.013254 -0.044558
v 0.078454 0.027512 -0.070758
v 0.076169 0.019390 -0.075467
v 0.076914 0.020066 -0.062654
v 0.062869 -0.008966 -0.051071
v 0.061173 -0.005141 -0.049404
v 0.061340 -0.005369 -0.047970
v 0.083871 -0.019184 -0.061260
v 0.071566 -0.019641 -0.044250
v 0.072174 0.004859 -0.048767
v 0.083294 -0.010640 -0.067729
v 0.081994 -0.015792 -0.065628
v 0.071336 0.006082 -0.049066
v 0.072325 0.007252 -0.047891
v 0.069766 -0.018948 -0.048895
v 0.071089 -0.018326 -0.045752
v 0.072699 0.007717 -0.047817
v 0.073011 -0.012700 -0.044216
v 0.084554 0.009617 -0.059233
v 0.074856 -0.030345 -0.053617
v 0.072962 -0.031913 -0.050716
v 0.060901 -0.006209 -0.047999
v 0.064318 -0.015878 -0.048112
v 0.064065 -0.007193 -0.051145
v 0.071325 -0.008769 -0.045747
v 0.070803 -0.010970 -0.045457
v 0.073614 -0.010464 -0.044396
v 0.077285 -0.016248 -0.053574
v 0.073580 -0.015321 -0.056169
v 0.074749 -0.014413 -0.058320
v 0.078935 -0.015624 -0.055368
v 0.080617 -0.020607 -0.063151
v 0.079034 -0.024932 -0.059674
v 0.081383 -0.026734 -0.059438
v 0.083381 -0.022289 -0.063327
v 0.079882 0.042851 -0.079302
v 0.079424 0.033083 -0.063917
v 0.080818 0.049287 -0.067879
v 0.082412 0.019199 -0.062772
v 0.082553 0.016882 -0.064503
v 0.087622 0.017918 -0.067426
v 0.077395 0.023545 -0.048497
v 0.077940 0.021152 -0.052402
v 0.077456 0.022462 -0.050170
v 0.087758 -0.005848 -0.070434
v 0.074532 0.004985 -0.042824
v 0.076512 0.005611 -0.045588
v 0.076007 -0.017924 -0.061316
v 0.078856 -0.017513 -0.053511
v 0.080896 -0.017051 -0.055778
v 0.088689 0.019942 -0.055539
v 0.085595 0.018064 -0.053125
v 0.009732 -0.112025 0.003565
v 0.009655 -0.118987 -0.000235
v 0.008181 -0.008748 0.058349
v 0.009677 -0.009012 0.056986
v 0.008640 -0.007076 0.056019
v 0.007885 -0.007007 0.056649
v 0.008515 -0.017832 0.056845
v 0.007906 -0.016206 0.055772
v 0.008772 -0.016447 0.055105
v 0.009523 -0.017795 0.055920
v 0.005356 -0.007304 0.055759
v 0.003800 -0.010276 0.058505
v 0.005343 -0.008873 0.059984
v 0.006572 -0.006549 0.056591
v 0.088118 0.023305 -0.056538
v 0.011607 -0.018004 0.056312
v 0.010626 -0.016435 0.055222
v 0.011662 -0.015699 0.056933
v 0.013047 -0.016970 0.057946
v 0.004772 -0.017106 0.064596
v 0.005893 -0.014983 0.064779
v 0.004633 -0.015929 0.062387
v 0.004617 -0.017736 0.061996
v 0.007519 -0.014298 0.064219
v 0.009298 -0.014832 0.065856
v 0.010925 -0.014880 0.064244
v 0.008904 -0.014318 0.062674
v 0.004362 -0.013727 0.057598
v 0.005458 -0.015559 0.058788
v 0.003705 -0.013736 0.061172
v 0.011818 -0.013660 0.055245
v 0.010131 -0.014782 0.053951
v 0.009465 -0.010968 0.053117
v 0.010891 -0.010038 0.054156
v 0.046812 -0.084282 -0.022910
v 0.054537 -0.081835 -0.036635
v 0.034239 0.004972 0.037553
v 0.033468 0.002094 0.038694
v 0.029225 0.003227 0.039354
v 0.030195 0.005776 0.038389
v 0.074415 -0.008108 -0.043373
v 0.073889 -0.007312 -0.042069
v 0.082593 0.014158 -0.066150
v 0.088248 0.016702 -0.060187
v 0.082256 0.021063 -0.060596
v 0.080993 0.023344 -0.055897
v 0.079913 0.021856 -0.054939
v 0.081102 0.019201 -0.058988
v 0.090675 0.017327 -0.061442
v 0.072761 -0.021111 -0.043951
v 0.081998 0.005603 -0.056495
v 0.080386 0.023830 -0.053397
v 0.083847 0.025322 -0.054019
v 0.088068 -0.005887 -0.066221
v 0.091011 0.015779 -0.063492
v 0.089045 0.014363 -0.062292
v 0.082083 0.015874 -0.047188
v 0.075799 -0.012315 -0.060704
v 0.082217 -0.012235 -0.058716
v 0.080715 -0.014610 -0.057091
v -0.091271 0.013712 -0.070443
v -0.091145 0.011114 -0.071745
v -0.091193 0.009750 -0.069927
v -0.091141 0.012097 -0.069117
v -0.087513 -0.004943 -0.068839
v -0.087585 0.002563 -0.070432
v -0.088811 0.005098 -0.070906
v -0.088807 0.003068 -0.070458
v 0.075012 -0.013894 -0.059702
v 0.069731 0.001291 -0.054710
v 0.069415 -0.016377 -0.035579
v 0.077809 -0.027621 -0.050813
v -0.087105 -0.015357 -0.065615
v -0.086266 -0.014696 -0.065240
v -0.088025 -0.010080 -0.066886
v -0.088745 -0.010442 -0.067605
v 0.078822 -0.026462 -0.053284
v 0.029050 -0.033383 -0.115608
v 0.032515 -0.022218 -0.122084
v 0.090040 -0.006060 -0.069301
v 0.083040 0.018112 -0.054203
v 0.074406 -0.021655 -0.045279
v 0.073532 -0.027574 -0.044549
v 0.072229 -0.027024 -0.042664
v 0.076885 0.008980 -0.053196
v 0.075233 -0.016921 -0.061774
v 0.075405 -0.014629 -0.062658
v 0.061316 -0.005859 -0.050722
v 0.077947 -0.023120 -0.059135
v 0.074132 -0.028550 -0.053527
v 0.057976 -0.078406 -0.050085
v 0.054522 -0.075554 -0.065183
v -0.072331 -0.035066 -0.042843
v -0.074859 -0.033244 -0.044669
v -0.075432 -0.035074 -0.045911
v -0.070943 -0.036265 -0.044367
v 0.055017 -0.087034 -0.063064
v 0.057238 -0.090850 -0.048614
v 0.071273 -0.002241 -0.036498
v 0.071744 -0.009648 -0.038954
v 0.070740 -0.010659 -0.037211
v 0.023092 -0.102802 -0.001370
v 0.020385 -0.114513 -0.005490
v 0.069667 -0.015742 -0.031490
v 0.069557 -0.016329 -0.021384
v 0.071199 -0.000449 -0.021466
v 0.070653 -0.005983 -0.031062
v 0.059650 0.031178 0.015029
v 0.061385 0.031772 0.010458
v 0.062085 0.022130 0.010381
v 0.059969 0.023364 0.014354
v 0.020010 0.088951 0.032361
v 0.009988 0.089709 0.034575
v 0.010026 0.097184 0.028525
v 0.020294 0.096083 0.025915
v 0.034538 -0.014042 -0.126460
v 0.036489 -0.003552 -0.131219
v 0.016939 -0.006458 -0.138302
v 0.015779 -0.016183 -0.133109
v 0.020481 0.113187 0.003460
v 0.009980 0.114841 0.006172
v 0.010094 0.119845 -0.003889
v -0.068077 -0.034911 -0.045046
v -0.072368 -0.035615 -0.049181
v -0.071553 -0.032517 -0.050097
v -0.068255 -0.032525 -0.046681
v 0.020785 0.117905 -0.006255
v 0.053305 0.002510 0.028107
v 0.055407 -0.003784 0.028272
v 0.051456 -0.004366 0.032069
v 0.049800 0.001973 0.031128
v 0.073043 -0.032250 -0.041813
v 0.071989 -0.031349 -0.040622
v -0.087096 0.023485 -0.054897
v -0.087080 0.020313 -0.054859
v -0.085082 0.019758 -0.052426
v -0.085344 0.022989 -0.052024
v -0.074003 -0.010439 -0.065180
v -0.071930 -0.016849 -0.063003
v -0.077703 -0.011689 -0.065502
v -0.078012 -0.009019 -0.065968
v 0.010269 0.124120 -0.015664
v 0.021221 0.121980 -0.017621
v 0.011806 0.012021 0.044326
v -0.084374 0.012656 -0.063026
v -0.085614 0.013855 -0.066527
v -0.085975 0.011825 -0.067764
v -0.084938 0.010105 -0.065154
v -0.087403 0.015620 -0.071240
v -0.087512 0.012751 -0.072774
v -0.070816 -0.026102 -0.040433
v -0.070052 -0.022371 -0.039656
v -0.070661 -0.020780 -0.041038
v -0.071116 -0.021818 -0.042193
v -0.070592 -0.008720 -0.056663
v -0.072207 -0.004655 -0.054820
v -0.082696 -0.025813 -0.060508
v -0.082819 -0.024033 -0.059635
v -0.084901 -0.019891 -0.063052
v -0.084915 -0.021113 -0.063967
v 0.012245 0.014027 0.041528
v 0.015919 0.010722 0.040326
v 0.015498 0.008602 0.042593
v 0.007904 0.061417 0.046263
v 0.008842 0.069443 0.043795
v 0.017760 0.069519 0.042324
v 0.016283 0.061539 0.045249
v 0.020449 0.008031 0.039323
v 0.019707 0.006014 0.040795
v 0.009975 0.103682 0.021775
v 0.020391 0.102418 0.018957
v 0.020597 0.127869 -0.067851
v -0.080148 -0.021455 -0.057911
v -0.082398 -0.018932 -0.061565
v -0.083591 -0.018214 -0.063279
v -0.082257 -0.020381 -0.061292
v 0.021111 0.128204 -0.059350
v 0.009846 0.130882 -0.059772
v -0.087930 0.016207 -0.061894
v -0.085734 0.018127 -0.057448
v -0.086241 0.018236 -0.057839
v -0.088075 0.016095 -0.062957
v 0.010871 0.129888 -0.072366
v 0.067690 -0.000210 -0.091551
v 0.070964 -0.001341 -0.076121
v 0.073995 0.010621 -0.077716
v 0.071963 0.016264 -0.094320
v 0.033758 -0.095871 -0.010781
v 0.031750 -0.107878 -0.013851
v -0.079967 0.003206 -0.065305
v -0.078603 0.008314 -0.063466
v -0.077684 0.007572 -0.063424
v -0.079000 0.003087 -0.065004
v -0.088097 0.012785 -0.069275
v -0.088432 0.010102 -0.070338
v -0.086543 0.009250 -0.069295
v -0.074619 0.010359 -0.052069
v -0.074882 0.010931 -0.052805
v -0.075558 0.009336 -0.053179
v -0.074980 0.008268 -0.051925
v -0.074982 -0.036244 -0.049337
v -0.068878 -0.024955 -0.056631
v -0.070609 -0.024060 -0.057993
v -0.073337 -0.020126 -0.061029
v -0.072348 -0.019118 -0.061190
v 0.053082 0.053505 0.022698
v 0.055023 0.058878 0.018313
v 0.058345 0.051635 0.014582
v 0.056115 0.047276 0.019303
v 0.006367 0.048589 0.049655
v 0.013784 0.048603 0.049411
v 0.011878 0.042334 0.049632
v 0.005672 0.042200 0.049972
v -0.068275 -0.033302 -0.040812
v -0.071089 -0.033199 -0.040476
v -0.071931 -0.034526 -0.041743
v -0.068913 -0.034938 -0.042198
v 0.059984 0.015913 0.014923
v 0.062599 0.012941 0.011920
v 0.061670 0.004681 0.016671
v 0.058768 0.008785 0.018653
v 0.055877 0.003877 0.024754
v -0.077794 0.014338 -0.052868
v -0.080125 0.013874 -0.055272
v -0.078535 0.012816 -0.054447
v -0.076796 0.013089 -0.052641
v 0.058239 -0.002052 0.024382
v -0.086433 0.000675 -0.068860
v -0.085242 0.007456 -0.066958
v 0.019100 0.079184 0.038420
v 0.009513 0.079568 0.040156
v 0.060350 0.042154 0.011664
v 0.058279 0.039482 0.016641
v 0.009123 0.015258 0.046928
v 0.009778 0.016828 0.043310
v 0.007264 0.021951 0.046093
v -0.085604 -0.008671 -0.063383
v -0.085997 -0.008574 -0.066463
v -0.084952 -0.012590 -0.065225
v -0.084896 -0.012679 -0.062116
v 0.004549 0.021103 0.051942
v 0.004577 0.025107 0.050645
v 0.007258 0.025040 0.046824
v 0.033875 0.061360 0.038204
v 0.035508 0.068668 0.034746
v 0.043015 0.067358 0.029240
v 0.041462 0.060522 0.032984
v 0.020427 0.108003 0.011674
v -0.085234 -0.000617 -0.063403
v -0.085950 -0.000455 -0.066821
v 0.009945 0.109451 0.014499
v 0.004852 0.034290 0.049567
v 0.008968 0.034374 0.047898
v 0.007810 0.031053 0.047215
v -0.089138 0.008887 -0.068777
v -0.089189 0.002741 -0.069071
v -0.088973 0.009325 -0.069491
v -0.076563 0.011549 -0.061157
v -0.076602 0.014522 -0.065021
v -0.076080 0.007906 -0.066654
v -0.076912 0.008992 -0.062655
v 0.004874 0.031046 0.049603
v 0.024239 0.004426 0.040015
v 0.025131 0.006715 0.038990
v 0.065094 -0.031180 -0.044670
v 0.066220 -0.032427 -0.044183
v 0.072866 0.015122 -0.034002
v 0.071446 0.004521 -0.032143
v 0.071751 0.012866 -0.022483
v 0.072398 0.025684 -0.024618
v 0.074853 0.037560 -0.028113
v 0.076149 0.046116 -0.033441
v 0.076790 0.030422 -0.040619
v 0.075112 0.024074 -0.036291
v 0.049701 -0.084326 -0.075852
v 0.047379 -0.074115 -0.079234
v 0.004503 0.017885 0.054549
v 0.004449 0.014898 0.057082
v 0.019410 0.035651 -0.149768
v -0.071069 -0.016849 -0.041841
v -0.072455 -0.014767 -0.043089
v -0.071444 -0.016941 -0.044491
v -0.070947 -0.018966 -0.044106
v 0.018771 0.022044 -0.147890
v 0.039120 0.026091 -0.139408
v 0.039540 0.039049 -0.140885
v 0.064375 -0.010839 -0.087527
v -0.073865 -0.021946 -0.059786
v -0.071258 -0.025011 -0.057284
v -0.071693 -0.025325 -0.056620
v -0.074449 -0.023633 -0.058272
v 0.068284 -0.010194 -0.073276
v 0.010340 -0.012085 0.058875
v 0.007133 -0.007682 0.054180
v 0.007169 -0.011337 0.053115
v 0.006847 -0.008810 0.054193
v 0.010405 -0.014652 0.060500
v 0.012530 -0.015399 0.061720
v 0.008057 -0.014849 0.053901
v 0.007383 -0.014660 0.054238
v 0.006633 -0.011042 0.053299
v 0.008445 -0.007134 0.054864
v 0.002064 -0.018828 0.066976
v 0.002736 -0.017449 0.069997
v 0.006412 -0.016032 0.068763
v 0.004899 -0.017464 0.066639
v 0.004935 -0.008589 0.055454
v 0.004011 -0.010640 0.056050
v 0.005102 -0.012526 0.063243
v 0.006807 -0.008721 0.059408
v 0.007250 -0.006680 0.056660
v 0.006761 -0.011827 0.062483
v 0.005759 -0.017703 0.059395
v 0.008489 -0.011716 0.060866
v -0.082172 0.015372 -0.057496
v -0.082145 0.009948 -0.058121
v -0.080766 0.009744 -0.056623
v -0.076593 -0.020168 -0.049431
v -0.077362 -0.018886 -0.051355
v -0.078276 -0.021949 -0.053297
v -0.077274 -0.023989 -0.051723
v 0.077637 -0.018192 -0.051503
v 0.056193 -0.064604 -0.031550
v 0.059717 -0.049762 -0.039069
v 0.058983 -0.050164 -0.044740
v -0.078801 -0.032316 -0.054746
v -0.076594 -0.032533 -0.055368
v -0.074559 -0.034668 -0.052252
v -0.076920 -0.035019 -0.051984
v -0.070956 -0.020094 -0.043001
v -0.070773 -0.019406 -0.041448
v -0.081846 0.003693 -0.067192
v -0.080552 0.009854 -0.065217
v 0.057041 -0.065669 -0.040608
v 0.079618 0.008160 -0.054633
v 0.066776 0.057946 -0.003704
v 0.068270 0.069685 -0.013126
v 0.073544 0.057942 -0.024673
v -0.083989 0.008358 -0.062955
v -0.084527 0.006053 -0.064433
v 0.072986 0.047238 -0.019399
v 0.068680 0.079447 -0.021358
v 0.073964 0.068820 -0.032077
v 0.077177 0.056653 -0.041694
v 0.078905 0.036353 -0.055462
v 0.041204 0.018352 0.033326
v 0.041456 0.018038 0.033255
v 0.039985 0.017592 0.034439
v -0.073685 -0.004371 -0.047635
v -0.071066 -0.003698 -0.048703
v -0.070905 -0.004389 -0.048878
v -0.074095 -0.005973 -0.047491
v 0.039809 0.017969 0.034551
v 0.040841 0.018561 0.033085
v 0.039612 0.018162 0.034034
v -0.074179 -0.004292 -0.046112
v -0.074615 -0.005813 -0.046004
v -0.074370 -0.006177 -0.044489
v -0.074004 -0.005272 -0.044396
v 0.041892 0.018989 0.032275
v 0.042275 0.018743 0.032483
v 0.042440 0.018410 0.032387
v 0.024796 0.018516 0.036886
v 0.025207 0.018653 0.036178
v 0.027565 0.018085 0.037160
v 0.027389 0.017946 0.037927
v 0.024649 0.018200 0.037139
v 0.027632 0.017500 0.037977
v -0.070372 -0.003394 -0.049620
v -0.070491 -0.003658 -0.049114
v -0.070977 -0.003214 -0.049522
v -0.075091 -0.000446 -0.061172
v -0.076507 -0.008374 -0.063209
v -0.074293 -0.008364 -0.062012
v -0.071498 -0.000822 -0.060306
v 0.023881 0.019962 0.031043
v 0.023629 0.020602 0.031074
v -0.086555 -0.007321 -0.068097
v 0.024913 0.019042 0.031282
v 0.022697 0.020759 0.033603
v 0.022595 0.021930 0.033667
v -0.081741 0.019107 -0.047952
v -0.080163 0.020938 -0.047643
v -0.082675 0.024708 -0.052328
v 0.023232 0.022373 0.031147
v 0.023373 0.021178 0.031053
v 0.022961 0.020183 0.033797
v -0.072292 -0.017573 -0.053939
v -0.074749 -0.016648 -0.050650
v -0.072853 -0.016693 -0.049125
v -0.071377 -0.018025 -0.052257
v -0.070458 -0.012712 -0.047214
v -0.068514 -0.016105 -0.046339
v -0.072915 -0.014280 -0.045974
v -0.074124 0.001447 -0.045803
v -0.072461 -0.002214 -0.048955
v -0.073458 -0.003257 -0.047330
v -0.073859 -0.003013 -0.045873
v -0.086948 -0.016037 -0.066721
v -0.088593 -0.010920 -0.069038
v -0.086798 -0.010982 -0.070339
v -0.085196 -0.016396 -0.067976
v 0.021318 0.019946 0.034352
v 0.020992 0.020431 0.034207
v -0.068748 -0.029659 -0.039162
v -0.066568 -0.032355 -0.042030
v -0.068691 -0.026529 -0.038050
v -0.090961 0.020278 -0.064660
v -0.086980 0.022770 -0.065000
v -0.087202 0.020796 -0.067485
v -0.091214 0.018320 -0.066943
v -0.070668 0.003081 -0.054857
v -0.070857 0.000927 -0.054489
v -0.071296 0.002490 -0.052861
v -0.071218 0.004350 -0.052940
v 0.021089 0.021561 0.034343
v 0.032250 0.016508 0.037971
v 0.032609 0.015876 0.037679
v 0.028132 0.016303 0.037858
v 0.027937 0.016925 0.037973
v 0.031934 0.017057 0.038093
v 0.035184 0.017102 0.037343
v 0.035554 0.016566 0.037112
v 0.035854 0.015970 0.036733
v -0.052301 -0.032596 -0.094013
v -0.060354 -0.032759 -0.075370
v -0.064025 -0.018960 -0.083995
v -0.057084 -0.019104 -0.099745
v -0.079904 -0.029872 -0.054274
v -0.078806 -0.032149 -0.051672
v -0.075219 0.009098 -0.044479
v -0.074550 0.011131 -0.043031
v -0.075893 0.016512 -0.044120
v -0.076430 0.013121 -0.044469
v 0.024751 0.017158 0.037270
v 0.024677 0.017755 0.037248
v 0.036122 0.015299 0.036321
v 0.032894 0.015157 0.037266
v -0.087886 0.004512 -0.073850
v -0.090746 0.003778 -0.072216
v 0.028315 0.015526 0.037616
v 0.024684 0.016585 0.037306
v 0.021530 0.017941 0.036624
v 0.021944 0.018343 0.036545
v 0.033095 0.014391 0.036963
v 0.033031 0.013558 0.036864
v 0.028245 0.013917 0.037429
v 0.028342 0.014704 0.037425
v -0.077147 0.015008 -0.051171
v -0.081114 0.018695 -0.054217
v -0.078858 0.016135 -0.053288
v -0.076979 0.014673 -0.051616
v -0.076223 0.006980 -0.049647
v -0.076997 0.008283 -0.049126
v -0.075618 0.009136 -0.049331
v -0.074610 0.007744 -0.049509
v 0.036270 0.014523 0.035936
v 0.036234 0.013629 0.035823
v -0.074486 0.015722 -0.041384
v -0.076097 0.020544 -0.044347
v 0.044159 0.018644 0.030637
v 0.044718 0.019142 0.029922
v 0.044873 0.018410 0.029769
v -0.067695 -0.025722 -0.055779
v 0.044585 0.017955 0.030152
v 0.047648 0.015325 0.026497
v 0.048586 0.016669 0.025686
v 0.050649 0.015438 0.024100
v -0.076858 0.008019 -0.047129
v -0.077730 0.010595 -0.046507
v -0.078086 0.009812 -0.048896
v -0.069549 -0.021491 -0.037545
v -0.070277 -0.019780 -0.039718
v -0.076199 0.013445 -0.051553
v -0.075585 0.012368 -0.051595
v -0.074051 0.009080 -0.051226
v -0.074536 0.006730 -0.052349
v 0.049382 0.014040 0.025373
v -0.081305 0.000334 -0.059442
v -0.083065 -0.008038 -0.061055
v 0.057663 0.005788 0.021556
v 0.051378 0.011524 0.024590
v 0.052758 0.013059 0.022593
v 0.043490 0.018210 0.031393
v 0.042683 0.017891 0.032222
v 0.043274 0.018787 0.031559
v 0.043929 0.019211 0.030853
v 0.043971 0.017572 0.030903
v 0.043076 0.017232 0.031903
v 0.041752 0.017538 0.033123
v 0.042110 0.016859 0.032872
v 0.040589 0.016420 0.034105
v 0.040297 0.017045 0.034305
v 0.038137 0.016723 0.035710
v -0.067600 -0.018539 -0.070643
v -0.064683 -0.032370 -0.055726
v 0.037829 0.017271 0.035894
v 0.038443 0.016112 0.035399
v 0.040868 0.015721 0.033858
v 0.038801 0.015445 0.035080
v 0.042513 0.016149 0.032444
v 0.043591 0.016562 0.031336
v 0.044440 0.016973 0.030302
v 0.045092 0.017389 0.029507
v 0.045494 0.018037 0.028989
v 0.045010 0.016232 0.029437
v 0.045639 0.015463 0.028605
v 0.044406 0.014948 0.029980
v 0.044053 0.015800 0.030624
v 0.045827 0.016766 0.028501
v 0.046611 0.016097 0.027502
v -0.074471 0.009480 -0.049346
v -0.074248 0.009749 -0.049655
v -0.073369 0.008830 -0.050361
v -0.073625 0.008416 -0.049583
v 0.042827 0.015447 0.031975
v 0.043038 0.014639 0.031449
v 0.041137 0.014224 0.033090
v 0.041042 0.015100 0.033571
v -0.077788 -0.033810 -0.049181
v -0.079780 0.006445 -0.056766
v -0.076721 0.004880 -0.054973
v -0.077384 0.006840 -0.053819
v 0.039059 0.014751 0.034749
v 0.039137 0.013872 0.034371
v -0.088777 -0.005352 -0.067775
v -0.089900 0.002827 -0.068849
v -0.090964 0.003302 -0.070378
v -0.089764 -0.005523 -0.069041
v 0.031787 0.017455 0.038112
v 0.031679 0.017651 0.037539
v 0.034847 0.017696 0.036894
v 0.034987 0.017496 0.037441
v 0.037586 0.017663 0.035954
v -0.066904 -0.033440 -0.043071
v -0.070728 0.000147 -0.055441
v -0.072001 -0.001723 -0.054709
v 0.037534 0.017881 0.035422
v 0.034936 0.016588 0.034429
v 0.034092 0.017190 0.030633
v 0.036940 0.017261 0.029817
v 0.038143 0.016829 0.033279
v -0.071574 0.005708 -0.052800
v -0.072367 0.007374 -0.051211
v 0.031236 0.016377 0.034948
v 0.030813 0.017516 0.031206
v 0.027609 0.016922 0.035126
v -0.070526 -0.016910 -0.039622
v 0.027556 0.018210 0.031358
v 0.025133 0.018484 0.034841
v 0.034065 0.029793 0.037599
v 0.034268 0.029968 0.038018
v 0.039035 0.029306 0.037230
v 0.038601 0.029066 0.036752
v 0.049688 -0.000420 -0.121196
v 0.051144 0.014600 -0.126701
v 0.038365 0.010187 -0.136025
v 0.041466 0.027175 0.035673
v 0.041552 0.027783 0.035530
v 0.043813 0.026650 0.033995
v 0.043537 0.026039 0.034116
v 0.041316 0.026418 0.035724
v -0.087296 0.016654 -0.066406
v -0.087668 0.014866 -0.067881
v -0.085510 0.015289 -0.065092
v -0.085128 0.016451 -0.063493
v -0.084274 0.017570 -0.059655
v -0.084838 0.019210 -0.059251
v -0.086573 0.018051 -0.064280
v -0.075414 0.005506 -0.053796
v -0.076467 0.007281 -0.052716
v 0.043236 0.025284 0.033948
v 0.038383 0.027508 0.037361
v -0.075614 -0.021378 -0.047940
v -0.076285 -0.027449 -0.049031
v -0.083570 -0.016097 -0.062908
v -0.083300 -0.015371 -0.059911
v -0.084006 -0.005176 -0.071181
v -0.083925 0.004058 -0.071946
v -0.082607 0.003820 -0.069500
v -0.082887 -0.004841 -0.069667
v 0.038514 0.028259 0.037347
v 0.038534 0.028729 0.036967
v 0.043321 0.023902 0.029057
v 0.042407 0.025439 0.029886
v -0.078033 -0.003264 -0.065658
v -0.075312 -0.002452 -0.066005
v -0.073666 -0.004192 -0.043869
v -0.073012 -0.000520 -0.041916
v -0.071583 0.005208 -0.053297
v -0.072006 0.006610 -0.051152
v -0.078158 -0.019226 -0.062196
v -0.073896 -0.026578 -0.055127
v -0.078065 -0.021478 -0.060630
v -0.069838 -0.027281 -0.053009
v -0.069431 -0.028278 -0.050786
v -0.072008 -0.028349 -0.052484
v 0.042278 0.024184 0.032409
v 0.043002 0.023168 0.031249
v 0.043771 0.023147 0.028349
v 0.043440 0.022406 0.030322
v 0.043350 0.023615 0.025125
v 0.042567 0.024401 0.025832
v 0.041372 0.025357 0.026858
v -0.080276 -0.019579 -0.057030
v -0.082070 -0.018349 -0.059831
v 0.043804 0.022880 0.024728
v -0.069532 -0.003638 -0.050392
v -0.067886 -0.005122 -0.051582
v -0.069225 -0.004184 -0.049731
v -0.083884 -0.000354 -0.060877
v -0.084795 -0.008339 -0.061496
v -0.077129 0.010408 -0.049295
v 0.044089 0.022124 0.024586
v -0.074866 0.000426 -0.051067
v -0.076004 0.003827 -0.048781
v -0.080132 0.013972 -0.048830
v -0.078610 0.012168 -0.049519
v -0.078090 0.011319 -0.049324
v -0.079057 0.011804 -0.048613
v -0.062918 -0.013527 -0.049494
v -0.066464 -0.015083 -0.048286
v -0.067902 -0.011868 -0.048174
v 0.044030 0.021263 0.024546
v 0.043734 0.020449 0.024877
v 0.060250 -0.010619 0.021850
v 0.060240 0.000653 0.020577
v -0.083562 0.019438 -0.058148
v -0.083814 0.017314 -0.059320
v -0.081632 0.010638 -0.067202
v 0.062615 -0.007401 0.017502
v 0.043019 0.019175 0.031699
v -0.075869 0.011177 -0.053918
v -0.076733 0.009565 -0.054659
v 0.043683 0.019635 0.030956
v -0.078246 0.023024 -0.059398
v -0.077552 0.021087 -0.056179
v -0.077651 0.021267 -0.054983
v -0.078175 0.025282 -0.054841
v 0.042537 0.019439 0.031598
v -0.068717 -0.030984 -0.047669
v -0.071385 -0.030734 -0.050549
v -0.071194 -0.029457 -0.050930
v -0.068991 -0.029584 -0.048872
v -0.072088 -0.016910 -0.048493
v -0.071079 -0.018221 -0.051273
v 0.042943 0.019782 0.031026
v -0.085143 -0.014672 -0.065564
v -0.084314 -0.015564 -0.064552
v -0.085659 -0.011551 -0.066663
v -0.086820 -0.010346 -0.067396
v 0.044171 0.020138 0.030165
v 0.044601 0.019720 0.030042
v 0.041477 0.017669 0.030949
v 0.041180 0.018050 0.027909
v 0.042297 0.018601 0.026974
v -0.071719 0.003880 -0.056597
v -0.070705 0.002758 -0.057126
v -0.078121 0.015422 -0.057587
v -0.080172 0.017924 -0.059197
v -0.079087 0.020716 -0.055366
v -0.077595 0.018465 -0.055135
v -0.082829 0.011448 -0.069761
v 0.042399 0.018583 0.029779
v 0.040334 0.017090 0.031979
v 0.039402 0.017553 0.028884
v 0.042855 0.019122 0.026220
v 0.043392 0.019762 0.025427
v -0.076824 0.008363 -0.054301
v -0.077401 0.008598 -0.055395
v 0.042958 0.019071 0.029164
v -0.076266 0.008749 -0.053839
v 0.043423 0.019640 0.028327
v 0.043356 0.020243 0.030318
v -0.073978 0.006853 -0.049813
v -0.075620 0.005684 -0.050119
v -0.079429 0.013957 -0.050193
v -0.083345 0.017472 -0.053541
v -0.082506 0.017213 -0.053163
v -0.078854 0.014465 -0.050614
v 0.044010 0.021046 0.027565
v 0.044093 0.021671 0.027630
v 0.043697 0.020697 0.029572
v -0.074468 0.011206 -0.050731
v 0.044078 0.021242 0.028921
v 0.043794 0.020427 0.027733
v -0.015424 -0.034052 -0.121287
v -0.017097 -0.023783 -0.128606
v 0.044020 0.022434 0.027877
v 0.043815 0.021791 0.029460
v 0.045136 0.019135 0.029390
v 0.045061 0.020169 0.029342
v 0.045964 0.021130 0.028449
v 0.045766 0.018971 0.028635
v -0.077761 0.021092 -0.047632
v -0.078934 0.022910 -0.051732
v -0.079829 0.023891 -0.052142
v -0.078267 0.022019 -0.048730
v -0.084715 0.015239 -0.062886
v 0.046815 0.018855 0.027583
v 0.046380 0.017563 0.027865
v 0.047330 0.021535 0.027759
v 0.048669 0.021901 0.027011
v -0.088965 0.011717 -0.068328
v -0.073010 -0.002809 -0.052971
v -0.069666 -0.005905 -0.052972
v 0.048006 0.018803 0.026534
v 0.047309 0.017241 0.026856
v 0.044616 0.020586 0.029490
v -0.060180 -0.007158 -0.051379
v -0.060487 -0.005947 -0.051568
v -0.061214 -0.006451 -0.052666
v -0.060753 -0.008022 -0.052675
v 0.044960 0.021124 0.028988
v 0.046771 0.022762 0.029024
v -0.063197 -0.012152 -0.053024
v -0.065861 -0.013390 -0.052038
v -0.065036 -0.015329 -0.050591
v -0.062300 -0.014531 -0.052504
v 0.047691 0.023481 0.028725
v 0.045559 0.022180 0.029472
v 0.045087 0.023088 0.030790
v 0.046093 0.023836 0.030722
v -0.059487 -0.010395 -0.051825
v -0.059845 -0.008786 -0.051455
v -0.060683 -0.009698 -0.052844
v -0.060586 -0.011604 -0.053176
v 0.046736 0.024543 0.030639
v 0.045062 0.024867 0.032388
v -0.083098 0.018994 -0.055820
v -0.084864 0.019117 -0.057429
v 0.045568 0.025529 0.032312
v 0.044340 0.024149 0.032263
v 0.044573 0.021905 0.029737
v -0.089624 0.011134 -0.067729
v -0.089790 0.008950 -0.068607
v -0.088318 0.015409 -0.065370
v -0.088612 0.013773 -0.066830
v 0.044154 0.022627 0.030667
v 0.043553 0.023502 0.031859
v 0.042743 0.024459 0.033212
v -0.073031 -0.012182 -0.042858
v -0.073999 -0.011926 -0.044808
v -0.073595 -0.013580 -0.044801
v -0.090642 0.014511 -0.067719
v -0.091235 0.016064 -0.068862
v -0.071330 -0.029574 -0.040119
v -0.070227 -0.031010 -0.039340
v -0.044412 -0.100564 -0.023675
v -0.053962 -0.095485 -0.035171
v -0.053769 -0.105496 -0.034912
v -0.044525 -0.110471 -0.024049
v -0.080153 0.016302 -0.046992
v -0.079269 0.018756 -0.046100
v 0.041098 0.025758 0.035185
v 0.040770 0.025480 0.034400
v 0.038224 0.026758 0.036899
v -0.059854 -0.011824 -0.050285
v -0.059914 -0.012959 -0.052357
v -0.062417 -0.014619 -0.050935
v -0.065175 -0.007832 -0.049048
v -0.060940 -0.007074 -0.049654
v 0.038060 0.026476 0.036170
v 0.034788 0.030714 0.039026
v 0.040173 0.030305 0.038105
v 0.037961 0.027845 0.033150
v 0.036273 0.026863 0.030049
v 0.033728 0.027129 0.031408
v 0.034573 0.028388 0.034950
v -0.063238 -0.010516 -0.052918
v 0.022792 0.022692 0.033912
v 0.023255 0.023880 0.034484
v -0.064640 -0.005583 -0.052286
v -0.065315 -0.004625 -0.050685
v -0.067883 -0.018550 -0.047507
v -0.069483 -0.018851 -0.050011
v -0.071095 -0.018935 -0.046426
v -0.060297 -0.013280 -0.053063
v -0.071493 0.004860 -0.054300
v 0.023742 0.024434 0.031767
v 0.023178 0.023230 0.031276
v 0.021893 0.022329 0.034815
v 0.023045 0.023542 0.035518
v -0.066274 -0.009589 -0.052844
v -0.069528 -0.012253 -0.054735
v -0.069230 -0.014397 -0.053766
v -0.066116 -0.011496 -0.052731
v -0.078711 -0.022401 -0.055012
v -0.079094 -0.020568 -0.054860
v -0.073428 -0.016790 -0.055714
v -0.076443 -0.016605 -0.053584
v -0.072593 0.000059 -0.053242
v -0.074222 0.003195 -0.051554
v -0.069780 -0.003454 -0.050128
v -0.067063 -0.007376 -0.052598
v -0.069294 -0.009562 -0.054644
v -0.065411 -0.006369 -0.049304
v -0.069307 -0.006462 -0.048852
v -0.069130 -0.005398 -0.049113
v -0.065342 -0.005377 -0.049608
v -0.079408 0.009595 -0.055852
v -0.077742 0.016447 -0.045162
v -0.078794 0.013554 -0.046549
v -0.079223 0.027270 -0.071253
v -0.077395 0.019015 -0.076100
v -0.077716 0.019829 -0.063331
v -0.063120 -0.008710 -0.052726
v -0.061372 -0.004938 -0.051210
v -0.061765 -0.005280 -0.049799
v -0.084271 -0.018650 -0.062795
v -0.072263 -0.019129 -0.045931
v -0.072522 0.005058 -0.050889
v -0.083598 -0.010440 -0.069575
v -0.082320 -0.015546 -0.067452
v -0.071850 0.006254 -0.051212
v -0.072799 0.007376 -0.050051
v -0.070294 -0.018646 -0.050793
v -0.071668 -0.017874 -0.047579
v -0.073066 0.007810 -0.049920
v -0.073463 -0.012459 -0.046256
v -0.083844 0.009813 -0.061445
v 0.026793 0.027158 0.036064
v 0.027382 0.026500 0.032421
v -0.074922 -0.030039 -0.055810
v -0.073266 -0.031571 -0.052820
v 0.024765 0.025860 0.032225
v -0.061343 -0.006070 -0.049798
v 0.024488 0.025650 0.035383
v -0.064958 -0.015362 -0.049869
v -0.064287 -0.006993 -0.052783
v 0.027654 0.026081 0.037411
v 0.024880 0.024764 0.036467
v 0.034563 0.027030 0.037399
v -0.071679 -0.008579 -0.047734
v -0.071213 -0.010732 -0.047471
v -0.073977 -0.010263 -0.046395
v 0.020991 0.071477 -0.146713
v 0.020417 0.055843 -0.149864
v -0.077828 -0.016232 -0.055287
v -0.074265 -0.015525 -0.057980
v -0.075273 -0.014521 -0.060108
v -0.079329 -0.015363 -0.056976
v -0.080815 -0.020334 -0.065099
v -0.079036 -0.024671 -0.061878
v -0.081301 -0.026173 -0.061479
v -0.083373 -0.021729 -0.065189
v 0.039983 0.057702 -0.140995
v 0.040093 0.071284 -0.138465
v -0.080556 0.042646 -0.079640
v -0.079825 0.032917 -0.064363
v -0.081190 0.049124 -0.068200
v -0.082258 0.019522 -0.064628
v -0.082395 0.017115 -0.066384
v -0.087190 0.018251 -0.069509
v -0.077417 0.023581 -0.049228
v -0.077878 0.021162 -0.053232
v -0.077550 0.022539 -0.051132
v -0.087322 -0.005470 -0.072493
v 0.040950 0.026881 0.031280
v 0.039147 0.026263 0.028481
v 0.050237 0.072463 -0.130814
v 0.049477 0.081111 -0.127936
v 0.040593 0.082930 -0.133340
v 0.034785 -0.061915 -0.097736
v 0.024662 -0.072399 -0.104319
v -0.074530 0.005232 -0.044986
v -0.076463 0.005893 -0.047791
v 0.021098 0.022064 0.035986
v -0.077267 -0.018156 -0.062920
v 0.022586 0.023291 0.036532
v -0.079342 -0.017155 -0.055024
v -0.081263 -0.016585 -0.057302
v -0.088293 0.020272 -0.057717
v -0.084940 0.018416 -0.055368
v 0.020061 0.021213 0.035522
v 0.018934 0.021045 0.035751
v 0.019874 0.022176 0.036126
v 0.021432 0.023680 0.036732
v 0.024457 0.024771 0.037259
v 0.023553 0.025325 0.037643
v 0.026765 0.027061 0.038543
v 0.027418 0.026322 0.038203
v 0.034403 0.027211 0.038212
v 0.034183 0.028031 0.038424
v 0.026132 0.027733 0.038380
v 0.022912 0.025962 0.037391
v 0.025606 0.028315 0.037928
v 0.022608 0.026759 0.037052
v 0.033963 0.029452 0.037946
v 0.034033 0.028833 0.038372
v 0.022131 0.018665 0.036420
v 0.019257 0.019359 0.035923
v 0.022461 0.019046 0.036034
v 0.020309 0.019685 0.035654
v 0.023425 0.019240 0.035223
v 0.019697 0.020129 0.035505
v 0.018671 0.019874 0.035746
v -0.010368 -0.111979 0.003388
v -0.010229 -0.119003 -0.000307
v 0.023480 0.019445 0.034071
v 0.018895 0.022455 0.035673
v 0.017871 0.020946 0.035597
v 0.017699 0.022788 0.035212
v 0.016692 0.020952 0.035300
v 0.019716 0.024966 0.035813
v 0.020549 0.024264 0.036263
v 0.017615 0.019614 0.035708
v 0.018166 0.019027 0.035952
v 0.016563 0.019469 0.035528
v 0.017233 0.018704 0.035788
v 0.024466 0.015981 0.037331
v 0.024163 0.015291 0.037342
v 0.020903 0.017391 0.036718
v 0.020260 0.016826 0.036671
v 0.032778 0.012476 0.036760
v 0.036050 0.012635 0.035762
v 0.032316 0.011180 0.036789
v -0.008045 -0.008755 0.057995
v -0.009517 -0.009020 0.056616
v -0.008489 -0.007090 0.055658
v -0.007739 -0.007020 0.056290
v 0.035749 0.011142 0.035726
v 0.027339 0.011717 0.037532
v 0.027893 0.012904 0.037446
v 0.031885 -0.115893 -0.015265
v 0.046423 0.014489 0.027882
v 0.047762 0.012904 0.027229
v 0.046078 0.012170 0.029013
v 0.044986 0.013991 0.029392
v 0.043393 0.013563 0.030949
v -0.008512 -0.017744 0.056580
v -0.007867 -0.016120 0.055473
v -0.008681 -0.016365 0.054743
v -0.009445 -0.017698 0.055614
v 0.043943 0.011660 0.030926
v 0.041470 0.011425 0.032706
v 0.041318 0.013157 0.032659
v 0.039083 0.012887 0.034187
v 0.038957 0.011265 0.034233
v 0.049615 0.018297 0.025165
v 0.050827 0.021697 0.024998
v 0.051600 0.017288 0.023407
v 0.053097 0.021178 0.022702
v 0.016157 0.023589 0.035340
v -0.005289 -0.007273 0.055446
v -0.003782 -0.010233 0.058224
v -0.005287 -0.008868 0.059684
v -0.006487 -0.006542 0.056264
v 0.015333 0.021307 0.035166
v 0.014000 0.024403 0.036379
v 0.013573 0.021857 0.035896
v 0.015599 0.027324 0.037618
v 0.017750 0.026527 0.036440
v 0.015607 0.019412 0.035367
v 0.016283 0.018310 0.035598
v 0.014199 0.019257 0.035728
v 0.015251 0.017744 0.035904
v 0.023605 0.014308 0.037301
v 0.022973 0.013189 0.037353
v 0.019521 0.016091 0.036603
v 0.018554 0.015187 0.036783
v 0.047642 -0.011462 -0.116114
v 0.052241 0.030373 -0.129692
v 0.047615 0.034533 0.035533
v 0.045385 0.031576 0.036481
v 0.041769 0.032594 0.038759
v 0.043617 0.036107 0.038842
v 0.049628 0.039140 0.033228
v 0.052112 0.035860 0.030256
v 0.050165 0.032406 0.032463
v 0.048005 0.030012 0.033888
v 0.051702 0.024592 0.025985
v 0.050024 0.024526 0.027663
v 0.050151 0.026274 0.029227
v 0.051822 0.026965 0.027669
v 0.053948 0.024733 0.023553
v 0.054323 0.028214 0.025302
v 0.051297 0.029401 0.029926
v 0.049349 0.028038 0.031438
v 0.053525 0.031703 0.027893
v 0.023731 0.032224 0.040390
v 0.024593 0.030851 0.038942
v 0.021475 0.028756 0.037462
v 0.019794 0.029376 0.038300
v 0.022418 0.033530 0.041441
v 0.017760 0.030063 0.039246
v 0.037196 0.037157 0.041819
v 0.035873 0.033283 0.040563
v 0.025226 0.028724 0.037534
v 0.022840 0.027266 0.037122
v 0.025097 0.029007 0.037636
v 0.022741 0.027565 0.037028
v 0.058284 0.092021 -0.110005
v 0.060597 0.098079 -0.097508
v 0.043934 0.108759 -0.103836
v 0.043009 0.101314 -0.116146
v 0.041693 0.028002 0.035482
v 0.042096 0.028297 0.035972
v 0.044611 0.027308 0.034282
v 0.044057 0.026946 0.033992
v 0.045960 0.025954 0.032287
v 0.046600 0.026345 0.032367
v 0.047876 0.025378 0.030534
v 0.047217 0.025031 0.030599
v 0.047875 0.024388 0.029338
v 0.048435 0.024318 0.028900
v 0.022493 0.028251 0.037323
v 0.024993 0.029538 0.038022
v 0.051524 0.060541 -0.132002
v 0.044753 0.074894 0.024107
v 0.051760 0.071293 0.017471
v 0.049760 0.064736 0.023210
v 0.043339 0.029418 0.036588
v 0.046000 0.028341 0.034451
v 0.047812 0.027090 0.032240
v 0.048872 0.025796 0.030309
v 0.049250 0.024859 0.028972
v 0.070239 -0.013605 -0.037200
v 0.071036 -0.013687 -0.038868
v 0.078523 -0.003238 -0.064317
v 0.076568 0.003576 -0.063700
v 0.075370 0.007016 -0.062695
v 0.077917 0.015147 -0.048634
v 0.082166 0.018158 -0.051399
v 0.081895 -0.022529 -0.058326
v 0.078770 -0.024314 -0.054427
v -0.088023 0.023627 -0.058478
v 0.081948 -0.021565 -0.058918
v 0.088311 0.014504 -0.062551
v 0.088642 0.012836 -0.063889
v 0.089462 0.012670 -0.063755
v 0.040573 -0.032856 -0.105721
v 0.045012 -0.020230 -0.111920
v 0.089067 0.010790 -0.065342
v 0.073313 -0.008960 -0.041255
v 0.079867 -0.003971 -0.064564
v 0.081844 -0.004696 -0.066267
v 0.082238 -0.009919 -0.066640
v 0.081618 -0.009268 -0.065536
v 0.081111 -0.014779 -0.064721
v 0.080617 -0.013718 -0.064017
v 0.083609 -0.018843 -0.061497
v 0.085762 -0.015308 -0.063333
v 0.083331 0.018649 -0.052427
v 0.082475 0.017608 -0.050906
v 0.084065 0.018260 -0.052699
v 0.074023 -0.010193 -0.042717
v 0.075967 0.013690 -0.048430
v 0.075705 0.011099 -0.047435
v 0.075265 0.011503 -0.047864
v 0.069974 -0.005052 -0.046979
v 0.070039 -0.004084 -0.047099
v 0.071204 -0.006557 -0.046429
v 0.073890 -0.008179 -0.045086
v 0.067259 -0.015937 -0.045297
v 0.066485 -0.017344 -0.047637
v 0.067084 -0.018402 -0.046774
v 0.085108 0.025073 -0.056993
v 0.075768 0.010121 -0.047206
v 0.077334 0.011159 -0.047224
v 0.077658 0.012386 -0.047494
v 0.084952 0.017877 -0.053014
v 0.077795 0.013293 -0.047774
v 0.076999 0.013316 -0.047713
v 0.078667 0.014861 -0.048524
v 0.076331 0.013320 -0.047919
v 0.073638 -0.011786 -0.059424
v 0.072217 -0.012014 -0.057449
v 0.072353 0.007504 -0.038229
v 0.073150 0.005061 -0.040329
v 0.077834 -0.024929 -0.052183
v 0.075368 0.013949 -0.059003
v 0.075506 0.016436 -0.060201
v 0.087052 -0.010555 -0.065272
v 0.080014 -0.015995 -0.055344
v 0.077871 -0.016536 -0.053323
v 0.081860 -0.014981 -0.057143
v 0.083482 -0.012456 -0.058734
v 0.070492 0.003911 -0.052906
v 0.083024 0.007750 -0.057085
v 0.083514 0.005550 -0.058488
v 0.081412 0.007792 -0.055503
v 0.076924 0.020005 -0.058434
v 0.076707 0.019948 -0.056061
v 0.077515 0.014268 -0.056396
v 0.075983 0.018355 -0.055456
v 0.069316 -0.012413 -0.045681
v 0.069097 -0.018584 -0.049208
v 0.068103 -0.016460 -0.049978
v 0.070100 -0.018339 -0.050151
v 0.069541 -0.017466 -0.051551
v 0.070011 -0.015815 -0.053317
v 0.070692 -0.013851 -0.054699
v 0.070626 -0.011447 -0.055487
v 0.068918 -0.008218 -0.046568
v 0.077224 0.019382 -0.045307
v 0.068369 -0.010145 -0.046379
v 0.070308 -0.006477 -0.046666
v 0.070484 -0.008302 -0.046200
v 0.070175 -0.010334 -0.045781
v 0.074756 -0.019293 -0.046691
v 0.075565 -0.017634 -0.049240
v 0.073271 -0.018591 -0.046048
v 0.076560 -0.016981 -0.051384
v 0.072105 -0.018267 -0.045602
v 0.075286 0.015274 -0.057363
v 0.075674 0.018381 -0.057485
v 0.070309 -0.009982 -0.035197
v 0.064546 -0.002001 0.012454
v 0.065864 0.007666 0.006916
v 0.025823 -0.051548 0.031040
v 0.024776 -0.054501 0.031396
v 0.057026 -0.013536 0.026370
v 0.052398 -0.016167 0.031617
v 0.024955 -0.046339 0.044279
v 0.024186 -0.047024 0.044396
v 0.023262 -0.046480 0.044583
v 0.024027 -0.046119 0.044275
v 0.021871 -0.047232 0.043555
v 0.022671 -0.047340 0.042860
v 0.022859 -0.047188 0.043122
v 0.022138 -0.047079 0.043828
v 0.028995 -0.031111 0.045784
v 0.032652 -0.027043 0.044644
v 0.035084 -0.031482 0.043487
v 0.031516 -0.034831 0.044892
v 0.024570 -0.046931 0.037689
v 0.024349 -0.045631 0.037988
v 0.023095 -0.045618 0.040983
v 0.023549 -0.046199 0.040728
v 0.024287 -0.049691 0.037736
v 0.023313 -0.047553 0.040587
v 0.026388 -0.047567 0.031016
v 0.025643 -0.045349 0.031317
v 0.034124 -0.052997 0.040251
v 0.030469 -0.050649 0.041821
v 0.031438 -0.047455 0.042466
v 0.035096 -0.048286 0.040831
v 0.024836 -0.019357 0.045703
v 0.029041 -0.023183 0.045442
v 0.025671 -0.027194 0.046310
v 0.021859 -0.022887 0.046378
v 0.017989 -0.018130 0.046888
v 0.020773 -0.015390 0.045918
v 0.016366 -0.010498 0.050499
v 0.017154 -0.014146 0.051663
v 0.016875 -0.015132 0.055087
v 0.017081 -0.012937 0.053862
v 0.014930 -0.019033 0.053390
v 0.017297 -0.016380 0.050167
v 0.011106 -0.020332 0.053902
v -0.011495 -0.017913 0.055963
v -0.010513 -0.016358 0.054864
v -0.011536 -0.015636 0.056572
v -0.012909 -0.016910 0.057602
v 0.010768 -0.019599 0.054859
v 0.014873 -0.019542 0.051797
v -0.004615 -0.017062 0.064381
v -0.005742 -0.014974 0.064519
v -0.004672 -0.015893 0.062178
v -0.004609 -0.017725 0.061837
v 0.015140 -0.020483 0.049920
v 0.011486 -0.020977 0.052819
v 0.010040 -0.018572 0.055852
v 0.012783 -0.018511 0.055840
v -0.007342 -0.014337 0.063923
v -0.009058 -0.014871 0.065577
v -0.010752 -0.014894 0.063932
v -0.008745 -0.014364 0.062357
v -0.004362 -0.013669 0.057336
v -0.005546 -0.015495 0.058584
v -0.003715 -0.013697 0.060918
v -0.011673 -0.013616 0.054875
v -0.010026 -0.014716 0.053570
v -0.009355 -0.010919 0.052776
v -0.010732 -0.010023 0.053803
v 0.014588 -0.016663 0.057417
v 0.004211 -0.018154 0.064325
v 0.005511 -0.016920 0.066288
v 0.009158 0.013107 0.050025
v 0.011784 0.009569 0.046998
v 0.009108 0.010412 0.052278
v 0.011760 0.007281 0.049269
v 0.013693 -0.014596 0.061229
v 0.015259 -0.012679 0.059517
v 0.011419 -0.013421 0.064973
v 0.012438 -0.010753 0.064480
v 0.004710 0.028212 0.050006
v 0.002063 -0.021480 0.060057
v 0.002342 -0.022200 0.059562
v 0.001840 -0.020456 0.061984
v 0.021936 0.094283 -0.134428
v 0.022451 0.106585 -0.123144
v 0.021718 0.119984 -0.100021
v 0.019514 0.124495 -0.087627
v 0.006008 -0.038565 0.059865
v 0.005497 -0.035999 0.059838
v 0.012704 -0.039342 0.046426
v 0.007175 -0.039177 0.047486
v 0.006847 -0.042931 0.049589
v 0.012090 -0.042935 0.048492
v 0.016217 -0.043111 0.046785
v 0.017113 -0.039681 0.044806
v 0.013255 -0.035831 0.040675
v 0.007575 -0.035537 0.041790
v 0.012015 -0.045062 0.052554
v 0.006850 -0.045050 0.054645
v 0.006760 -0.043299 0.057020
v 0.012114 -0.043708 0.054376
v 0.017961 -0.024858 0.048689
v 0.013977 -0.024233 0.051211
v 0.009864 -0.024184 0.054707
v 0.006658 -0.024369 0.057348
v 0.005934 -0.022335 0.057679
v 0.008436 -0.021683 0.055478
v 0.005574 -0.021484 0.058040
v 0.008084 -0.020935 0.056105
v 0.007859 -0.020159 0.056623
v 0.008373 -0.018750 0.057027
v 0.006506 -0.018945 0.058222
v 0.007055 -0.017737 0.057878
v 0.005438 -0.020612 0.058277
v 0.004488 0.004834 0.064992
v 0.004312 0.008484 0.062210
v 0.010034 -0.034278 0.057972
v 0.005072 -0.033838 0.059332
v 0.004467 -0.029781 0.058671
v 0.008798 -0.029789 0.057388
v 0.013261 -0.030541 0.054892
v 0.015030 -0.035967 0.055350
v 0.002729 -0.022972 0.059136
v 0.010453 -0.036486 0.058181
v 0.010832 -0.038985 0.057899
v 0.015565 -0.038291 0.055381
v 0.015889 -0.040501 0.054918
v 0.019750 -0.038433 0.052131
v 0.018557 -0.032468 0.051940
v 0.024327 -0.034575 0.048619
v 0.023657 -0.041101 0.048794
v 0.031353 -0.044340 0.043541
v 0.026332 -0.046569 0.044032
v 0.026548 -0.045310 0.044674
v 0.026258 -0.044104 0.045636
v 0.030488 -0.041233 0.044875
v 0.034830 -0.043690 0.041995
v 0.033660 -0.039084 0.043423
v 0.028416 -0.038078 0.046465
v 0.025541 -0.042814 0.046841
v 0.025165 -0.045640 0.044867
v 0.024170 -0.045803 0.044663
v 0.024992 -0.044932 0.045735
v 0.023976 -0.045483 0.045418
v 0.024409 -0.044264 0.046793
v 0.023567 -0.045179 0.046291
v 0.022721 -0.044611 0.047560
v 0.023279 -0.043199 0.048345
v 0.022189 -0.045800 0.043496
v 0.021284 -0.045692 0.044615
v 0.021398 -0.045776 0.045477
v 0.022212 -0.045859 0.044366
v 0.022724 -0.045853 0.042895
v 0.022653 -0.045848 0.043696
v 0.022564 -0.045016 0.041869
v 0.021308 -0.044209 0.043308
v -0.047629 -0.084389 -0.023047
v -0.055224 -0.081976 -0.036688
v 0.023209 -0.047438 0.042175
v 0.023194 -0.047247 0.042810
v 0.023218 -0.045900 0.044165
v 0.023178 -0.045786 0.044671
v 0.022757 -0.045669 0.045433
v 0.021991 -0.045465 0.046481
v 0.015938 -0.042453 0.053713
v 0.019447 -0.042430 0.051548
v 0.019189 -0.044042 0.050111
v 0.015837 -0.044460 0.051599
v 0.018811 -0.045131 0.048488
v 0.017827 -0.036240 0.039234
v 0.015511 -0.045168 0.050292
v 0.020421 -0.040706 0.042771
v 0.021312 -0.038048 0.036498
v 0.019228 -0.043596 0.044773
v 0.023910 -0.044197 0.038841
v 0.022351 -0.042506 0.040871
v 0.025177 -0.043600 0.032231
v 0.023388 -0.040491 0.034644
v 0.018672 -0.045531 0.047104
v 0.019710 -0.040636 0.052086
v 0.011350 -0.041339 0.056529
v 0.006272 -0.040846 0.058679
v -0.034024 0.004752 0.036464
v -0.033337 0.001942 0.037734
v -0.029156 0.003237 0.038718
v -0.030037 0.005716 0.037624
v 0.005306 -0.002895 0.071241
v 0.004946 0.001250 0.067982
v 0.022602 -0.046629 0.044536
v 0.010063 -0.124525 -0.003351
v -0.074730 -0.007940 -0.045383
v -0.074233 -0.007182 -0.044099
v -0.082321 0.014394 -0.068113
v 0.025571 -0.047734 0.043916
v 0.023492 -0.051779 0.037713
v 0.022529 -0.048467 0.040750
v 0.031056 -0.057371 0.040670
v 0.026301 -0.061450 0.043139
v 0.024116 -0.057419 0.044965
v 0.028071 -0.053935 0.042414
v 0.021507 -0.050943 0.047184
v 0.024032 -0.049238 0.044925
v -0.088022 0.016994 -0.062463
v 0.022851 -0.047864 0.045654
v 0.020583 -0.048775 0.047910
v 0.019721 -0.047153 0.048311
v 0.021957 -0.046775 0.045840
v 0.017937 -0.046591 0.047439
v 0.013692 -0.046142 0.050381
v 0.013060 -0.048295 0.045594
v 0.017645 -0.048716 0.043649
v 0.021059 -0.048696 0.041739
v 0.021037 -0.047072 0.044490
v -0.082175 0.021373 -0.062348
v -0.080889 0.023641 -0.057553
v -0.079739 0.022120 -0.056428
v -0.080866 0.019543 -0.060630
v 0.018547 -0.046462 0.047701
v 0.021318 -0.046925 0.044800
v 0.014018 -0.045961 0.050892
v 0.020638 -0.121169 -0.008395
v 0.021505 -0.046561 0.045581
v 0.018899 -0.046318 0.048074
v 0.014681 -0.046161 0.051607
v 0.015655 -0.047538 0.052099
v 0.016505 -0.049853 0.052163
v 0.017194 -0.052719 0.051200
v 0.019058 -0.060008 0.048415
v 0.020043 -0.064975 0.047217
v 0.012994 -0.061578 0.051335
v 0.013527 -0.066690 0.051004
v 0.012139 -0.053993 0.054791
v 0.011774 -0.050445 0.056172
v 0.011130 -0.047700 0.055883
v 0.010474 -0.046040 0.054855
v 0.003332 -0.024675 0.058687
v 0.005265 -0.018923 0.059425
v 0.004247 -0.018801 0.061805
v 0.007595 -0.015384 0.067146
v 0.001766 -0.019666 0.064269
v 0.009940 -0.013520 0.066598
v 0.008451 -0.014227 0.068141
v 0.009044 -0.012446 0.068964
v 0.010130 -0.011768 0.067682
v 0.007054 -0.014932 0.069501
v 0.008256 -0.012686 0.070082
v 0.003224 -0.016237 0.071455
v 0.004230 -0.012683 0.073626
v 0.005252 -0.006702 0.073364
v 0.004683 -0.010323 0.074086
v 0.009490 -0.010732 0.069547
v 0.010588 -0.008721 0.068154
v -0.090224 0.017659 -0.063747
v 0.010889 -0.005866 0.065662
v 0.012916 -0.008131 0.061997
v 0.010406 0.130182 -0.043842
v 0.009816 -0.045492 0.053818
v 0.009348 -0.045822 0.052418
v -0.073473 -0.020613 -0.045488
v -0.081790 0.005881 -0.058461
v 0.012739 -0.058443 0.035557
v 0.012843 -0.054088 0.042143
v 0.008522 -0.054034 0.043328
v -0.080344 0.024050 -0.054886
v -0.083801 0.025565 -0.055685
v 0.008458 -0.058791 0.036767
v 0.005145 -0.045683 0.053292
v -0.088284 -0.005429 -0.068137
v -0.090479 0.016166 -0.065866
v -0.088694 0.014745 -0.064723
v -0.081444 0.016219 -0.049322
v -0.075937 -0.011759 -0.062560
v -0.082473 -0.011553 -0.060233
v -0.080974 -0.014056 -0.058625
v -0.075253 -0.013589 -0.061423
v -0.070461 0.001592 -0.056617
v 0.004746 -0.047886 0.047610
v 0.008819 -0.047915 0.046850
v 0.005360 -0.045305 0.055035
v 0.005833 -0.045349 0.056413
v 0.006372 -0.047705 0.057779
v 0.004468 -0.054208 0.043895
v 0.004506 -0.058953 0.037420
v -0.070349 -0.016184 -0.037127
v 0.021810 -0.053238 0.038656
v -0.078056 -0.027062 -0.052539
v -0.079138 -0.025875 -0.054899
v -0.031488 -0.033541 -0.115692
v -0.034837 -0.022404 -0.122204
v -0.089537 -0.005524 -0.070945
v 0.022666 -0.056768 0.032308
v 0.017622 -0.054107 0.040532
v 0.017908 -0.058000 0.034139
v 0.007559 -0.066831 0.053916
v 0.007248 -0.062129 0.053681
v 0.006530 -0.051122 0.058113
v 0.006670 -0.055055 0.056487
v 0.022474 0.114543 -0.112282
v 0.062955 0.076984 -0.005809
v 0.061452 0.070255 0.002150
v -0.082505 0.018000 -0.056541
v 0.054461 0.077941 0.009175
v 0.056370 0.083222 0.001801
v 0.063689 0.084749 -0.014009
v 0.057003 0.089817 -0.005991
v 0.040123 0.121802 -0.063272
v 0.040713 0.121297 -0.048976
v 0.021614 0.127516 -0.045076
v 0.034953 0.121814 -0.077293
v 0.047256 0.113241 -0.086565
v 0.049569 0.116101 -0.067142
v 0.049584 0.116162 -0.051803
v -0.074974 -0.021177 -0.046861
v -0.074069 -0.027115 -0.046223
v -0.072819 -0.026559 -0.044150
v -0.077154 0.008852 -0.055074
v 0.024326 -0.086513 -0.105593
v 0.052330 0.043076 -0.131166
v 0.048263 0.115210 -0.037972
v 0.040053 0.119577 -0.035167
v 0.039522 0.116552 -0.022767
v 0.046951 0.113011 -0.026241
v 0.021464 0.125283 -0.030608
v 0.010369 0.127631 -0.028758
v 0.018098 0.006284 -0.143805
v 0.004282 0.011961 0.059515
v 0.045850 -0.049038 -0.088754
v 0.055109 -0.049296 -0.070960
v 0.056825 -0.100704 -0.048385
v 0.067543 -0.026448 -0.052198
v 0.067123 -0.025973 -0.053149
v 0.058613 -0.064142 -0.052564
v 0.059418 -0.050334 -0.053618
v 0.036664 -0.047979 -0.100667
v 0.077156 -0.015059 -0.062910
v 0.078041 -0.011398 -0.064156
v 0.078509 -0.016016 -0.062619
v 0.079565 -0.012090 -0.063954
v 0.079956 -0.008072 -0.064519
v 0.079260 -0.017939 -0.061939
v 0.077410 0.020127 -0.053251
v 0.078558 0.021706 -0.052458
v -0.076692 -0.017313 -0.063416
v -0.077077 -0.015151 -0.064307
v 0.067413 -0.028536 -0.048001
v 0.067168 -0.027756 -0.049662
v -0.061527 -0.005619 -0.052456
v 0.066750 -0.028175 -0.048726
v 0.066511 -0.028772 -0.047489
v 0.067181 -0.029577 -0.046487
v 0.066490 -0.029431 -0.046365
v 0.077820 0.035740 -0.046565
v 0.065070 -0.028699 -0.049763
v 0.066498 -0.026312 -0.052428
v 0.066736 -0.027234 -0.050967
v 0.065826 -0.028055 -0.049633
v 0.065749 -0.029267 -0.047589
v 0.065793 -0.030226 -0.045888
v 0.066804 -0.030850 -0.045387
v -0.078358 -0.022932 -0.061041
v -0.074503 -0.028329 -0.055516
v -0.059641 -0.078784 -0.050143
v -0.057804 -0.076033 -0.065101
v -0.058418 -0.087415 -0.063055
v -0.058870 -0.091220 -0.048542
v -0.072339 -0.002330 -0.038096
v -0.072480 -0.009593 -0.040868
v -0.071687 -0.010635 -0.038987
v 0.079663 -0.019121 -0.062343
v 0.072277 -0.029951 -0.050778
v -0.024006 -0.102961 -0.001333
v -0.021209 -0.114666 -0.005497
v 0.077551 0.012328 -0.059270
v 0.077467 0.010754 -0.060598
v 0.079941 0.012341 -0.062151
v 0.079966 0.014474 -0.060794
v 0.057481 -0.010402 -0.103572
v 0.059977 0.000555 -0.108930
v 0.011427 -0.084981 -0.110404
v 0.011644 -0.070784 -0.110188
v 0.075093 0.032983 -0.094178
v 0.077698 0.013939 -0.057677
v 0.080120 0.016129 -0.059332
v 0.078659 -0.007356 -0.064497
v 0.077213 0.013070 -0.057419
v 0.076965 0.011509 -0.058972
v 0.081218 0.017747 -0.060873
v 0.081299 0.015581 -0.062523
v 0.081164 0.013270 -0.063879
v 0.076689 0.009866 -0.060574
v -0.070761 -0.015596 -0.032819
v -0.070391 -0.016209 -0.022532
v -0.071988 -0.000469 -0.022619
v -0.071762 -0.005991 -0.032389
v 0.076406 0.018602 -0.060305
v 0.080378 0.063585 -0.070608
v 0.079356 0.057677 -0.084681
v 0.076866 0.080548 -0.074103
v 0.076037 0.075533 -0.089461
v 0.071226 0.069508 -0.105396
v 0.074343 0.050664 -0.100647
v 0.076802 0.019711 -0.054710
v 0.079309 0.022629 -0.052889
v 0.064215 0.091145 -0.021872
v 0.069226 0.086019 -0.029204
v 0.057224 0.095591 -0.013194
v 0.057028 0.100745 -0.019983
v 0.063531 0.097181 -0.028927
v 0.070603 0.090202 -0.041129
v 0.079569 0.054256 -0.055573
v 0.078726 0.069064 -0.056400
v 0.075729 0.073226 -0.042762
v -0.059597 0.030783 0.014240
v -0.061360 0.031450 0.009708
v -0.061935 0.021860 0.009420
v -0.059729 0.022996 0.013396
v 0.075046 0.085604 -0.058425
v 0.066504 0.099356 -0.047543
v 0.070126 0.095680 -0.062205
v 0.059349 0.107797 -0.051465
v 0.061393 0.105748 -0.066173
v 0.061248 0.103183 -0.082246
v 0.071779 0.091690 -0.077425
v 0.061597 0.102579 -0.035170
v 0.055423 0.105450 -0.025457
v 0.056412 0.108853 -0.038729
v 0.053164 0.109450 -0.030034
v 0.073831 0.075082 -0.035481
v 0.062768 -0.034810 -0.045258
v 0.064131 -0.035064 -0.040154
v -0.019400 0.088796 0.032202
v -0.009299 0.089625 0.034479
v -0.009461 0.097111 0.028458
v -0.019820 0.095960 0.025810
v 0.068290 -0.024220 -0.033165
v -0.036694 -0.014236 -0.126605
v -0.038466 -0.003731 -0.131360
v -0.019036 -0.006552 -0.138370
v -0.018040 -0.016278 -0.133172
v 0.068397 0.000780 0.000204
v 0.068379 0.013442 -0.002277
v 0.071342 0.005501 -0.012567
v 0.069580 -0.008034 -0.009261
v -0.020304 0.113118 0.003439
v -0.009750 0.114802 0.006157
v -0.009941 0.119811 -0.003896
v -0.020672 0.117845 -0.006264
v -0.052869 0.002436 0.027016
v -0.054950 -0.003692 0.027184
v -0.051028 -0.004315 0.030931
v -0.049397 0.001882 0.030014
v 0.066998 0.027175 -0.003834
v 0.070616 0.019648 -0.013986
v 0.070936 0.033861 -0.015885
v 0.067253 0.041592 -0.004218
v 0.062137 0.064025 -0.120445
v 0.064227 0.047169 -0.118467
v -0.073880 -0.031744 -0.043278
v -0.072839 -0.030855 -0.041957
v 0.064511 0.034371 -0.116569
v 0.048235 0.058648 0.027231
v -0.010181 0.124090 -0.015664
v -0.021162 0.121925 -0.017620
v 0.021520 0.085223 -0.140593
v 0.046851 0.082432 0.016590
v 0.054686 0.084561 -0.120925
v -0.001301 -0.070466 -0.111949
v 0.041487 0.090539 -0.127520
v 0.070860 0.086793 -0.092571
v 0.067483 0.081501 -0.106136
v 0.059312 0.075091 -0.120999
v 0.063172 0.018173 -0.114362
v 0.047560 0.109206 -0.018602
v 0.056266 0.024620 0.020475
v 0.055471 0.020049 0.019616
v 0.056449 0.029478 0.022006
v 0.053741 0.015228 0.021098
v 0.015222 0.006416 0.044700
v 0.014822 0.004337 0.046676
v 0.014273 0.002061 0.048692
v 0.018317 0.001575 0.044518
v 0.017529 -0.001423 0.046379
v 0.011385 0.001834 0.053702
v 0.011599 0.004644 0.051477
v 0.013872 -0.000867 0.050526
v 0.013459 -0.004094 0.052144
v 0.011224 -0.001264 0.056017
v 0.017347 -0.016517 0.047854
v 0.018348 -0.011767 0.046671
v 0.016015 -0.007559 0.048741
v 0.021196 -0.004314 0.045015
v 0.019963 -0.007708 0.046156
v 0.016714 -0.004209 0.047728
v 0.022527 -0.000960 0.043152
v 0.014415 -0.007462 0.054657
v 0.015623 -0.010646 0.057543
v 0.012055 -0.004736 0.058979
v 0.010354 -0.002588 0.062391
v 0.009602 0.001089 0.059434
v 0.018926 0.003827 0.042691
v 0.023406 0.001719 0.041552
v 0.023471 -0.011240 0.045689
v 0.027997 -0.014661 0.045413
v 0.025476 -0.006788 0.044284
v 0.030001 -0.009649 0.043940
v 0.026861 -0.003159 0.042434
v 0.031369 -0.005703 0.041999
v 0.032206 -0.018384 0.044942
v 0.035820 -0.022482 0.043880
v 0.039159 -0.027570 0.042013
v 0.038752 -0.017367 0.042208
v 0.042508 -0.022891 0.040196
v 0.040736 -0.012274 0.040269
v 0.045168 -0.017323 0.038162
v -0.011758 0.011963 0.043825
v -0.012209 0.013968 0.041011
v -0.015917 0.010663 0.039793
v -0.015475 0.008563 0.042034
v -0.007103 0.061377 0.046022
v -0.008058 0.069390 0.043624
v -0.017017 0.069394 0.042043
v -0.015501 0.061445 0.044865
v 0.034706 -0.013198 0.043334
v 0.036362 -0.008810 0.041301
v 0.032616 -0.001778 0.040180
v 0.028112 0.000154 0.040766
v 0.041923 -0.000750 0.036587
v 0.041780 -0.006517 0.038398
v 0.037252 -0.004010 0.039371
v 0.037777 0.000742 0.037666
v 0.046860 -0.010411 0.036198
v 0.046626 -0.002545 0.034896
v 0.045661 0.002646 0.033372
v 0.031605 0.009403 0.037270
v 0.026601 0.010026 0.037882
v 0.035240 0.009148 0.036230
v 0.041541 0.003455 0.035103
v 0.038068 0.004226 0.036474
v 0.049390 0.010358 0.026890
v 0.047186 0.009504 0.029205
v 0.041497 0.008981 0.033415
v 0.038622 0.008995 0.034957
v 0.044424 0.009196 0.031501
v 0.022034 0.011620 0.037812
v 0.017603 0.013809 0.037672
v 0.054455 -0.062415 -0.068023
v 0.009346 0.004442 0.057075
v 0.009149 0.007543 0.054738
v 0.014684 0.030632 0.040990
v 0.012741 0.027871 0.039518
v 0.007557 0.028055 0.047087
v 0.019060 0.034297 0.043406
v 0.013918 0.016457 0.037686
v -0.020438 0.008002 0.038788
v -0.019693 0.005974 0.040241
v 0.012335 0.018793 0.037631
v 0.011359 0.021946 0.037909
v 0.011409 0.024801 0.038621
v -0.009538 0.103623 0.021732
v -0.020038 0.102318 0.018890
v -0.020714 0.127835 -0.067846
v -0.021176 0.128159 -0.059343
v -0.009918 0.130861 -0.059768
v -0.010992 0.129875 -0.072364
v 0.030967 0.048543 0.044808
v 0.027923 0.041893 0.046392
v 0.058189 0.063734 0.011234
v 0.061917 0.054935 0.007325
v 0.050683 0.044256 0.029625
v 0.053759 0.039982 0.026552
v 0.055769 0.034797 0.023934
v 0.063617 0.043106 0.004487
v 0.064081 0.030546 0.003684
v 0.065152 0.018748 0.004479
v -0.069461 -0.000664 -0.092091
v -0.072732 -0.001920 -0.076915
v -0.075570 0.010138 -0.078381
v -0.073452 0.015891 -0.094787
v 0.048719 0.094165 0.002350
v -0.034754 -0.096075 -0.010805
v -0.032556 -0.108050 -0.013953
v -0.001309 -0.084233 -0.111762
v 0.048639 0.099713 -0.004552
v 0.048241 0.088210 0.009522
v 0.039278 0.112668 -0.013251
v 0.039325 0.108288 -0.004823
v 0.048263 0.104724 -0.011491
v 0.039788 0.103255 0.002520
v 0.040119 0.097715 0.009352
v 0.039657 0.091837 0.016565
v 0.038618 0.085658 0.023447
v 0.037059 0.077116 0.030248
v 0.044468 -0.061427 -0.085845
v 0.007653 -0.006884 0.055250
v 0.006925 -0.006709 0.055792
v -0.052623 0.053183 0.022124
v -0.054606 0.058603 0.017844
v -0.058000 0.051341 0.014034
v -0.055830 0.046932 0.018695
v 0.006493 -0.007506 0.054725
v 0.005856 -0.007230 0.055248
v 0.005322 -0.009044 0.054950
v 0.006818 -0.015942 0.057131
v 0.005543 -0.014095 0.056067
v 0.004857 -0.010744 0.054821
v 0.066483 -0.030631 -0.034900
v -0.005584 0.048603 0.049426
v -0.013026 0.048585 0.048821
v -0.011129 0.042364 0.049161
v -0.004869 0.042221 0.049861
v -0.059506 0.015588 0.013799
v -0.062257 0.012705 0.010919
v -0.061347 0.004570 0.015689
v -0.058354 0.008541 0.017606
v -0.055408 0.003787 0.023754
v -0.057808 -0.002004 0.023373
v -0.018390 0.079028 0.038200
v -0.008745 0.079499 0.040032
v -0.060159 0.041849 0.011031
v -0.058187 0.039122 0.015996
v -0.008989 0.015207 0.046501
v -0.009689 0.016748 0.042840
v -0.006824 0.021862 0.045677
v -0.003520 0.020959 0.051491
v -0.003179 0.024948 0.049968
v -0.006425 0.024901 0.046261
v -0.033263 0.061139 0.037727
v -0.034911 0.068450 0.034366
v -0.042488 0.067114 0.028845
v -0.040865 0.060258 0.032461
v -0.020173 0.107921 0.011635
v -0.009620 0.109404 0.014473
v -0.003732 0.034296 0.049136
v -0.008158 0.034346 0.047443
v -0.006919 0.030976 0.046660
v -0.003573 0.031009 0.048951
v -0.024392 0.004412 0.039551
v -0.025257 0.006667 0.038471
v -0.066257 -0.030913 -0.045803
v -0.067285 -0.031943 -0.045633
v -0.073171 0.015063 -0.034965
v -0.072159 0.004487 -0.033334
v -0.072132 0.012822 -0.023467
v -0.072420 0.025545 -0.025461
v -0.074704 0.037386 -0.028792
v -0.076042 0.045963 -0.033953
v -0.076747 0.030363 -0.041286
v -0.075119 0.024018 -0.037094
v -0.052729 -0.084792 -0.075653
v -0.050329 -0.074573 -0.079008
v -0.003354 0.017707 0.054208
v -0.003280 0.014715 0.056766
v -0.020922 0.035582 -0.149820
v -0.020488 0.021965 -0.147951
v -0.040702 0.025946 -0.139526
v -0.040912 0.038925 -0.140982
v -0.066339 -0.011343 -0.088136
v -0.070203 -0.010805 -0.074185
v -0.010208 -0.012061 0.058514
v -0.007046 -0.007637 0.053842
v -0.007105 -0.011275 0.052790
v -0.006789 -0.008739 0.053876
v -0.010284 -0.014622 0.060161
v -0.012375 -0.015380 0.061396
v -0.007969 -0.014776 0.053540
v -0.007332 -0.014576 0.053918
v -0.006578 -0.010980 0.052999
v -0.008300 -0.007133 0.054510
v -0.001586 -0.018771 0.066875
v -0.002041 -0.017287 0.069817
v -0.005921 -0.015919 0.068489
v -0.004494 -0.017335 0.066393
v -0.004891 -0.008533 0.055166
v -0.003979 -0.010579 0.055776
v -0.005035 -0.012530 0.062967
v -0.006697 -0.008730 0.059076
v -0.007126 -0.006691 0.056312
v -0.006644 -0.011851 0.062169
v -0.005859 -0.017672 0.059225
v -0.008365 -0.011715 0.060529
v -0.078086 -0.017906 -0.053111
v -0.057496 -0.064702 -0.031782
v -0.062075 -0.050090 -0.039454
v -0.060925 -0.050488 -0.045057
v -0.058310 -0.065995 -0.040828
v -0.079695 0.008102 -0.056523
v -0.066564 0.057718 -0.004160
v -0.068136 0.069504 -0.013382
v -0.073408 0.057755 -0.025058
v -0.072793 0.047014 -0.019959
v -0.068603 0.079288 -0.021517
v -0.073892 0.068654 -0.032314
v -0.077164 0.056501 -0.042021
v -0.079095 0.036223 -0.055890
v -0.041364 0.017983 0.032318
v -0.041570 0.017650 0.032231
v -0.040072 0.017216 0.033404
v -0.039931 0.017601 0.033530
v -0.041069 0.018213 0.032115
v -0.039795 0.017806 0.033065
v -0.042119 0.018650 0.031276
v -0.042453 0.018374 0.031472
v -0.042579 0.018021 0.031370
v -0.024764 0.018382 0.035621
v -0.025132 0.018563 0.034887
v -0.027498 0.017990 0.035865
v -0.027371 0.017779 0.036673
v -0.024647 0.018010 0.035902
v -0.027633 0.017275 0.036759
v -0.023808 0.020011 0.029433
v -0.023612 0.020607 0.029462
v -0.024779 0.019123 0.029709
v -0.022615 0.020613 0.032288
v -0.022431 0.021694 0.032367
v -0.023173 0.022208 0.029561
v -0.023397 0.021120 0.029454
v -0.022841 0.020089 0.032469
v -0.021262 0.019814 0.033027
v -0.020949 0.020259 0.032867
v -0.020978 0.021335 0.033032
v -0.032276 0.016225 0.036803
v -0.032605 0.015590 0.036514
v -0.028135 0.016039 0.036696
v -0.027955 0.016669 0.036784
v -0.031978 0.016796 0.036910
v -0.035225 0.016812 0.036207
v -0.035564 0.016270 0.035952
v -0.035830 0.015672 0.035571
v -0.024760 0.016916 0.036085
v -0.024687 0.017523 0.036037
v -0.036071 0.014982 0.035157
v -0.032849 0.014863 0.036098
v -0.028290 0.015262 0.036461
v -0.024678 0.016346 0.036143
v -0.021518 0.017739 0.035445
v -0.021947 0.018134 0.035347
v -0.033030 0.014068 0.035807
v -0.032935 0.013231 0.035719
v -0.028153 0.013633 0.036332
v -0.028283 0.014428 0.036290
v -0.036223 0.014172 0.034783
v -0.036168 0.013259 0.034669
v -0.044261 0.018239 0.029631
v -0.044839 0.018747 0.028946
v -0.044946 0.017996 0.028773
v -0.044637 0.017531 0.029130
v -0.047440 0.014896 0.025443
v -0.048346 0.016253 0.024642
v -0.050337 0.015029 0.023063
v -0.049123 0.013619 0.024334
v -0.057295 0.005619 0.020575
v -0.051065 0.011133 0.023580
v -0.052391 0.012674 0.021564
v -0.043581 0.017807 0.030357
v -0.042764 0.017495 0.031170
v -0.043425 0.018399 0.030559
v -0.044089 0.018832 0.029877
v -0.044023 0.017150 0.029862
v -0.043118 0.016821 0.030831
v -0.041795 0.017154 0.032047
v -0.042107 0.016471 0.031759
v -0.040562 0.016054 0.032963
v -0.040302 0.016697 0.033192
v -0.038132 0.016419 0.034557
v -0.037891 0.016937 0.034815
v -0.038405 0.015793 0.034240
v -0.040843 0.015327 0.032714
v -0.038763 0.015087 0.033915
v -0.042502 0.015729 0.031333
v -0.043598 0.016125 0.030254
v -0.044442 0.016538 0.029247
v -0.045102 0.016958 0.028482
v -0.045518 0.017615 0.027992
v -0.044962 0.015784 0.028377
v -0.045523 0.015014 0.027534
v -0.044311 0.014486 0.028885
v -0.044014 0.015346 0.029535
v -0.045779 0.016329 0.027470
v -0.046482 0.015663 0.026457
v -0.042795 0.015002 0.030857
v -0.042971 0.014172 0.030332
v -0.041091 0.013778 0.031966
v -0.041016 0.014680 0.032438
v -0.039041 0.014354 0.033593
v -0.039109 0.013444 0.033229
v -0.031798 0.017253 0.036896
v -0.031642 0.017547 0.036263
v -0.034867 0.017539 0.035696
v -0.035032 0.017230 0.036319
v -0.037687 0.017337 0.034908
v -0.037653 0.017624 0.034389
v -0.034938 0.016423 0.033297
v -0.034004 0.017234 0.029201
v -0.036894 0.017259 0.028442
v -0.038270 0.016620 0.032226
v -0.031145 0.016276 0.033725
v -0.030661 0.017572 0.029770
v -0.027469 0.016843 0.033819
v -0.027378 0.018303 0.029857
v -0.024992 0.018421 0.033520
v -0.033688 0.029510 0.036137
v -0.033839 0.029701 0.036549
v -0.038579 0.028980 0.035793
v -0.038195 0.028722 0.035304
v -0.051530 -0.000659 -0.121404
v -0.052789 0.014372 -0.126907
v -0.040154 0.010024 -0.136156
v -0.041138 0.026750 0.034402
v -0.041139 0.027383 0.034160
v -0.043397 0.026267 0.032648
v -0.043225 0.025613 0.032857
v -0.041096 0.025940 0.034542
v -0.043050 0.024801 0.032780
v -0.038129 0.027072 0.036154
v -0.038165 0.027846 0.036028
v -0.038134 0.028342 0.035570
v -0.043596 0.023557 0.028068
v -0.042596 0.025055 0.028851
v -0.042360 0.023699 0.031382
v -0.043188 0.022757 0.030265
v -0.044120 0.022855 0.027376
v -0.043732 0.022055 0.029373
v -0.043346 0.023369 0.023926
v -0.042528 0.024099 0.024584
v -0.041300 0.024992 0.025549
v -0.043806 0.022665 0.023550
v -0.044048 0.021909 0.023420
v -0.043977 0.021076 0.023369
v -0.043705 0.020288 0.023683
v -0.059921 -0.010411 0.020814
v -0.059892 0.000622 0.019626
v -0.062364 -0.007280 0.016505
v -0.043204 0.018816 0.030700
v -0.043875 0.019292 0.029982
v -0.042767 0.019123 0.030602
v -0.043187 0.019480 0.030055
v -0.044358 0.019796 0.029208
v -0.044754 0.019351 0.029080
v -0.041679 0.017361 0.029969
v -0.041113 0.017957 0.026633
v -0.042229 0.018468 0.025734
v -0.042617 0.018276 0.028768
v -0.040497 0.016810 0.030968
v -0.039338 0.017503 0.027566
v -0.042861 0.019002 0.024963
v -0.043367 0.019642 0.024205
v -0.043222 0.018806 0.028137
v -0.043689 0.019369 0.027327
v -0.043627 0.019935 0.029375
v -0.044283 0.020738 0.026588
v -0.044373 0.021365 0.026654
v -0.043948 0.020355 0.028644
v -0.044309 0.020896 0.027980
v -0.044068 0.020122 0.026751
v -0.044341 0.022127 0.026898
v -0.044080 0.021441 0.028518
v -0.045228 0.018735 0.028418
v -0.045164 0.019791 0.028379
v -0.045975 0.020751 0.027437
v -0.045787 0.018565 0.027646
v -0.046722 0.018449 0.026556
v -0.046323 0.017138 0.026852
v -0.047120 0.021162 0.026658
v -0.048249 0.021560 0.025795
v -0.047769 0.018404 0.025461
v -0.047152 0.016818 0.025821
v -0.044735 0.020219 0.028528
v -0.045060 0.020755 0.028009
v -0.046557 0.022387 0.027890
v -0.047300 0.023141 0.027490
v -0.045517 0.021800 0.028419
v -0.044981 0.022678 0.029684
v -0.045828 0.023447 0.029533
v -0.046315 0.024190 0.029354
v -0.044772 0.024457 0.031159
v -0.045142 0.025160 0.030985
v -0.044185 0.023702 0.031118
v -0.044666 0.021528 0.028748
v -0.044218 0.022228 0.029648
v -0.043528 0.023041 0.030795
v -0.042659 0.023926 0.032121
v -0.040977 0.025200 0.034073
v -0.040737 0.024926 0.033292
v -0.038068 0.026252 0.035756
v -0.037990 0.025963 0.035033
v -0.034308 0.030454 0.037602
v -0.039665 0.029981 0.036686
v -0.037952 0.027368 0.032048
v -0.036211 0.026459 0.028683
v -0.033623 0.026775 0.030074
v -0.034478 0.027950 0.033822
v -0.022615 0.022429 0.032607
v -0.023026 0.023616 0.033182
v -0.023611 0.024229 0.030197
v -0.023081 0.023044 0.029684
v -0.021749 0.022068 0.033518
v -0.022874 0.023263 0.034219
v -0.026600 0.026880 0.034827
v -0.027227 0.026183 0.030962
v -0.024622 0.025621 0.030706
v -0.024269 0.025396 0.034091
v -0.027463 0.025768 0.036142
v -0.024694 0.024475 0.035174
v -0.034425 0.026616 0.036203
v -0.022113 0.071428 -0.146745
v -0.021728 0.055785 -0.149906
v -0.041161 0.057599 -0.141069
v -0.041095 0.071198 -0.138520
v -0.041013 0.026436 0.030221
v -0.039067 0.025854 0.027134
v -0.051108 0.072351 -0.130889
v -0.050233 0.081016 -0.127991
v -0.041441 0.082856 -0.133381
v -0.037412 -0.062257 -0.097748
v -0.027280 -0.072699 -0.104382
v -0.020976 0.021802 0.034693
v -0.022423 0.023015 0.035238
v -0.019981 0.020973 0.034249
v -0.018849 0.020849 0.034514
v -0.019756 0.021959 0.034837
v -0.021270 0.023444 0.035411
v -0.024263 0.024481 0.035982
v -0.023348 0.025056 0.036326
v -0.026534 0.026751 0.037272
v -0.027226 0.026022 0.036953
v -0.034187 0.026803 0.037028
v -0.033892 0.027654 0.037182
v -0.025873 0.027462 0.037015
v -0.022687 0.025751 0.036012
v -0.025319 0.028099 0.036474
v -0.022342 0.026590 0.035576
v -0.033598 0.029106 0.036538
v -0.033679 0.028461 0.037039
v -0.022126 0.018489 0.035203
v -0.019240 0.019184 0.034740
v -0.022425 0.018906 0.034765
v -0.020268 0.019519 0.034397
v -0.023365 0.019136 0.033922
v -0.019660 0.019938 0.034247
v -0.018634 0.019702 0.034554
v -0.023331 0.019382 0.032751
v -0.018768 0.022274 0.034445
v -0.017764 0.020790 0.034464
v -0.017512 0.022649 0.034089
v -0.016557 0.020819 0.034279
v -0.019466 0.024822 0.034457
v -0.020376 0.024077 0.034968
v -0.017562 0.019458 0.034585
v -0.018129 0.018858 0.034810
v -0.016484 0.019328 0.034513
v -0.017180 0.018552 0.034736
v -0.024438 0.015745 0.036194
v -0.024105 0.015055 0.036263
v -0.020872 0.017193 0.035575
v -0.020210 0.016641 0.035605
v -0.032644 0.012160 0.035630
v -0.035917 0.012278 0.034593
v -0.032132 0.010894 0.035700
v -0.035567 0.010795 0.034575
v -0.027223 0.011479 0.036572
v -0.027781 0.012640 0.036384
v -0.032673 -0.116080 -0.015292
v -0.046243 0.014046 0.026811
v -0.047553 0.012469 0.026159
v -0.045857 0.011731 0.027918
v -0.044827 0.013533 0.028295
v -0.043256 0.013101 0.029821
v -0.043751 0.011199 0.029806
v -0.041299 0.010982 0.031555
v -0.041235 0.012705 0.031525
v -0.038994 0.012473 0.033031
v -0.038776 0.010874 0.033059
v -0.049259 0.017910 0.024050
v -0.050364 0.021342 0.023801
v -0.051192 0.016899 0.022328
v -0.052685 0.020788 0.021596
v -0.015948 0.023463 0.034441
v -0.015174 0.021183 0.034231
v -0.013785 0.024253 0.035661
v -0.013394 0.021723 0.035176
v -0.015262 0.027180 0.036845
v -0.017468 0.026409 0.035373
v -0.015508 0.019280 0.034444
v -0.016210 0.018172 0.034661
v -0.014101 0.019139 0.034938
v -0.015177 0.017617 0.035081
v -0.023534 0.014094 0.036311
v -0.022892 0.013002 0.036469
v -0.019449 0.015925 0.035641
v -0.018492 0.015039 0.035939
v -0.049641 -0.011741 -0.116356
v -0.053652 0.030178 -0.129867
v -0.047153 0.034139 0.034459
v -0.044849 0.031215 0.035197
v -0.041222 0.032246 0.037423
v -0.043099 0.035725 0.037704
v -0.049346 0.038718 0.032447
v -0.051893 0.035442 0.029398
v -0.049756 0.032028 0.031388
v -0.047471 0.029677 0.032619
v -0.051240 0.024230 0.024800
v -0.049468 0.024220 0.026390
v -0.049573 0.025972 0.027947
v -0.051381 0.026599 0.026505
v -0.053556 0.024339 0.022464
v -0.053961 0.027806 0.024238
v -0.050838 0.029039 0.028764
v -0.048808 0.027725 0.030160
v -0.053214 0.031292 0.026898
v -0.023248 0.032039 0.039214
v -0.024180 0.030709 0.037563
v -0.021138 0.028644 0.036094
v -0.019385 0.029262 0.037177
v -0.021926 0.033387 0.040454
v -0.017320 0.029935 0.038377
v -0.036634 0.036836 0.040593
v -0.035342 0.032986 0.039212
v -0.024900 0.028530 0.036034
v -0.022535 0.027096 0.035610
v -0.024756 0.028852 0.036095
v -0.022436 0.027428 0.035519
v -0.058798 0.091931 -0.110049
v -0.060999 0.097981 -0.097555
v -0.044372 0.108690 -0.103861
v -0.043580 0.101248 -0.116174
v -0.041244 0.027639 0.034062
v -0.041595 0.027959 0.034553
v -0.044079 0.026989 0.032865
v -0.043579 0.026589 0.032581
v -0.045462 0.025617 0.030899
v -0.046045 0.026039 0.030980
v -0.047288 0.025091 0.029171
v -0.046688 0.024712 0.029244
v -0.047359 0.024076 0.028016
v -0.047891 0.024021 0.027586
v -0.022130 0.028129 0.035821
v -0.024607 0.029383 0.036531
v -0.052552 0.060408 -0.132103
v -0.044390 0.074690 0.023827
v -0.051476 0.071070 0.017170
v -0.049308 0.064477 0.022795
v -0.042801 0.029086 0.035199
v -0.045447 0.028019 0.033086
v -0.047228 0.026795 0.030877
v -0.048249 0.025515 0.028958
v -0.048638 0.024579 0.027624
v -0.071010 -0.013465 -0.038940
v -0.071657 -0.013508 -0.040773
v -0.079676 -0.003724 -0.065775
v -0.078111 0.002785 -0.064864
v -0.076880 0.006294 -0.063814
v -0.077712 0.015067 -0.050778
v -0.081700 0.018160 -0.053646
v -0.082300 -0.021968 -0.059865
v -0.079144 -0.023800 -0.056025
v -0.082328 -0.021054 -0.060526
v -0.088045 0.014873 -0.064926
v -0.088326 0.013275 -0.066340
v -0.089057 0.013127 -0.066270
v -0.042975 -0.033111 -0.105871
v -0.047217 -0.020538 -0.112168
v -0.088860 0.011242 -0.067806
v -0.073740 -0.008822 -0.043276
v -0.080734 -0.004260 -0.066152
v -0.082393 -0.004788 -0.067987
v -0.082660 -0.009802 -0.068402
v -0.082212 -0.009313 -0.067287
v -0.081671 -0.014653 -0.066453
v -0.081391 -0.013742 -0.065699
v -0.084006 -0.018360 -0.063184
v -0.086257 -0.014905 -0.065163
v -0.082874 0.018687 -0.054686
v -0.082049 0.017711 -0.053113
v -0.083582 0.018409 -0.054946
v -0.074390 -0.010004 -0.044727
v -0.075950 0.013425 -0.050517
v -0.075503 0.011179 -0.049433
v -0.075074 0.011460 -0.049913
v -0.070351 -0.004968 -0.048975
v -0.070381 -0.004009 -0.049099
v -0.071536 -0.006408 -0.048430
v -0.074184 -0.008008 -0.047092
v -0.067725 -0.015602 -0.047182
v -0.066934 -0.016982 -0.049516
v -0.067498 -0.018007 -0.048673
v -0.085068 0.025330 -0.058784
v -0.075645 0.010236 -0.049203
v -0.077035 0.011333 -0.049269
v -0.077363 0.012508 -0.049564
v -0.084421 0.018112 -0.055247
v -0.077441 0.013404 -0.049883
v -0.076780 0.013323 -0.049789
v -0.078383 0.014890 -0.050659
v -0.076206 0.013182 -0.050027
v -0.073976 -0.011623 -0.061413
v -0.072753 -0.012158 -0.059449
v -0.072917 0.007533 -0.039558
v -0.073500 0.005176 -0.042151
v -0.078122 -0.024450 -0.053864
v -0.076110 0.013899 -0.060212
v -0.076166 0.016365 -0.061209
v -0.087417 -0.010098 -0.067084
v -0.080400 -0.015519 -0.056783
v -0.078326 -0.016239 -0.054867
v -0.082325 -0.014456 -0.058584
v -0.083889 -0.011928 -0.060219
v -0.071070 0.004295 -0.055036
v -0.082510 0.007898 -0.059193
v -0.083166 0.005834 -0.060601
v -0.081107 0.007869 -0.057512
v -0.077358 0.019866 -0.059163
v -0.077048 0.019856 -0.056938
v -0.077901 0.014235 -0.057676
v -0.076315 0.018318 -0.056543
v -0.069769 -0.012142 -0.047618
v -0.069531 -0.018267 -0.051165
v -0.068457 -0.016136 -0.051875
v -0.070619 -0.018147 -0.052100
v -0.069910 -0.017329 -0.053474
v -0.070472 -0.015844 -0.055245
v -0.071227 -0.013957 -0.056641
v -0.070932 -0.011358 -0.057510
v -0.069353 -0.008069 -0.048508
v -0.077576 0.019566 -0.046316
v -0.068841 -0.009923 -0.048255
v -0.070685 -0.006352 -0.048644
v -0.070871 -0.008141 -0.048167
v -0.070603 -0.010131 -0.047736
v -0.075465 -0.018897 -0.048278
v -0.076264 -0.017401 -0.050889
v -0.074036 -0.018129 -0.047601
v -0.077061 -0.016795 -0.053032
v -0.072835 -0.017816 -0.047270
v -0.075941 0.015207 -0.058513
v -0.076231 0.018270 -0.058427
v -0.071445 -0.009970 -0.036798
v -0.064447 -0.002045 0.011502
v -0.065785 0.007542 0.006004
v -0.025967 -0.051207 0.031117
v -0.024903 -0.054220 0.031471
v -0.056684 -0.013304 0.025320
v -0.052043 -0.015897 0.030594
v -0.024762 -0.045916 0.043898
v -0.024063 -0.046622 0.044111
v -0.023156 -0.046120 0.044367
v -0.023881 -0.045735 0.043989
v -0.021786 -0.047262 0.043546
v -0.022657 -0.047375 0.042858
v -0.022798 -0.047233 0.043049
v -0.022018 -0.047125 0.043737
v -0.028870 -0.030904 0.045053
v -0.032478 -0.026800 0.043628
v -0.034748 -0.031115 0.042587
v -0.031266 -0.034515 0.044209
v -0.024652 -0.046543 0.037739
v -0.024406 -0.045255 0.038019
v -0.023099 -0.045250 0.040986
v -0.023591 -0.045799 0.040760
v -0.024378 -0.049345 0.037795
v -0.023365 -0.047180 0.040622
v -0.026512 -0.047182 0.031085
v -0.025737 -0.044960 0.031366
v -0.033952 -0.052302 0.039486
v -0.030255 -0.050054 0.041110
v -0.031228 -0.046927 0.041811
v -0.034879 -0.047670 0.040112
v -0.024922 -0.019260 0.044812
v -0.028971 -0.023015 0.044438
v -0.025608 -0.027028 0.045524
v -0.021849 -0.022770 0.045569
v -0.018237 -0.018056 0.046382
v -0.021067 -0.015351 0.045250
v -0.016907 -0.010476 0.050320
v -0.017429 -0.014110 0.051451
v -0.016776 -0.015065 0.054795
v -0.017208 -0.012936 0.053633
v -0.014862 -0.018863 0.053022
v -0.017532 -0.016299 0.049908
v -0.011005 -0.020114 0.053441
v -0.010621 -0.019415 0.054461
v -0.015012 -0.019404 0.051411
v -0.015312 -0.020398 0.049461
v -0.011439 -0.020830 0.052286
v -0.009939 -0.018459 0.055520
v -0.012640 -0.018412 0.055488
v -0.014414 -0.016609 0.057092
v -0.003982 -0.018113 0.064145
v -0.005201 -0.016852 0.066037
v -0.008903 0.013076 0.049657
v -0.011723 0.009552 0.046553
v -0.008889 0.010392 0.051951
v -0.011689 0.007268 0.048871
v -0.013513 -0.014588 0.060929
v -0.015034 -0.012647 0.059215
v -0.011211 -0.013448 0.064699
v -0.012220 -0.010767 0.064237
v -0.003272 0.028091 0.049282
v -0.001944 -0.021522 0.059988
v -0.002191 -0.022195 0.059431
v -0.001657 -0.020501 0.061956
v -0.022728 0.094246 -0.134446
v -0.023094 0.106550 -0.123158
v -0.022057 0.119944 -0.100030
v -0.019746 0.124461 -0.087629
v -0.005464 -0.038524 0.059597
v -0.005023 -0.036005 0.059516
v -0.012344 -0.039412 0.046337
v -0.006759 -0.039214 0.047422
v -0.006385 -0.042943 0.049506
v -0.011674 -0.042983 0.048370
v -0.015862 -0.043145 0.046664
v -0.016797 -0.039704 0.044723
v -0.012934 -0.035898 0.040596
v -0.007195 -0.035597 0.041726
v -0.011571 -0.045040 0.052337
v -0.006329 -0.044999 0.054516
v -0.006221 -0.043196 0.056819
v -0.011655 -0.043597 0.054081
v -0.017967 -0.024769 0.048043
v -0.013926 -0.024124 0.050640
v -0.009704 -0.024081 0.054155
v -0.006385 -0.024306 0.056806
v -0.005720 -0.022252 0.057268
v -0.008274 -0.021545 0.054990
v -0.005423 -0.021426 0.057764
v -0.007923 -0.020779 0.055697
v -0.007726 -0.020056 0.056298
v -0.008340 -0.018660 0.056741
v -0.006513 -0.018905 0.057991
v -0.007130 -0.017669 0.057660
v -0.005347 -0.020611 0.058103
v -0.003601 0.004642 0.064652
v -0.003336 0.008290 0.061860
v -0.009644 -0.034298 0.057506
v -0.004710 -0.033886 0.058938
v -0.004116 -0.029802 0.058244
v -0.008520 -0.029790 0.056869
v -0.013111 -0.030482 0.054432
v -0.014697 -0.035899 0.054875
v -0.002506 -0.022944 0.058905
v -0.010017 -0.036430 0.057768
v -0.010341 -0.038900 0.057525
v -0.015194 -0.038184 0.054945
v -0.015480 -0.040367 0.054516
v -0.019435 -0.038282 0.051668
v -0.018436 -0.032366 0.051472
v -0.024089 -0.034372 0.048111
v -0.023409 -0.040875 0.048312
v -0.031138 -0.043883 0.042942
v -0.026136 -0.046116 0.043540
v -0.026336 -0.044883 0.044202
v -0.026014 -0.043720 0.045155
v -0.030274 -0.040856 0.044307
v -0.034630 -0.043188 0.041387
v -0.033449 -0.038678 0.042831
v -0.028204 -0.037799 0.045895
v -0.025283 -0.042493 0.046340
v -0.024921 -0.045234 0.044456
v -0.023976 -0.045420 0.044348
v -0.024710 -0.044559 0.045307
v -0.023720 -0.045124 0.045062
v -0.024102 -0.043937 0.046341
v -0.023263 -0.044864 0.045904
v -0.022380 -0.044354 0.047155
v -0.022956 -0.042941 0.047883
v -0.022028 -0.045551 0.043369
v -0.021026 -0.045543 0.044445
v -0.021098 -0.045597 0.045221
v -0.021993 -0.045608 0.044152
v -0.022655 -0.045511 0.042828
v -0.022522 -0.045541 0.043536
v -0.022480 -0.044727 0.041834
v -0.021109 -0.044026 0.043238
v -0.023217 -0.047476 0.042178
v -0.023144 -0.047296 0.042737
v -0.023104 -0.045567 0.043971
v -0.022977 -0.045456 0.044413
v -0.022484 -0.045387 0.045125
v -0.021657 -0.045237 0.046140
v -0.015509 -0.042312 0.053355
v -0.019085 -0.042257 0.051142
v -0.018813 -0.043889 0.049754
v -0.015421 -0.044367 0.051304
v -0.018452 -0.045027 0.048204
v -0.017552 -0.036223 0.039173
v -0.015123 -0.045151 0.050081
v -0.020194 -0.040623 0.042710
v -0.021138 -0.037917 0.036462
v -0.018936 -0.043549 0.044668
v -0.023894 -0.043874 0.038843
v -0.022229 -0.042291 0.040841
v -0.025210 -0.043250 0.032254
v -0.023311 -0.040231 0.034632
v -0.018342 -0.045484 0.046902
v -0.019387 -0.040465 0.051642
v -0.010891 -0.041225 0.056184
v -0.005721 -0.040765 0.058439
v -0.004286 -0.003074 0.070932
v -0.004047 0.001062 0.067668
v -0.022487 -0.046652 0.044367
v -0.010856 -0.124631 -0.003362
v -0.025418 -0.047287 0.043531
v -0.023571 -0.051484 0.037779
v -0.022544 -0.048168 0.040784
v -0.031064 -0.056684 0.040135
v -0.026512 -0.060851 0.042865
v -0.024242 -0.056887 0.044735
v -0.028004 -0.053346 0.041935
v -0.021528 -0.050541 0.047077
v -0.023972 -0.048806 0.044696
v -0.022786 -0.047480 0.045475
v -0.020538 -0.048428 0.047775
v -0.019585 -0.046854 0.048148
v -0.021864 -0.046440 0.045674
v -0.017662 -0.046616 0.047391
v -0.013301 -0.046164 0.050326
v -0.012754 -0.048208 0.045568
v -0.017464 -0.048577 0.043646
v -0.020991 -0.048489 0.041756
v -0.020866 -0.047098 0.044463
v -0.018283 -0.046501 0.047592
v -0.021131 -0.046965 0.044702
v -0.013639 -0.045996 0.050760
v -0.021274 -0.121293 -0.008191
v -0.021365 -0.046608 0.045443
v -0.018687 -0.046416 0.047926
v -0.014360 -0.046341 0.051411
v -0.015436 -0.047308 0.051894
v -0.016403 -0.049574 0.051997
v -0.017208 -0.052403 0.051089
v -0.019166 -0.059572 0.048214
v -0.020203 -0.064487 0.046941
v -0.013083 -0.061290 0.051050
v -0.013557 -0.066354 0.050678
v -0.011982 -0.053762 0.054568
v -0.011554 -0.050229 0.055881
v -0.010801 -0.047577 0.055575
v -0.010070 -0.046323 0.054619
v -0.003038 -0.024643 0.058317
v -0.005280 -0.018956 0.059277
v -0.004164 -0.018855 0.061682
v -0.007267 -0.015366 0.066876
v -0.001479 -0.019701 0.064223
v -0.009675 -0.013574 0.066360
v -0.008074 -0.014242 0.067887
v -0.008677 -0.012522 0.068763
v -0.009828 -0.011832 0.067467
v -0.006514 -0.014864 0.069213
v -0.007736 -0.012750 0.069869
v -0.002367 -0.016040 0.071197
v -0.003168 -0.012593 0.073287
v -0.004104 -0.006844 0.072971
v -0.003548 -0.010348 0.073712
v -0.009021 -0.010818 0.069357
v -0.010194 -0.008782 0.067950
v -0.010593 -0.005881 0.065429
v -0.012783 -0.008105 0.061736
v -0.010430 0.130148 -0.043836
v -0.009369 -0.045521 0.053682
v -0.008882 -0.045840 0.052368
v -0.012687 -0.058386 0.035555
v -0.012699 -0.054030 0.042129
v -0.008276 -0.054010 0.043300
v -0.008314 -0.058782 0.036740
v -0.004643 -0.045690 0.053297
v -0.004377 -0.047809 0.047618
v -0.008482 -0.047820 0.046839
v -0.004841 -0.045318 0.054983
v -0.005325 -0.045347 0.056240
v -0.005901 -0.047681 0.057489
v -0.004205 -0.054182 0.043880
v -0.004308 -0.058950 0.037401
v -0.021840 -0.053019 0.038711
v -0.022768 -0.056536 0.032370
v -0.017578 -0.053975 0.040559
v -0.017958 -0.057848 0.034177
v -0.007463 -0.066694 0.053349
v -0.007107 -0.061929 0.053141
v -0.006123 -0.051011 0.057737
v -0.006499 -0.054887 0.056182
v -0.022969 0.114508 -0.112294
v -0.062825 0.076813 -0.005993
v -0.061277 0.070060 0.001869
v -0.054296 0.077751 0.008965
v -0.056231 0.083052 0.001640
v -0.063589 0.084591 -0.014150
v -0.056892 0.089664 -0.006105
v -0.040270 0.121729 -0.063274
v -0.040795 0.121218 -0.048974
v -0.021642 0.127461 -0.045068
v -0.035183 0.121753 -0.077300
v -0.047568 0.113163 -0.086588
v -0.049766 0.116010 -0.067162
v -0.049695 0.116068 -0.051814
v -0.026807 -0.086882 -0.105723
v -0.053535 0.042916 -0.131300
v -0.048317 0.115112 -0.037980
v -0.040084 0.119492 -0.035165
v -0.039510 0.116461 -0.022769
v -0.046960 0.112907 -0.026250
v -0.021454 0.125229 -0.030603
v -0.010341 0.127602 -0.028756
v -0.020012 0.006196 -0.143871
v -0.003201 0.011767 0.059179
v -0.048370 -0.049429 -0.088883
v -0.057640 -0.049726 -0.071095
v -0.058412 -0.101098 -0.048289
v -0.068765 -0.026658 -0.053881
v -0.068533 -0.026296 -0.054809
v -0.060674 -0.064549 -0.052685
v -0.061527 -0.050703 -0.053853
v -0.039177 -0.048277 -0.100777
v -0.078563 -0.015418 -0.064507
v -0.079442 -0.011845 -0.065698
v -0.079548 -0.016129 -0.064183
v -0.080623 -0.012303 -0.065553
v -0.080820 -0.008314 -0.066188
v -0.080013 -0.017888 -0.063586
v -0.077467 0.020090 -0.054228
v -0.078585 0.021714 -0.053531
v -0.068318 -0.028294 -0.049590
v -0.068160 -0.027673 -0.051301
v -0.067736 -0.027910 -0.050205
v -0.067533 -0.028482 -0.048993
v -0.068059 -0.029223 -0.048061
v -0.067500 -0.029068 -0.047819
v -0.077836 0.035642 -0.047064
v -0.066314 -0.028734 -0.050964
v -0.067980 -0.026648 -0.053981
v -0.067932 -0.027331 -0.052531
v -0.067006 -0.027973 -0.051042
v -0.066530 -0.028798 -0.048880
v -0.066600 -0.029726 -0.047179
v -0.067787 -0.030458 -0.046884
v -0.080173 -0.018944 -0.064099
v -0.072703 -0.029712 -0.052786
v -0.077936 0.012396 -0.060718
v -0.078054 0.010705 -0.062016
v -0.080074 0.012432 -0.063769
v -0.079923 0.014663 -0.062408
v -0.059466 -0.010793 -0.103968
v -0.061730 0.000227 -0.109262
v -0.014013 -0.085170 -0.110473
v -0.014262 -0.070926 -0.110255
v -0.076192 0.032707 -0.094550
v -0.077929 0.014043 -0.059109
v -0.079962 0.016380 -0.060915
v -0.079847 -0.007819 -0.066011
v -0.077667 0.013062 -0.058763
v -0.077645 0.011443 -0.060310
v -0.080878 0.018112 -0.062609
v -0.080966 0.015903 -0.064321
v -0.081060 0.013438 -0.065714
v -0.077601 0.009669 -0.061909
v -0.077070 0.018441 -0.061049
v -0.080689 0.063433 -0.070827
v -0.079907 0.057506 -0.084904
v -0.077123 0.080408 -0.074237
v -0.076477 0.075388 -0.089603
v -0.071887 0.069356 -0.105537
v -0.075211 0.050469 -0.100866
v -0.076980 0.019665 -0.055678
v -0.079312 0.022761 -0.054197
v -0.064152 0.090999 -0.021967
v -0.069186 0.085871 -0.029314
v -0.057143 0.095451 -0.013271
v -0.056982 0.100616 -0.020033
v -0.063509 0.097045 -0.028994
v -0.070619 0.090062 -0.041226
v -0.079725 0.054115 -0.055898
v -0.078859 0.068917 -0.056610
v -0.075747 0.073076 -0.042946
v -0.075164 0.085467 -0.058535
v -0.066584 0.099230 -0.047601
v -0.070270 0.095557 -0.062265
v -0.059478 0.107687 -0.051497
v -0.061583 0.105637 -0.066217
v -0.061524 0.103077 -0.082291
v -0.071998 0.091565 -0.077500
v -0.061622 0.102454 -0.035215
v -0.055416 0.105330 -0.025487
v -0.056481 0.108741 -0.038754
v -0.053192 0.109338 -0.030054
v -0.073795 0.074928 -0.035633
v -0.064537 -0.034953 -0.046002
v -0.066014 -0.035012 -0.041100
v -0.069384 -0.023887 -0.034293
v -0.068474 0.000779 -0.000708
v -0.068399 0.013401 -0.003113
v -0.071572 0.005411 -0.013496
v -0.069927 -0.007982 -0.010280
v -0.066998 0.027006 -0.004610
v -0.070653 0.019556 -0.014854
v -0.070840 0.033633 -0.016635
v -0.067101 0.041345 -0.004875
v -0.063001 0.063875 -0.120571
v -0.065259 0.046996 -0.118624
v -0.065692 0.034155 -0.116789
v -0.047677 0.058344 0.026686
v -0.022470 0.085182 -0.140616
v -0.046632 0.082238 0.016407
v -0.055319 0.084466 -0.120977
v -0.042195 0.090471 -0.127552
v -0.071211 0.086670 -0.092654
v -0.068013 0.081381 -0.106216
v -0.060032 0.074969 -0.121084
v -0.064610 0.017898 -0.114652
v -0.047530 0.109095 -0.018621
v -0.055842 0.024228 0.019505
v -0.054993 0.019660 0.018572
v -0.056201 0.029050 0.021086
v -0.053331 0.014820 0.020033
v -0.015192 0.006387 0.044164
v -0.014797 0.004327 0.046204
v -0.014294 0.002052 0.048199
v -0.018288 0.001537 0.043925
v -0.017554 -0.001468 0.045727
v -0.011444 0.001852 0.053394
v -0.011590 0.004646 0.051109
v -0.014029 -0.000857 0.050119
v -0.013783 -0.004080 0.051830
v -0.011422 -0.001226 0.055719
v -0.017866 -0.016476 0.047621
v -0.018897 -0.011753 0.046289
v -0.016514 -0.007545 0.048425
v -0.021171 -0.004361 0.044225
v -0.020146 -0.007747 0.045427
v -0.016934 -0.004238 0.047163
v -0.022455 -0.000990 0.042487
v -0.014658 -0.007471 0.054406
v -0.015537 -0.010652 0.057270
v -0.012131 -0.004721 0.058710
v -0.010213 -0.002579 0.062146
v -0.009521 0.001096 0.059173
v -0.018908 0.003780 0.042093
v -0.023451 0.001723 0.041027
v -0.023615 -0.011242 0.044858
v -0.028112 -0.014620 0.044528
v -0.025449 -0.006800 0.043443
v -0.029925 -0.009605 0.043054
v -0.026825 -0.003137 0.041800
v -0.031249 -0.005688 0.041188
v -0.032169 -0.018259 0.043956
v -0.035646 -0.022258 0.042819
v -0.038780 -0.027189 0.041037
v -0.038438 -0.017135 0.041223
v -0.042156 -0.022554 0.039226
v -0.040405 -0.012116 0.039267
v -0.044768 -0.017047 0.037171
v -0.034492 -0.013067 0.042377
v -0.036111 -0.008738 0.040350
v -0.032467 -0.001839 0.039353
v -0.028113 0.000183 0.040241
v -0.041559 -0.000901 0.035362
v -0.041361 -0.006460 0.037328
v -0.036928 -0.004067 0.038301
v -0.037471 0.000505 0.036402
v -0.046402 -0.010241 0.035153
v -0.046114 -0.002530 0.033767
v -0.045301 0.002487 0.032236
v -0.031387 0.009160 0.036244
v -0.026536 0.009830 0.037064
v -0.035014 0.008801 0.035061
v -0.041188 0.003191 0.033840
v -0.037736 0.003932 0.035180
v -0.049114 0.009950 0.025866
v -0.046909 0.009095 0.028125
v -0.041251 0.008588 0.032220
v -0.038350 0.008616 0.033721
v -0.044191 0.008776 0.030367
v -0.021947 0.011482 0.037069
v -0.017570 0.013696 0.036983
v -0.057371 -0.062872 -0.067959
v -0.009164 0.004426 0.056802
v -0.008984 0.007524 0.054438
v -0.014266 0.030468 0.040363
v -0.012381 0.027686 0.039016
v -0.006554 0.027946 0.046472
v -0.018560 0.034165 0.042661
v -0.013883 0.016368 0.037027
v -0.012306 0.018692 0.037013
v -0.011263 0.021791 0.037421
v -0.011214 0.024609 0.038156
v -0.030264 0.048280 0.043883
v -0.027227 0.041752 0.045319
v -0.057912 0.063502 0.010858
v -0.061637 0.054684 0.006831
v -0.050392 0.043831 0.028976
v -0.053600 0.039554 0.025891
v -0.055622 0.034369 0.023179
v -0.063436 0.042838 0.003858
v -0.064059 0.030320 0.002937
v -0.065124 0.018571 0.003587
v -0.048585 0.094018 0.002256
v -0.048539 0.099581 -0.004614
v -0.048070 0.088043 0.009388
v -0.039227 0.112569 -0.013264
v -0.039233 0.108180 -0.004851
v -0.048197 0.104604 -0.011528
v -0.039653 0.103135 0.002468
v -0.039935 0.097576 0.009270
v -0.039407 0.091675 0.016441
v -0.038269 0.085469 0.023264
v -0.036554 0.076919 0.029978
v -0.047215 -0.061845 -0.085738
v -0.007535 -0.006876 0.054896
v -0.006816 -0.006702 0.055448
v -0.006412 -0.007468 0.054387
v -0.005781 -0.007204 0.054920
v -0.005265 -0.008984 0.054655
v -0.006848 -0.015860 0.056875
v -0.005501 -0.014016 0.055777
v -0.004811 -0.010681 0.054533
v -0.067977 -0.030321 -0.035942
v -0.058548 -0.097054 -0.062993
v -0.054335 -0.093524 -0.075382
v 0.055463 -0.096665 -0.062895
v 0.051276 -0.093049 -0.075487
v 0.020898 -0.127746 -0.010311
v 0.032420 -0.123486 -0.016267
v 0.033667 -0.132021 -0.017528
v 0.021645 -0.135481 -0.011777
v 0.058952 -0.114238 -0.068506
v 0.056576 -0.105847 -0.063451
v 0.053090 -0.101841 -0.078254
v 0.056987 -0.110241 -0.083843
v 0.046502 -0.099697 -0.091088
v 0.050415 -0.108989 -0.096776
v 0.039608 -0.109545 -0.106550
v 0.036867 -0.098653 -0.100842
v 0.025179 -0.098734 -0.107905
v 0.027584 -0.110684 -0.113057
v 0.043750 -0.118671 -0.024651
v 0.052507 -0.113760 -0.035836
v 0.052959 -0.123446 -0.036766
v 0.044074 -0.127264 -0.025551
v 0.056911 -0.109267 -0.048829
v 0.058053 -0.118548 -0.051826
v 0.013450 -0.109952 -0.117323
v 0.012164 -0.096930 -0.111862
v 0.023433 -0.153587 -0.013627
v 0.010618 -0.155488 -0.011273
v 0.010568 -0.146147 -0.010217
v 0.022784 -0.144454 -0.012938
v 0.054714 -0.155609 -0.031426
v 0.069333 -0.148774 -0.044697
v 0.075642 -0.157240 -0.040640
v 0.059342 -0.164432 -0.026841
v 0.096964 -0.156216 -0.053857
v 0.106273 -0.144934 -0.075627
v 0.038461 -0.160592 -0.020950
v 0.041342 -0.169250 -0.015736
v -0.001144 -0.120299 -0.126046
v -0.001143 -0.107954 -0.118179
v 0.096478 -0.139088 -0.079259
v 0.094920 -0.135094 -0.102245
v 0.107766 -0.140381 -0.100161
v 0.053552 -0.156599 -0.143708
v 0.053661 -0.163382 -0.147398
v 0.069285 -0.158660 -0.143683
v 0.064641 -0.152795 -0.139523
v 0.073613 -0.124217 -0.097127
v 0.061920 -0.125216 -0.112368
v 0.071358 -0.132047 -0.117371
v 0.084143 -0.129786 -0.101854
v 0.036948 -0.141753 -0.135347
v 0.055013 -0.136574 -0.127265
v 0.047288 -0.128930 -0.122152
v 0.031929 -0.132610 -0.128943
v 0.086649 -0.133908 -0.079361
v 0.075131 -0.128971 -0.076916
v 0.079107 -0.141310 -0.060548
v 0.069858 -0.135413 -0.059291
v 0.061896 -0.141194 -0.043781
v 0.056354 -0.117308 -0.103919
v 0.043843 -0.119373 -0.113905
v 0.028511 -0.121918 -0.121241
v 0.012879 -0.122467 -0.125656
v -0.001256 -0.170342 -0.146977
v -0.001125 -0.158268 -0.143552
v 0.017686 -0.144158 -0.138023
v 0.015665 -0.133063 -0.131912
v 0.088070 -0.147994 -0.058703
v 0.062287 -0.127852 -0.056655
v 0.056444 -0.132583 -0.041352
v 0.065525 -0.172680 -0.017315
v 0.083908 -0.166148 -0.033395
v 0.045145 -0.177696 -0.006280
v 0.026832 -0.181020 0.000486
v 0.019234 -0.155621 -0.143569
v 0.018256 -0.167816 -0.146964
v 0.038269 -0.164654 -0.147477
v 0.041625 -0.152867 -0.142297
v 0.049738 -0.145629 -0.031142
v 0.036677 -0.150791 -0.021327
v 0.023660 -0.163403 -0.012693
v 0.064010 -0.117996 -0.089703
v 0.065193 -0.122477 -0.073058
v 0.046326 -0.135916 -0.028569
v 0.035224 -0.141556 -0.019523
v 0.010060 -0.137507 -0.008014
v 0.024740 -0.172342 -0.007742
v 0.097712 -0.144548 -0.121562
v 0.084049 -0.152231 -0.135452
v 0.075915 -0.148939 -0.134085
v -0.001022 -0.145359 -0.138662
v -0.001177 -0.147521 -0.009789
v -0.001365 -0.156558 -0.011902
v -0.000657 -0.139024 -0.006823
v 0.081556 -0.140175 -0.123364
v 0.060586 -0.145406 -0.134419
v -0.000387 -0.131903 -0.004132
v -0.001251 -0.096175 -0.113085
v -0.001449 -0.167110 -0.012182
v -0.001672 -0.177171 -0.007026
v -0.001851 -0.187243 0.001635
v 0.009995 -0.130437 -0.005633
v 0.010891 -0.175117 -0.006295
v 0.010563 -0.165279 -0.010780
v 0.011845 -0.184957 0.001436
v -0.000699 -0.132463 -0.132741
v -0.021583 -0.127889 -0.010058
v -0.033344 -0.123685 -0.016217
v -0.035013 -0.132167 -0.017450
v -0.022750 -0.135622 -0.011699
v -0.060943 -0.114748 -0.069127
v -0.058910 -0.106319 -0.063664
v -0.055860 -0.102310 -0.078432
v -0.059240 -0.110761 -0.084244
v -0.048827 -0.100202 -0.091228
v -0.052348 -0.109535 -0.096947
v -0.041550 -0.110140 -0.106513
v -0.039071 -0.099195 -0.100951
v -0.027362 -0.099196 -0.107929
v -0.029688 -0.111196 -0.112906
v -0.045093 -0.118985 -0.024619
v -0.054049 -0.114326 -0.035821
v -0.054628 -0.123742 -0.036833
v -0.045688 -0.127485 -0.025487
v -0.058428 -0.109745 -0.048779
v -0.059641 -0.119037 -0.052305
v -0.015535 -0.110301 -0.117081
v -0.014542 -0.097213 -0.111823
v -0.025772 -0.153608 -0.013696
v -0.012917 -0.155523 -0.011415
v -0.012364 -0.146198 -0.010325
v -0.024647 -0.144474 -0.013048
v -0.056950 -0.156004 -0.032741
v -0.071119 -0.149302 -0.046605
v -0.077634 -0.157744 -0.042526
v -0.061817 -0.164907 -0.028338
v -0.099178 -0.156161 -0.055751
v -0.108006 -0.144579 -0.077127
v -0.040962 -0.160759 -0.021562
v -0.044029 -0.169432 -0.016630
v -0.098602 -0.138881 -0.080626
v -0.096988 -0.135198 -0.103125
v -0.109784 -0.140167 -0.101279
v -0.055915 -0.156559 -0.144440
v -0.056150 -0.163143 -0.148102
v -0.071480 -0.158503 -0.144463
v -0.066978 -0.152772 -0.140310
v -0.075641 -0.124616 -0.097700
v -0.063890 -0.125571 -0.112681
v -0.073117 -0.132340 -0.117971
v -0.085835 -0.130043 -0.102568
v -0.038864 -0.141928 -0.135753
v -0.056679 -0.136812 -0.127845
v -0.049177 -0.129325 -0.122525
v -0.032989 -0.132961 -0.129334
v -0.088441 -0.133711 -0.080451
v -0.076809 -0.128956 -0.077895
v -0.080716 -0.141623 -0.062104
v -0.071543 -0.135831 -0.060798
v -0.063582 -0.141650 -0.045387
v -0.057846 -0.117742 -0.104197
v -0.045531 -0.119776 -0.114015
v -0.030711 -0.122199 -0.121191
v -0.015304 -0.122506 -0.125464
v -0.019756 -0.144222 -0.138099
v -0.017516 -0.133321 -0.132039
v -0.089840 -0.148198 -0.060399
v -0.063872 -0.128208 -0.057833
v -0.058194 -0.132879 -0.042184
v -0.068404 -0.172634 -0.018613
v -0.086506 -0.166177 -0.035154
v -0.048214 -0.177563 -0.007119
v -0.030212 -0.181095 0.000087
v -0.021498 -0.155791 -0.143834
v -0.019975 -0.168017 -0.147234
v -0.039625 -0.164962 -0.148100
v -0.043556 -0.152952 -0.142898
v -0.051903 -0.145895 -0.031931
v -0.039031 -0.150893 -0.021661
v -0.026280 -0.163370 -0.012857
v -0.065719 -0.118360 -0.090204
v -0.067011 -0.122759 -0.073933
v -0.048331 -0.136061 -0.028803
v -0.037260 -0.141607 -0.019561
v -0.011448 -0.137641 -0.008079
v -0.027643 -0.172391 -0.008192
v -0.099087 -0.144429 -0.122486
v -0.085808 -0.152158 -0.136279
v -0.077659 -0.149019 -0.134940
v -0.083203 -0.140335 -0.124160
v -0.062228 -0.145551 -0.135183
v -0.010846 -0.130593 -0.005597
v -0.014012 -0.175121 -0.006495
v -0.013314 -0.165298 -0.010943
v -0.015204 -0.184816 0.001095
v -0.006668 -0.008975 0.053794
v -0.067581 -0.032970 -0.015331
v -0.067138 -0.040553 -0.022443
v -0.064023 -0.051078 -0.016074
v -0.064970 -0.043044 -0.009006
v -0.058613 -0.061840 -0.007669
v -0.061497 -0.051982 -0.001691
v -0.052683 -0.069999 0.001412
v -0.057006 -0.059956 0.005447
v -0.047668 -0.074919 0.011196
v -0.052198 -0.065108 0.013654
v -0.032968 -0.078491 0.032451
v -0.031277 -0.083363 0.028814
v -0.024783 -0.086212 0.036179
v -0.025492 -0.082221 0.040414
v -0.017704 -0.088287 0.042891
v -0.018268 -0.084392 0.047001
v -0.009829 -0.089236 0.046758
v -0.009783 -0.085514 0.051004
v -0.000379 -0.089409 0.048448
v -0.000246 -0.085608 0.052680
v -0.000025 -0.076106 0.056068
v -0.008835 -0.076047 0.054696
v -0.009430 -0.080862 0.053702
v -0.000137 -0.081356 0.054975
v -0.016365 -0.075270 0.050952
v -0.017720 -0.080218 0.049512
v -0.023047 -0.072798 0.045343
v -0.024719 -0.077840 0.043460
v -0.030620 -0.068834 0.038699
v -0.032558 -0.073812 0.035745
v -0.037189 -0.063562 0.034613
v -0.040178 -0.066999 0.030307
v -0.008919 -0.092193 0.040442
v -0.000535 -0.092310 0.042764
v -0.016045 -0.091373 0.036796
v -0.022592 -0.089770 0.031241
v -0.028134 -0.087895 0.024754
v -0.040918 -0.078115 0.020505
v -0.034262 -0.085584 0.016772
v -0.041963 -0.081356 0.008484
v -0.047567 -0.076645 -0.002268
v -0.054685 -0.068265 -0.012829
v -0.061806 -0.057139 -0.022347
v -0.065737 -0.044886 -0.029869
v -0.068386 -0.032558 -0.027831
v -0.015186 -0.070862 0.050904
v -0.008138 -0.071463 0.054344
v -0.022262 -0.068486 0.045759
v -0.028760 -0.064536 0.040831
v -0.033867 -0.060175 0.037971
v -0.038804 -0.048584 0.037754
v -0.037592 -0.054786 0.037173
v -0.037095 -0.036442 0.040853
v -0.038419 -0.042389 0.039091
v -0.044996 -0.029723 0.036229
v -0.046707 -0.038427 0.032727
v -0.042572 -0.041016 0.036173
v -0.041185 -0.033560 0.038660
v -0.048556 -0.024137 0.033465
v -0.050780 -0.034046 0.028909
v -0.007999 -0.094556 0.034824
v -0.000637 -0.094812 0.035972
v -0.014203 -0.094004 0.031374
v -0.019635 -0.093255 0.026203
v -0.023829 -0.092562 0.019776
v -0.028503 -0.091300 0.012446
v -0.034277 -0.089011 0.004041
v -0.041408 -0.084359 -0.006144
v -0.050261 -0.075239 -0.017918
v -0.059147 -0.061839 -0.028291
v -0.063638 -0.048967 -0.035783
v -0.020777 -0.099155 0.007133
v -0.016835 -0.098439 0.013237
v -0.013640 -0.098019 0.018525
v -0.010730 -0.097789 0.022854
v -0.006531 -0.098841 0.022370
v -0.000628 -0.099270 0.022083
v -0.005824 -0.101845 0.014863
v -0.000428 -0.101655 0.015073
v -0.007937 -0.104193 0.010306
v -0.000270 -0.104594 0.010295
v -0.010004 -0.107004 0.006567
v -0.000222 -0.109248 0.007078
v -0.041360 -0.056844 0.033684
v -0.045273 -0.057873 0.028922
v -0.047044 -0.048003 0.029926
v -0.051406 -0.045065 0.024895
v -0.049809 -0.056980 0.023006
v -0.042849 -0.049013 0.034401
v -0.055161 -0.053232 0.015719
v -0.055927 -0.040305 0.019269
v -0.054744 -0.028240 0.024924
v -0.059211 -0.035697 0.014034
v -0.059393 -0.047364 0.008745
v -0.058338 -0.023725 0.020439
v -0.061202 -0.019434 0.016053
v -0.061867 -0.030198 0.009043
v -0.062100 -0.041353 0.003514
v -0.044275 -0.069889 0.023634
v -0.064641 -0.034282 -0.002729
v -0.063536 -0.015096 0.011489
v -0.063938 -0.024954 0.004394
v -0.065966 -0.009306 0.005824
v -0.066605 -0.017609 -0.002001
v -0.067093 -0.026587 -0.009551
v -0.069620 -0.024463 -0.023895
v -0.000007 -0.071434 0.055918
v -0.064047 -0.033596 -0.050946
v -0.021379 -0.029995 0.048386
v -0.016294 -0.027932 0.050957
v -0.011359 -0.027244 0.054264
v -0.007386 -0.027004 0.056721
v -0.003493 -0.027252 0.058155
v -0.000212 -0.120064 0.001269
v 0.000448 0.042163 0.050043
v -0.000234 -0.113728 0.004896
v 0.000113 -0.059018 0.037628
v 0.000028 0.128611 -0.027661
v 0.000030 -0.066660 0.055265
v 0.000135 -0.054170 0.044196
v 0.000534 0.001715 0.069238
v 0.000053 -0.061861 0.054533
v 0.000206 -0.051378 0.058446
v 0.000233 -0.045515 0.056805
v 0.000390 0.079486 0.040746
v 0.000243 -0.048113 0.058275
v 0.000140 -0.024946 0.058759
v 0.000593 -0.002396 0.072425
v 0.000243 -0.045263 0.055378
v -0.001281 -0.046028 -0.115798
v 0.000191 -0.054695 0.057141
v 0.000212 -0.047744 0.047881
v 0.000238 -0.045597 0.053825
v 0.000207 -0.035708 0.042218
v 0.000178 -0.027700 0.058424
v 0.000668 0.019116 0.055476
v -0.001095 -0.007463 -0.139963
v 0.000641 0.016073 0.057927
v 0.000254 0.104052 0.022995
v 0.000369 0.089719 0.035412
v 0.000531 0.005639 0.066086
v -0.000711 0.055368 -0.153232
v -0.000613 0.071883 -0.150178
v 0.000398 0.061344 0.046358
v -0.000129 0.126149 -0.090954
v 0.000646 -0.006346 0.074549
v 0.000134 -0.020052 0.064317
v 0.000098 0.120642 -0.002696
v -0.000913 0.020901 -0.150752
v -0.000284 0.116518 -0.115400
v 0.000257 -0.043694 0.057453
v 0.000061 0.125019 -0.014614
v 0.000258 -0.045153 0.055012
v 0.000418 -0.016602 0.071844
v -0.001009 0.005221 -0.146197
v -0.000813 0.034623 -0.152886
v 0.000190 -0.034154 0.059093
v 0.000181 -0.030292 0.058489
v -0.000207 0.122162 -0.103576
v 0.000422 0.048656 0.049468
v 0.000209 -0.036422 0.059965
v 0.000764 0.028196 0.050620
v 0.000267 -0.039157 0.060302
v -0.000342 -0.126185 -0.001719
v -0.000438 0.095944 -0.137389
v 0.000264 -0.041607 0.058969
v 0.000255 -0.042832 0.049897
v 0.000580 0.009383 0.063008
v 0.000229 -0.039297 0.047969
v 0.000386 0.069448 0.044117
v 0.000071 -0.022403 0.060005
v 0.000083 -0.021699 0.060592
v 0.000746 0.025036 0.051579
v 0.000316 0.097508 0.029493
v 0.000727 0.030943 0.050329
v 0.000100 -0.023192 0.059447
v -0.000522 0.086603 -0.143698
v -0.000061 0.130861 -0.073545
v -0.000044 0.132121 -0.060358
v 0.000698 0.022048 0.053124
v 0.000625 0.013024 0.060294
v -0.001291 -0.057785 -0.113534
v 0.000567 -0.013092 0.074444
v 0.000624 -0.010184 0.075089
v 0.000141 0.115434 0.007535
v -0.001169 -0.016975 -0.134598
v -0.000010 0.131478 -0.043182
v 0.000194 0.109906 0.015828
v -0.001264 -0.034276 -0.122186
v -0.001226 -0.024447 -0.129846
v 0.000318 -0.017885 0.070131
v 0.000630 0.034264 0.050252
v 0.000206 -0.019256 0.066982
v -0.000360 0.108586 -0.125970
v 0.000105 -0.020847 0.062083
v 0.006719 -0.009043 0.054101
v 0.066757 -0.033251 -0.014339
v 0.065499 -0.040706 -0.021496
v 0.062564 -0.051283 -0.015336
v 0.064261 -0.043401 -0.008157
v 0.057466 -0.062137 -0.007072
v 0.060884 -0.052444 -0.000975
v 0.051558 -0.070222 0.001799
v 0.056319 -0.060500 0.006029
v -0.003925 -0.016494 0.069164
v -0.002972 -0.018000 0.066656
v 0.046807 -0.075400 0.011470
v 0.051641 -0.065722 0.014109
v -0.015247 0.020127 0.034343
v -0.008062 -0.019019 0.056589
v -0.006635 0.003260 0.062341
v -0.013667 0.020350 0.034962
v 0.032172 -0.078993 0.032499
v 0.030313 -0.083711 0.028737
v 0.023702 -0.086408 0.036028
v 0.024592 -0.082615 0.040332
v -0.010218 -0.018744 0.055216
v 0.016705 -0.088542 0.042826
v 0.017504 -0.084822 0.047041
v 0.008946 -0.089488 0.046815
v 0.009162 -0.085857 0.051178
v -0.006057 0.010136 0.057065
v -0.008097 0.019242 0.044300
v 0.008602 -0.076302 0.055066
v 0.009082 -0.081183 0.053975
v -0.006213 0.006690 0.059845
v -0.015639 -0.016006 0.055855
v -0.013826 -0.018507 0.054423
v -0.006435 -0.010536 0.071685
v -0.007356 -0.007660 0.070675
v 0.016022 -0.075703 0.051162
v -0.007227 -0.013597 0.069634
v -0.004464 -0.015344 0.070267
v 0.017175 -0.080668 0.049598
v -0.017499 0.020016 0.034516
v -0.023330 0.021592 0.029471
v -0.005657 -0.012562 0.071553
v -0.002701 -0.014675 0.072290
v -0.020791 0.020737 0.032827
v -0.016364 0.020035 0.034409
v -0.011715 -0.011858 0.064546
v -0.006725 0.018124 0.048699
v 0.022683 -0.073359 0.045485
v 0.024078 -0.078351 0.043446
v 0.030261 -0.069522 0.038943
v 0.031982 -0.074428 0.035868
v -0.014354 -0.013381 0.060194
v 0.036910 -0.064349 0.035075
v 0.039744 -0.067733 0.030664
v 0.007975 -0.092282 0.040404
v -0.018536 0.020191 0.034478
v -0.019570 0.020374 0.034211
v -0.007300 -0.000386 0.065334
v 0.014994 -0.091388 0.036666
v 0.021513 -0.089834 0.031084
v 0.027009 -0.088110 0.024622
v 0.040240 -0.078712 0.020630
v -0.022496 0.021087 0.032218
v -0.002849 -0.019669 0.061777
v -0.009822 -0.012564 0.066876
v -0.008431 -0.013145 0.068421
v -0.003392 -0.020234 0.059728
v 0.033418 -0.085855 0.016725
v 0.040883 -0.081558 0.008572
v -0.011731 0.020092 0.037211
v 0.046166 -0.076573 -0.002070
v -0.006243 0.015800 0.052259
v -0.006184 0.012890 0.054784
v 0.053287 -0.068342 -0.012426
v 0.060074 -0.057191 -0.021730
v -0.002680 -0.018913 0.064189
v 0.063484 -0.044879 -0.028959
v 0.067148 -0.032835 -0.026768
v 0.015074 -0.071259 0.051229
v 0.008133 -0.071649 0.054804
v 0.022073 -0.069033 0.045991
v -0.007668 -0.004196 0.068484
v 0.028547 -0.065191 0.041083
v 0.033813 -0.060943 0.038464
v 0.038919 -0.049269 0.038448
v -0.005686 -0.019583 0.058093
v 0.037630 -0.055543 0.037880
v 0.037360 -0.036896 0.041594
v 0.038615 -0.042944 0.039752
v 0.045351 -0.030182 0.037098
v 0.046863 -0.038958 0.033494
v 0.042771 -0.041593 0.036895
v 0.000515 -0.015025 0.073278
v -0.004983 -0.014122 0.070994
v 0.041543 -0.034046 0.039516
v 0.048898 -0.024522 0.034389
v 0.050904 -0.034513 0.029716
v 0.006976 -0.094567 0.034779
v -0.029476 0.034352 0.040670
v -0.029411 0.032073 0.038975
v 0.013088 -0.093953 0.031275
v 0.018660 -0.093221 0.026028
v 0.022814 -0.092543 0.019637
v 0.027454 -0.091328 0.012340
v 0.033275 -0.089009 0.004002
v 0.040134 -0.084182 -0.006114
v -0.022277 0.037565 0.044470
v -0.004273 0.037954 0.049440
v -0.009480 0.038082 0.048279
v 0.049045 -0.075272 -0.017739
v -0.029540 0.028103 0.037368
v -0.030615 0.026458 0.036372
v -0.029167 0.030101 0.037303
v -0.030560 0.026678 0.037222
v -0.029992 0.027415 0.037470
v 0.057491 -0.061840 -0.027911
v -0.029043 0.029580 0.036614
v 0.061338 -0.048781 -0.035139
v -0.029099 0.029181 0.036506
v 0.019848 -0.099041 0.007003
v -0.028457 0.037256 0.042527
v 0.015864 -0.098337 0.013080
v 0.012647 -0.097920 0.018380
v -0.029158 0.028753 0.036920
v -0.030417 0.027568 0.034912
v 0.009782 -0.097724 0.022751
v -0.030513 0.026661 0.030808
v 0.005473 -0.098809 0.022318
v 0.000521 0.037994 0.050016
v -0.021043 0.048451 0.047297
v -0.051197 0.048117 0.025720
v 0.005064 -0.101748 0.014786
v -0.054385 0.042687 0.022814
v 0.007277 -0.104121 0.010222
v -0.047984 0.005910 0.028860
v -0.050609 0.006916 0.026274
v -0.018221 0.042235 0.047911
v 0.009311 -0.106994 0.006635
v 0.041201 -0.057612 0.034220
v 0.044915 -0.058555 0.029382
v 0.046917 -0.048616 0.030534
v 0.051271 -0.045617 0.025561
v -0.026126 0.068990 0.039115
v -0.030823 0.115347 -0.009381
v -0.024570 0.061428 0.042177
v -0.039374 0.054098 0.035906
v 0.049462 -0.057631 0.023496
v -0.030852 0.110785 -0.000234
v 0.042880 -0.049709 0.034993
v 0.054790 -0.053849 0.016298
v 0.055746 -0.040807 0.020038
v 0.054874 -0.028654 0.025819
v 0.059024 -0.036142 0.014875
v -0.046308 0.052603 0.030007
v 0.058954 -0.047892 0.009447
v -0.055271 0.012361 0.018922
v -0.006319 0.054550 0.048051
v -0.056764 0.018074 0.016580
v 0.058472 -0.024093 0.021406
v -0.014278 0.054603 0.047347
v -0.027534 0.125268 -0.072114
v 0.061318 -0.019733 0.017063
v 0.061650 -0.030554 0.009966
v 0.061696 -0.041786 0.004338
v 0.043781 -0.070555 0.023982
v -0.013035 0.034290 0.045276
v 0.064219 -0.034626 -0.001800
v -0.038078 0.006585 0.034286
v -0.041145 0.006184 0.032900
v 0.063568 -0.015291 0.012498
v -0.031401 0.125065 -0.060791
v -0.054342 0.009897 0.021135
v -0.029301 0.087501 0.028551
v -0.009256 0.027845 0.043117
v -0.010426 0.030731 0.043600
v -0.030112 0.094255 0.021962
v 0.063654 -0.025199 0.005375
v 0.065896 -0.009396 0.006792
v 0.066281 -0.017753 -0.001009
v -0.030530 0.100357 0.014892
v 0.066579 -0.026803 -0.008550
v 0.068862 -0.024749 -0.022796
v -0.031220 0.119315 -0.020069
v -0.021174 0.009875 0.037649
v 0.062481 -0.033420 -0.050248
v 0.021432 -0.030127 0.048951
v 0.016358 -0.028046 0.051461
v -0.056707 0.036413 0.020245
v -0.057723 0.029822 0.018413
v -0.031977 0.124508 -0.046897
v -0.030755 0.007621 0.036842
v -0.057485 0.023800 0.017075
v -0.015671 0.127156 -0.080202
v 0.011492 -0.027332 0.054766
v -0.052849 0.008114 0.023665
v 0.007689 -0.027038 0.057275
v 0.003835 -0.027261 0.058579
v -0.031837 0.054485 0.041008
v -0.034597 0.006952 0.035603
v -0.008697 0.024807 0.042211
v -0.016599 0.012149 0.037974
v -0.013042 0.015331 0.038520
v -0.030717 0.105804 0.007716
v -0.010811 0.017957 0.039583
v -0.008887 0.021919 0.041298
v -0.025950 0.008408 0.037682
v -0.027868 0.078246 0.034883
v -0.031522 0.122502 -0.032788
v -0.044575 0.005996 0.031070
v -0.000080 0.128418 -0.083012
v 0.000402 0.054465 0.048271
v -0.009704 0.019662 0.040532
v -0.015561 0.038066 0.046627
v -0.023049 0.054586 0.045146
v 0.000169 -0.058185 0.055277
v -0.026461 -0.040428 0.046435
v -0.027836 -0.042514 0.044908
v -0.027366 -0.048409 0.042501
v -0.019211 -0.035470 0.051610
v -0.023623 -0.038102 0.048603
v -0.018137 -0.055773 0.049722
v -0.028324 -0.044449 0.043716
v -0.012432 -0.057263 0.052754
v -0.028300 -0.046446 0.042849
v -0.006646 -0.058401 0.054348
v 0.000188 -0.032185 0.058806
v -0.009126 -0.031964 0.057233
v -0.004452 -0.031763 0.058635
v -0.014129 -0.033232 0.054663
v -0.025549 -0.050735 0.043462
v -0.022860 -0.053268 0.045904
v 0.004564 -0.016704 0.069442
v 0.003448 -0.018131 0.066855
v 0.015370 0.020259 0.035268
v 0.008149 -0.019114 0.056910
v 0.007139 0.003342 0.062619
v 0.013811 0.020471 0.035732
v 0.010354 -0.018878 0.055576
v 0.006613 0.010230 0.057375
v 0.008273 0.019321 0.044716
v 0.006793 0.006797 0.060151
v 0.015839 -0.016097 0.056183
v 0.013975 -0.018625 0.054771
v 0.007218 -0.010451 0.071949
v 0.008087 -0.007545 0.070925
v 0.007770 -0.013590 0.069891
v 0.005177 -0.015503 0.070576
v 0.017572 0.020165 0.035616
v 0.023291 0.021713 0.031068
v 0.006444 -0.012554 0.071840
v 0.003678 -0.014846 0.072605
v 0.020846 0.020937 0.034150
v 0.016464 0.020172 0.035434
v 0.011913 -0.011842 0.064791
v 0.007118 0.018168 0.049072
v 0.014552 -0.013404 0.060484
v 0.018589 0.020357 0.035658
v 0.019623 0.020573 0.035459
v 0.007737 -0.000335 0.065580
v 0.022539 0.021271 0.033535
v 0.002984 -0.019587 0.061844
v 0.010094 -0.012510 0.067107
v 0.008805 -0.013090 0.068644
v 0.003428 -0.020157 0.059825
v 0.011791 0.020215 0.037775
v 0.006830 0.015867 0.052604
v 0.006910 0.012997 0.055091
v 0.002952 -0.018904 0.064306
v 0.008279 -0.004105 0.068720
v 0.005727 -0.019590 0.058296
v 0.005744 -0.014203 0.071303
v 0.030005 0.034607 0.041895
v 0.029894 0.032294 0.040328
v 0.022874 0.037657 0.045395
v 0.005182 0.037944 0.049610
v 0.010236 0.038069 0.048685
v 0.029844 0.028431 0.038689
v 0.030781 0.026802 0.037602
v 0.029599 0.030295 0.038756
v 0.030754 0.027028 0.038443
v 0.030254 0.027766 0.038690
v 0.029423 0.029785 0.038125
v 0.029436 0.029415 0.037985
v 0.029011 0.037487 0.043586
v 0.029480 0.029037 0.038330
v 0.030568 0.027944 0.036105
v 0.030661 0.027051 0.032196
v 0.021811 0.048557 0.048172
v 0.051580 0.048493 0.026363
v 0.054573 0.043077 0.023441
v 0.048312 0.006162 0.029954
v 0.050954 0.007193 0.027316
v 0.018971 0.042222 0.048830
v 0.026771 0.069187 0.039472
v 0.030902 0.115429 -0.009372
v 0.025235 0.061594 0.042623
v 0.039969 0.054421 0.036568
v 0.030980 0.110876 -0.000210
v 0.046847 0.052973 0.030659
v 0.055728 0.012718 0.020021
v 0.007099 0.054565 0.048352
v 0.057285 0.018447 0.017699
v 0.015065 0.054682 0.047882
v 0.027368 0.125316 -0.072116
v 0.013652 0.034351 0.045876
v 0.038398 0.006918 0.035559
v 0.041451 0.006514 0.034121
v 0.031298 0.125123 -0.060796
v 0.054719 0.010208 0.022153
v 0.029798 0.087684 0.028733
v 0.009812 0.028009 0.043570
v 0.010969 0.030877 0.044077
v 0.030474 0.094405 0.022081
v 0.030792 0.100482 0.014968
v 0.031254 0.119391 -0.020069
v 0.021235 0.009938 0.038265
v 0.056761 0.036818 0.020919
v 0.057842 0.030259 0.019266
v 0.031925 0.124574 -0.046904
v 0.030978 0.007764 0.037742
v 0.057848 0.024198 0.018043
v 0.015496 0.127178 -0.080204
v 0.053251 0.008383 0.024672
v 0.032468 0.054749 0.041653
v 0.034837 0.007242 0.036750
v 0.009022 0.024982 0.042643
v 0.016606 0.012212 0.038543
v 0.013051 0.015386 0.039068
v 0.030905 0.105909 0.007761
v 0.010838 0.018034 0.040088
v 0.009046 0.022054 0.041708
v 0.025916 0.008524 0.038329
v 0.028476 0.078449 0.035151
v 0.031513 0.122573 -0.032794
v 0.044851 0.006288 0.032206
v 0.009789 0.019769 0.040989
v 0.016248 0.038056 0.047393
v 0.023781 0.054744 0.045795
v 0.026687 -0.040702 0.046970
v 0.028067 -0.042877 0.045452
v 0.027532 -0.048897 0.043065
v 0.019487 -0.035597 0.052068
v 0.023879 -0.038297 0.049089
v 0.017979 -0.056144 0.049838
v 0.028555 -0.044887 0.044280
v 0.012495 -0.057504 0.052977
v 0.028503 -0.046919 0.043433
v 0.006738 -0.058613 0.054735
v 0.009460 -0.031944 0.057734
v 0.004812 -0.031721 0.059030
v 0.014351 -0.033265 0.055125
v 0.025623 -0.051213 0.043785
v 0.022840 -0.053740 0.046046
v 0.031719 0.022878 0.024373
v -0.031406 0.022884 0.022649
v 0.030040 0.022878 0.037446
v 0.028431 0.022877 0.037128
v 0.026946 0.022876 0.036640
v 0.025700 0.022875 0.036062
v 0.030072 0.023206 0.037446
v 0.028493 0.023520 0.037129
v 0.027038 0.023809 0.036641
v 0.025819 0.024053 0.036063
v 0.030169 0.023520 0.037447
v 0.028682 0.024138 0.037130
v 0.027310 0.024706 0.036642
v 0.026159 0.025183 0.036062
v 0.030321 0.023810 0.037447
v 0.028985 0.024706 0.037129
v 0.027751 0.025535 0.036642
v 0.026716 0.026225 0.036064
v 0.030532 0.024064 0.037447
v 0.029392 0.025203 0.037130
v 0.028342 0.026259 0.036642
v 0.027461 0.027141 0.036064
v 0.030783 0.024274 0.037446
v 0.029890 0.025615 0.037128
v 0.029066 0.026852 0.036641
v 0.028376 0.027890 0.036062
v 0.031074 0.024427 0.037445
v 0.030459 0.025918 0.037127
v 0.029890 0.027293 0.036640
v 0.029416 0.028445 0.036062
v 0.031389 0.024524 0.037445
v 0.031076 0.026105 0.037128
v 0.030785 0.027567 0.036640
v 0.030543 0.028789 0.036061
v 0.031715 0.024556 0.037445
v 0.031715 0.026169 0.037128
v 0.031717 0.027658 0.036640
v 0.031717 0.028908 0.036061
v 0.032043 0.024524 0.037447
v 0.032356 0.026106 0.037128
v 0.032648 0.027567 0.036640
v 0.032889 0.028789 0.036061
v 0.032356 0.024426 0.037447
v 0.032973 0.025917 0.037130
v 0.033541 0.027293 0.036640
v 0.034017 0.028446 0.036061
v 0.032647 0.024275 0.037447
v 0.033541 0.025615 0.037129
v 0.034367 0.026852 0.036641
v 0.035057 0.027890 0.036062
v 0.032899 0.024064 0.037447
v 0.034039 0.025204 0.037130
v 0.035091 0.026259 0.036641
v 0.035971 0.027141 0.036062
v 0.033109 0.023810 0.037448
v 0.034448 0.024707 0.037130
v 0.035683 0.025535 0.036641
v 0.036719 0.026227 0.036062
v 0.033262 0.023520 0.037448
v 0.034750 0.024139 0.037131
v 0.036123 0.024707 0.036642
v 0.037276 0.025184 0.036062
v 0.033358 0.023206 0.037448
v 0.034938 0.023521 0.037130
v 0.036397 0.023811 0.036641
v 0.037617 0.024055 0.036062
v 0.033390 0.022878 0.037446
v 0.035001 0.022879 0.037128
v 0.036486 0.022879 0.036638
v 0.037735 0.022880 0.036059
v 0.033357 0.022552 0.037443
v 0.034935 0.022235 0.037124
v 0.036393 0.021945 0.036634
v 0.037614 0.021704 0.036057
v 0.033259 0.022235 0.037441
v 0.034747 0.021619 0.037121
v 0.036119 0.021050 0.036632
v 0.037271 0.020574 0.036054
v 0.033106 0.021945 0.037439
v 0.034444 0.021049 0.037118
v 0.035677 0.020223 0.036631
v 0.036715 0.019529 0.036053
v 0.032897 0.021690 0.037441
v 0.034036 0.020550 0.037122
v 0.035086 0.019496 0.036633
v 0.035966 0.018612 0.036054
v 0.032645 0.021481 0.037442
v 0.033538 0.020140 0.037123
v 0.034364 0.018901 0.036635
v 0.035054 0.017862 0.036056
v 0.032354 0.021327 0.037444
v 0.032971 0.019835 0.037125
v 0.033537 0.018461 0.036637
v 0.034013 0.017306 0.036057
v 0.032041 0.021229 0.037444
v 0.032355 0.019646 0.037126
v 0.032645 0.018187 0.036637
v 0.032886 0.016961 0.036059
v 0.031715 0.021196 0.037445
v 0.031714 0.019584 0.037127
v 0.031713 0.018094 0.036639
v 0.031714 0.016843 0.036060
v 0.031387 0.021228 0.037445
v 0.031073 0.019645 0.037127
v 0.030782 0.018184 0.036640
v 0.030540 0.016958 0.036061
v 0.031074 0.021325 0.037445
v 0.030457 0.019833 0.037128
v 0.029888 0.018458 0.036640
v 0.029413 0.017303 0.036061
v 0.030784 0.021479 0.037446
v 0.029889 0.020137 0.037128
v 0.029064 0.018896 0.036642
v 0.028374 0.017859 0.036061
v 0.030532 0.021688 0.037446
v 0.029393 0.020547 0.037129
v 0.028341 0.019493 0.036640
v 0.027463 0.018608 0.036061
v 0.030323 0.021942 0.037444
v 0.028985 0.021044 0.037127
v 0.027751 0.020218 0.036638
v 0.026716 0.019524 0.036060
v 0.031714 0.022880 0.037557
v 0.030171 0.022232 0.037444
v 0.028684 0.021615 0.037126
v 0.027312 0.021045 0.036638
v 0.026161 0.020569 0.036059
v 0.030073 0.022547 0.037445
v 0.028494 0.022233 0.037127
v 0.027039 0.021942 0.036638
v 0.025819 0.021700 0.036061
v 0.024488 0.022875 0.035344
v 0.022612 0.022874 0.033843
v 0.021012 0.022873 0.031976
v 0.019824 0.022873 0.029923
v 0.019093 0.022873 0.027953
v 0.018847 0.022877 0.024372
v 0.019099 0.022872 0.020786
v 0.019830 0.022871 0.018812
v 0.021019 0.022871 0.016757
v 0.022622 0.022871 0.014888
v 0.024570 0.022871 0.013332
v 0.026798 0.022872 0.012167
v 0.029210 0.022872 0.011447
v 0.024626 0.024290 0.035346
v 0.022788 0.024653 0.033843
v 0.021218 0.024968 0.031979
v 0.020053 0.025197 0.029923
v 0.019336 0.025344 0.027951
v 0.019096 0.025391 0.024371
v 0.019340 0.025342 0.020789
v 0.020058 0.025195 0.018813
v 0.021226 0.024965 0.016756
v 0.022798 0.024648 0.014888
v 0.024709 0.024270 0.013331
v 0.026890 0.023834 0.012168
v 0.029256 0.023363 0.011447
v 0.025038 0.025649 0.035347
v 0.023305 0.026368 0.033844
v 0.021828 0.026984 0.031979
v 0.020730 0.027437 0.029924
v 0.020055 0.027717 0.027950
v 0.019829 0.027811 0.024370
v 0.020058 0.027716 0.020790
v 0.020735 0.027434 0.018812
v 0.021836 0.026979 0.016756
v 0.023315 0.026363 0.014888
v 0.025116 0.025613 0.013332
v 0.027171 0.024762 0.012168
v 0.029401 0.023835 0.011447
v 0.025703 0.026903 0.035347
v 0.024146 0.027949 0.033844
v 0.022817 0.028839 0.031979
v 0.021830 0.029499 0.029924
v 0.021223 0.029904 0.027951
v 0.021018 0.030044 0.024370
v 0.021225 0.029902 0.020787
v 0.021836 0.029496 0.018810
v 0.022824 0.028834 0.016756
v 0.024154 0.027942 0.014890
v 0.025776 0.026854 0.013333
v 0.027624 0.025614 0.012169
v 0.029634 0.024271 0.011447
v 0.026604 0.028002 0.035347
v 0.025278 0.029331 0.033844
v 0.024148 0.030464 0.031977
v 0.023310 0.031305 0.029923
v 0.022795 0.031825 0.027951
v 0.022620 0.031997 0.024370
v 0.022797 0.031821 0.020785
v 0.023315 0.031302 0.018810
v 0.024154 0.030458 0.016757
v 0.025286 0.029325 0.014888
v 0.026665 0.027943 0.013333
v 0.028239 0.026364 0.012169
v 0.029945 0.024651 0.011447
v 0.027701 0.028905 0.035346
v 0.026659 0.030466 0.033842
v 0.025770 0.031798 0.031978
v 0.025112 0.032789 0.029923
v 0.024708 0.033400 0.027951
v 0.024569 0.033605 0.024370
v 0.024710 0.033398 0.020786
v 0.025116 0.032785 0.018811
v 0.025776 0.031793 0.016756
v 0.026666 0.030459 0.014889
v 0.027749 0.028834 0.013332
v 0.028986 0.026980 0.012168
v 0.030325 0.024966 0.011447
v 0.028949 0.029571 0.035345
v 0.028235 0.031308 0.033842
v 0.027620 0.032790 0.031977
v 0.027168 0.033890 0.029921
v 0.026888 0.034570 0.027948
v 0.026797 0.034800 0.024370
v 0.026890 0.034568 0.020788
v 0.027171 0.033887 0.018812
v 0.027625 0.032785 0.016756
v 0.028240 0.031302 0.014887
v 0.028986 0.029496 0.013331
v 0.029836 0.027434 0.012168
v 0.030761 0.025196 0.011447
v 0.030307 0.029985 0.035343
v 0.029945 0.031829 0.033840
v 0.029630 0.033401 0.031976
v 0.029400 0.034572 0.029920
v 0.029256 0.035290 0.027949
v 0.029210 0.035534 0.024370
v 0.029258 0.035289 0.020787
v 0.029402 0.034567 0.018812
v 0.029634 0.033396 0.016755
v 0.029947 0.031820 0.014887
v 0.030327 0.029904 0.013330
v 0.030760 0.027717 0.012167
v 0.031230 0.025343 0.011447
v 0.031717 0.030124 0.035343
v 0.031718 0.032002 0.033840
v 0.031719 0.033609 0.031974
v 0.031719 0.034802 0.029920
v 0.031719 0.035535 0.027949
v 0.031720 0.035783 0.024370
v 0.031721 0.035533 0.020784
v 0.031721 0.034799 0.018811
v 0.031721 0.033604 0.016755
v 0.031722 0.031996 0.014887
v 0.031721 0.030043 0.013331
v 0.031721 0.027810 0.012167
v 0.031721 0.025391 0.011447
v 0.033127 0.029984 0.035343
v 0.033493 0.031827 0.033840
v 0.033807 0.033403 0.031975
v 0.034039 0.034572 0.029919
v 0.034184 0.035292 0.027946
v 0.034232 0.035534 0.024369
v 0.034185 0.035290 0.020787
v 0.034040 0.034568 0.018811
v 0.033808 0.033398 0.016754
v 0.033494 0.031821 0.014886
v 0.033116 0.029904 0.013330
v 0.032681 0.027718 0.012167
v 0.032211 0.025344 0.011447
v 0.034483 0.029571 0.035345
v 0.035202 0.031308 0.033840
v 0.035818 0.032791 0.031975
v 0.036271 0.033891 0.029920
v 0.036552 0.034571 0.027944
v 0.036646 0.034801 0.024368
v 0.036551 0.034571 0.020786
v 0.036271 0.033889 0.018810
v 0.035817 0.032787 0.016754
v 0.035202 0.031303 0.014886
v 0.034455 0.029497 0.013331
v 0.033605 0.027435 0.012166
v 0.032680 0.025197 0.011447
v 0.035735 0.028905 0.035344
v 0.036779 0.030468 0.033840
v 0.037668 0.031801 0.031975
v 0.038328 0.032791 0.029921
v 0.038733 0.033402 0.027945
v 0.038873 0.033607 0.024367
v 0.038732 0.033400 0.020783
v 0.038327 0.032788 0.018808
v 0.037666 0.031796 0.016752
v 0.036778 0.030462 0.014887
v 0.035692 0.028835 0.013330
v 0.034456 0.026980 0.012167
v 0.033116 0.024967 0.011446
v 0.036832 0.028001 0.035345
v 0.038159 0.029333 0.033842
v 0.039290 0.030467 0.031974
v 0.040130 0.031309 0.029921
v 0.040647 0.031826 0.027947
v 0.040822 0.032000 0.024367
v 0.040645 0.031824 0.020782
v 0.040127 0.031306 0.018807
v 0.039287 0.030463 0.016754
v 0.038157 0.029327 0.014885
v 0.036777 0.027945 0.013330
v 0.035203 0.026365 0.012167
v 0.033493 0.024652 0.011446
v 0.037730 0.026904 0.035345
v 0.039293 0.027950 0.033841
v 0.040622 0.028842 0.031976
v 0.041611 0.029504 0.029921
v 0.042221 0.029909 0.027946
v 0.042425 0.030047 0.024367
v 0.042217 0.029907 0.020782
v 0.041606 0.029500 0.018807
v 0.040617 0.028837 0.016751
v 0.039287 0.027945 0.014887
v 0.037666 0.026857 0.013330
v 0.035817 0.025616 0.012167
v 0.033808 0.024272 0.011446
v 0.038397 0.025650 0.035345
v 0.040133 0.026370 0.033842
v 0.041613 0.026988 0.031976
v 0.042712 0.027442 0.029921
v 0.043387 0.027723 0.027944
v 0.043614 0.027814 0.024367
v 0.043384 0.027721 0.020785
v 0.042706 0.027439 0.018808
v 0.041606 0.026983 0.016752
v 0.040126 0.026365 0.014885
v 0.038326 0.025616 0.013329
v 0.036270 0.024763 0.012166
v 0.034040 0.023836 0.011445
v 0.038809 0.024292 0.035344
v 0.040652 0.024656 0.033842
v 0.042224 0.024972 0.031977
v 0.043392 0.025202 0.029921
v 0.044107 0.025350 0.027945
v 0.044348 0.025396 0.024368
v 0.044103 0.025348 0.020785
v 0.043383 0.025199 0.018808
v 0.042215 0.024968 0.016752
v 0.040643 0.024652 0.014884
v 0.038731 0.024272 0.013328
v 0.036551 0.023836 0.012166
v 0.034184 0.023365 0.011445
v 0.038951 0.022880 0.035343
v 0.040831 0.022879 0.033843
v 0.042432 0.022878 0.031976
v 0.043621 0.022878 0.029921
v 0.044352 0.022878 0.027949
v 0.044595 0.022881 0.024368
v 0.044345 0.022876 0.020781
v 0.043611 0.022876 0.018808
v 0.042422 0.022875 0.016753
v 0.040819 0.022875 0.014884
v 0.038871 0.022873 0.013330
v 0.036644 0.022873 0.012166
v 0.034232 0.022873 0.011446
v 0.038806 0.021464 0.035339
v 0.040652 0.021099 0.033840
v 0.042224 0.020782 0.031974
v 0.043391 0.020553 0.029920
v 0.044107 0.020407 0.027945
v 0.044346 0.020359 0.024366
v 0.044102 0.020406 0.020783
v 0.043383 0.020550 0.018808
v 0.042215 0.020780 0.016752
v 0.040643 0.021094 0.014884
v 0.038731 0.021475 0.013328
v 0.036551 0.021908 0.012166
v 0.034183 0.022382 0.011445
v 0.038393 0.020105 0.035338
v 0.040130 0.019384 0.033836
v 0.041609 0.018766 0.031971
v 0.042711 0.018312 0.029918
v 0.043385 0.018031 0.027942
v 0.043611 0.017936 0.024364
v 0.043383 0.018031 0.020783
v 0.042706 0.018311 0.018808
v 0.041605 0.018765 0.016751
v 0.040126 0.019380 0.014884
v 0.038324 0.020131 0.013329
v 0.036269 0.020983 0.012166
v 0.034039 0.021908 0.011445
v 0.037725 0.018850 0.035336
v 0.039287 0.017803 0.033834
v 0.040617 0.016911 0.031970
v 0.041607 0.016251 0.029916
v 0.042217 0.015845 0.027942
v 0.042421 0.015703 0.024364
v 0.042215 0.015845 0.020780
v 0.041605 0.016250 0.018805
v 0.040614 0.016910 0.016750
v 0.039284 0.017801 0.014884
v 0.037664 0.018888 0.013329
v 0.035816 0.020130 0.012165
v 0.033807 0.021474 0.011446
v 0.036825 0.017753 0.035336
v 0.038154 0.016420 0.033834
v 0.039285 0.015285 0.031967
v 0.040126 0.014443 0.029916
v 0.040643 0.013925 0.027942
v 0.040820 0.013750 0.024362
v 0.040642 0.013925 0.020779
v 0.040125 0.014443 0.018804
v 0.039284 0.015284 0.016751
v 0.038153 0.016419 0.014883
v 0.036775 0.017800 0.013328
v 0.035201 0.019379 0.012165
v 0.033492 0.021092 0.011445
v 0.035730 0.016849 0.035337
v 0.036773 0.015284 0.033834
v 0.037663 0.013953 0.031969
v 0.038324 0.012962 0.029916
v 0.038728 0.012348 0.027941
v 0.038869 0.012142 0.024364
v 0.038729 0.012347 0.020780
v 0.038323 0.012961 0.018804
v 0.037663 0.013952 0.016749
v 0.036774 0.015284 0.014885
v 0.035690 0.016909 0.013329
v 0.034454 0.018762 0.012165
v 0.033115 0.020777 0.011446
v 0.031719 0.022875 0.011203
v 0.034479 0.016181 0.035340
v 0.035197 0.014441 0.033836
v 0.035813 0.012961 0.031969
v 0.036266 0.011857 0.029916
v 0.036546 0.011177 0.027940
v 0.036641 0.010949 0.024364
v 0.036547 0.011177 0.020783
v 0.036267 0.011858 0.018806
v 0.035814 0.012960 0.016750
v 0.035200 0.014441 0.014884
v 0.034454 0.016248 0.013329
v 0.033604 0.018308 0.012166
v 0.032679 0.020546 0.011445
v 0.033124 0.015767 0.035340
v 0.033489 0.013922 0.033837
v 0.033802 0.012347 0.031971
v 0.034034 0.011176 0.029916
v 0.034179 0.010457 0.027942
v 0.034227 0.010216 0.024365
v 0.034180 0.010457 0.020783
v 0.034036 0.011176 0.018808
v 0.033805 0.012347 0.016751
v 0.033490 0.013922 0.014884
v 0.033114 0.015841 0.013328
v 0.032679 0.018025 0.012167
v 0.032210 0.020401 0.011446
v 0.031714 0.015627 0.035341
v 0.031714 0.013746 0.033837
v 0.031715 0.012140 0.031970
v 0.031715 0.010948 0.029916
v 0.031715 0.010215 0.027945
v 0.031716 0.009971 0.024366
v 0.031717 0.010216 0.020781
v 0.031717 0.010948 0.018808
v 0.031718 0.012139 0.016753
v 0.031718 0.013747 0.014885
v 0.031719 0.015700 0.013330
v 0.031719 0.017934 0.012166
v 0.031720 0.020355 0.011445
v 0.030304 0.015765 0.035343
v 0.029939 0.013921 0.033839
v 0.029627 0.012345 0.031973
v 0.029396 0.011176 0.029917
v 0.029252 0.010456 0.027943
v 0.029205 0.010215 0.024366
v 0.029253 0.010457 0.020784
v 0.029398 0.011177 0.018809
v 0.029631 0.012346 0.016753
v 0.029944 0.013922 0.014885
v 0.030324 0.015841 0.013329
v 0.030759 0.018025 0.012167
v 0.031229 0.020401 0.011446
v 0.028949 0.016178 0.035344
v 0.028231 0.014442 0.033839
v 0.027618 0.012959 0.031973
v 0.027165 0.011856 0.029918
v 0.026885 0.011175 0.027943
v 0.026794 0.010946 0.024366
v 0.026886 0.011176 0.020785
v 0.027168 0.011856 0.018809
v 0.027621 0.012958 0.016753
v 0.028237 0.014439 0.014886
v 0.028984 0.016248 0.013330
v 0.029835 0.018307 0.012166
v 0.030760 0.020546 0.011446
v 0.027699 0.016845 0.035343
v 0.026657 0.015282 0.033838
v 0.025768 0.013950 0.031974
v 0.025109 0.012958 0.029920
v 0.024705 0.012345 0.027945
v 0.024566 0.012138 0.024366
v 0.024706 0.012345 0.020783
v 0.025113 0.012958 0.018808
v 0.025773 0.013950 0.016753
v 0.026663 0.015282 0.014888
v 0.027748 0.016907 0.013331
v 0.028984 0.018762 0.012167
v 0.030324 0.020776 0.011446
v 0.026604 0.017748 0.035343
v 0.025278 0.016415 0.033840
v 0.024148 0.015282 0.031972
v 0.023308 0.014441 0.029920
v 0.022793 0.013921 0.027946
v 0.022617 0.013746 0.024367
v 0.022794 0.013921 0.020783
v 0.023312 0.014439 0.018808
v 0.024153 0.015282 0.016755
v 0.025284 0.016416 0.014886
v 0.026663 0.017798 0.013331
v 0.028238 0.019378 0.012167
v 0.029945 0.021091 0.011446
v 0.025705 0.018846 0.035342
v 0.024147 0.017799 0.033839
v 0.022818 0.016907 0.031975
v 0.021830 0.016247 0.029921
v 0.021221 0.015840 0.027947
v 0.021016 0.015699 0.024368
v 0.021223 0.015840 0.020785
v 0.021833 0.016247 0.018809
v 0.022824 0.016907 0.016753
v 0.024154 0.017799 0.014887
v 0.025775 0.018885 0.013331
v 0.027623 0.020128 0.012168
v 0.029633 0.021472 0.011446
v 0.025040 0.020100 0.035343
v 0.023307 0.019380 0.033840
v 0.021829 0.018764 0.031975
v 0.020730 0.018307 0.029921
v 0.020055 0.018025 0.027946
v 0.019828 0.017933 0.024369
v 0.020056 0.018024 0.020787
v 0.020735 0.018306 0.018811
v 0.021834 0.018761 0.016756
v 0.023313 0.019377 0.014888
v 0.025115 0.020128 0.013332
v 0.027171 0.020981 0.012167
v 0.029400 0.021907 0.011447
v 0.024627 0.021459 0.035343
v 0.022789 0.021094 0.033841
v 0.021219 0.020778 0.031976
v 0.020053 0.020547 0.029921
v 0.019336 0.020401 0.027950
v 0.019094 0.020355 0.024371
v 0.019338 0.020401 0.020788
v 0.020059 0.020546 0.018812
v 0.021226 0.020775 0.016755
v 0.022798 0.021091 0.014888
v 0.024709 0.021472 0.013331
v 0.026889 0.021906 0.012168
v 0.029257 0.022380 0.011447
v -0.033081 0.022888 0.035719
v -0.034691 0.022888 0.035401
v -0.036176 0.022888 0.034913
v -0.037424 0.022888 0.034336
v -0.033049 0.023216 0.035719
v -0.034628 0.023530 0.035402
v -0.036086 0.023820 0.034915
v -0.037306 0.024064 0.034337
v -0.032953 0.023530 0.035719
v -0.034440 0.024148 0.035403
v -0.035813 0.024716 0.034915
v -0.036965 0.025193 0.034338
v -0.032800 0.023820 0.035720
v -0.034138 0.024716 0.035403
v -0.035372 0.025544 0.034915
v -0.036409 0.026236 0.034339
v -0.032590 0.024075 0.035720
v -0.033730 0.025215 0.035405
v -0.034781 0.026270 0.034917
v -0.035661 0.027151 0.034341
v -0.032339 0.024286 0.035722
v -0.033232 0.025626 0.035405
v -0.034058 0.026863 0.034919
v -0.034747 0.027901 0.034341
v -0.032048 0.024438 0.035722
v -0.032665 0.025929 0.035406
v -0.033231 0.027305 0.034918
v -0.033707 0.028457 0.034341
v -0.031735 0.024536 0.035722
v -0.032048 0.026118 0.035406
v -0.032339 0.027579 0.034919
v -0.032580 0.028801 0.034341
v -0.031407 0.024568 0.035722
v -0.031407 0.026182 0.035406
v -0.031408 0.027671 0.034920
v -0.031407 0.028921 0.034341
v -0.031080 0.024536 0.035723
v -0.030767 0.026118 0.035407
v -0.030475 0.027580 0.034920
v -0.030233 0.028802 0.034342
v -0.030766 0.024439 0.035722
v -0.030150 0.025931 0.035406
v -0.029581 0.027306 0.034920
v -0.029106 0.028458 0.034342
v -0.030476 0.024286 0.035722
v -0.029581 0.025628 0.035406
v -0.028757 0.026865 0.034920
v -0.028066 0.027903 0.034342
v -0.030225 0.024076 0.035721
v -0.029085 0.025215 0.035405
v -0.028033 0.026272 0.034918
v -0.027151 0.027154 0.034341
v -0.030014 0.023821 0.035721
v -0.028677 0.024718 0.035404
v -0.027443 0.025547 0.034917
v -0.026407 0.026238 0.034339
v -0.029862 0.023531 0.035720
v -0.028375 0.024150 0.035403
v -0.027003 0.024718 0.034915
v -0.025851 0.025195 0.034336
v -0.029765 0.023217 0.035719
v -0.028186 0.023531 0.035401
v -0.026731 0.023821 0.034914
v -0.025511 0.024065 0.034336
v -0.029733 0.022889 0.035719
v -0.028124 0.022889 0.035401
v -0.026639 0.022889 0.034913
v -0.025392 0.022888 0.034335
v -0.029766 0.022559 0.035718
v -0.028187 0.022245 0.035400
v -0.026732 0.021955 0.034911
v -0.025512 0.021713 0.034334
v -0.029864 0.022244 0.035718
v -0.028377 0.021628 0.035399
v -0.027005 0.021059 0.034911
v -0.025854 0.020583 0.034332
v -0.030016 0.021954 0.035718
v -0.028679 0.021058 0.035399
v -0.027445 0.020232 0.034910
v -0.026410 0.019539 0.034330
v -0.030226 0.021701 0.035719
v -0.029087 0.020561 0.035401
v -0.028037 0.019508 0.034910
v -0.027159 0.018623 0.034330
v -0.030478 0.021492 0.035718
v -0.029584 0.020151 0.035398
v -0.028761 0.018912 0.034910
v -0.028071 0.017874 0.034329
v -0.030768 0.021337 0.035718
v -0.030152 0.019847 0.035399
v -0.029585 0.018473 0.034909
v -0.029111 0.017319 0.034329
v -0.031082 0.021241 0.035717
v -0.030769 0.019658 0.035398
v -0.030479 0.018199 0.034909
v -0.030237 0.016973 0.034329
v -0.031409 0.021208 0.035718
v -0.031409 0.019596 0.035399
v -0.031410 0.018107 0.034910
v -0.031410 0.016857 0.034330
v -0.031735 0.021240 0.035716
v -0.032050 0.019657 0.035398
v -0.032340 0.018198 0.034909
v -0.032582 0.016973 0.034331
v -0.032048 0.021338 0.035717
v -0.032665 0.019845 0.035399
v -0.033232 0.018471 0.034911
v -0.033708 0.017317 0.034330
v -0.032339 0.021491 0.035716
v -0.033232 0.020150 0.035398
v -0.034058 0.018910 0.034911
v -0.034749 0.017872 0.034331
v -0.032590 0.021700 0.035716
v -0.033730 0.020560 0.035398
v -0.034780 0.019505 0.034910
v -0.035660 0.018620 0.034331
v -0.032799 0.021955 0.035715
v -0.034137 0.021058 0.035395
v -0.035370 0.020231 0.034908
v -0.036407 0.019537 0.034330
v -0.031407 0.022889 0.035831
v -0.032951 0.022245 0.035716
v -0.034438 0.021629 0.035397
v -0.035810 0.021058 0.034908
v -0.036961 0.020582 0.034330
v -0.033048 0.022561 0.035718
v -0.034625 0.022244 0.035398
v -0.036082 0.021954 0.034909
v -0.037303 0.021712 0.034332
v -0.038640 0.022887 0.033621
v -0.040518 0.022885 0.032120
v -0.042120 0.022884 0.030255
v -0.043309 0.022883 0.028202
v -0.044040 0.022882 0.026230
v -0.044282 0.022880 0.022650
v -0.044031 0.022879 0.019064
v -0.043297 0.022879 0.017091
v -0.042106 0.022879 0.015035
v -0.040503 0.022879 0.013167
v -0.038554 0.022878 0.011611
v -0.036326 0.022878 0.010447
v -0.033914 0.022878 0.009725
v -0.038498 0.024300 0.033622
v -0.040340 0.024663 0.032121
v -0.041912 0.024978 0.030257
v -0.043080 0.025207 0.028203
v -0.043794 0.025353 0.026227
v -0.044035 0.025399 0.022650
v -0.043789 0.025351 0.019067
v -0.043067 0.025203 0.017091
v -0.041899 0.024972 0.015035
v -0.040326 0.024656 0.013166
v -0.038413 0.024277 0.011609
v -0.036233 0.023842 0.010446
v -0.033866 0.023370 0.009724
v -0.038087 0.025659 0.033624
v -0.039822 0.026378 0.032122
v -0.041301 0.026995 0.030257
v -0.042400 0.027447 0.028203
v -0.043074 0.027727 0.026227
v -0.043300 0.027817 0.022650
v -0.043069 0.027725 0.019068
v -0.042391 0.027442 0.017091
v -0.041289 0.026987 0.015036
v -0.039809 0.026370 0.013167
v -0.038008 0.025621 0.011610
v -0.035952 0.024769 0.010446
v -0.033722 0.023842 0.009724
v -0.037420 0.026913 0.033625
v -0.038981 0.027958 0.032121
v -0.040309 0.028849 0.030257
v -0.041298 0.029509 0.028203
v -0.041907 0.029914 0.026229
v -0.042110 0.030052 0.022650
v -0.041901 0.029911 0.019066
v -0.041290 0.029505 0.017089
v -0.040299 0.028841 0.015033
v -0.038969 0.027949 0.013168
v -0.037347 0.026862 0.011611
v -0.035499 0.025622 0.010447
v -0.033489 0.024278 0.009725
v -0.036521 0.028010 0.033625
v -0.037847 0.029341 0.032123
v -0.038977 0.030474 0.030256
v -0.039817 0.031315 0.028204
v -0.040332 0.031832 0.026229
v -0.040507 0.032006 0.022649
v -0.040329 0.031829 0.019065
v -0.039810 0.031310 0.017090
v -0.038969 0.030468 0.015036
v -0.037838 0.029332 0.013166
v -0.036459 0.027949 0.011611
v -0.034884 0.026370 0.010447
v -0.033175 0.024658 0.009724
v -0.035424 0.028914 0.033624
v -0.036466 0.030476 0.032121
v -0.037355 0.031809 0.030256
v -0.038014 0.032799 0.028203
v -0.038418 0.033409 0.026227
v -0.038557 0.033613 0.022649
v -0.038415 0.033406 0.019065
v -0.038010 0.032794 0.017090
v -0.037348 0.031801 0.015034
v -0.036459 0.030468 0.013169
v -0.035374 0.028841 0.011611
v -0.034137 0.026987 0.010446
v -0.032797 0.024973 0.009725
v -0.034172 0.029582 0.033625
v -0.034890 0.031318 0.032121
v -0.035505 0.032800 0.030256
v -0.035956 0.033899 0.028201
v -0.036236 0.034578 0.026225
v -0.036329 0.034808 0.022649
v -0.036234 0.034577 0.019067
v -0.035953 0.033895 0.017091
v -0.035499 0.032794 0.015035
v -0.034883 0.031309 0.013166
v -0.034136 0.029503 0.011611
v -0.033286 0.027442 0.010445
v -0.032362 0.025203 0.009725
v -0.032817 0.029996 0.033624
v -0.033181 0.031837 0.032120
v -0.033493 0.033412 0.030255
v -0.033724 0.034581 0.028199
v -0.033867 0.035299 0.026226
v -0.033915 0.035541 0.022648
v -0.033866 0.035297 0.019066
v -0.033721 0.034575 0.017090
v -0.033489 0.033405 0.015034
v -0.033174 0.031828 0.013166
v -0.032797 0.029911 0.011609
v -0.032362 0.027725 0.010446
v -0.031892 0.025351 0.009725
v -0.031406 0.030135 0.033623
v -0.031405 0.032013 0.032121
v -0.031405 0.033620 0.030254
v -0.031404 0.034811 0.028200
v -0.031403 0.035544 0.026228
v -0.031403 0.035788 0.022649
v -0.031402 0.035540 0.019062
v -0.031402 0.034807 0.017090
v -0.031401 0.033612 0.015034
v -0.031402 0.032004 0.013165
v -0.031402 0.030050 0.011610
v -0.031402 0.027817 0.010445
v -0.031402 0.025398 0.009725
v -0.029996 0.029997 0.033623
v -0.029633 0.031841 0.032120
v -0.029317 0.033413 0.030255
v -0.029085 0.034581 0.028199
v -0.028940 0.035300 0.026226
v -0.028892 0.035543 0.022647
v -0.028939 0.035297 0.019065
v -0.029083 0.034576 0.017089
v -0.029315 0.033405 0.015033
v -0.029627 0.031828 0.013164
v -0.030007 0.029911 0.011608
v -0.030441 0.027724 0.010445
v -0.030911 0.025350 0.009724
v -0.028638 0.029584 0.033625
v -0.027923 0.031320 0.032121
v -0.027307 0.032802 0.030255
v -0.026853 0.033901 0.028199
v -0.026572 0.034580 0.026225
v -0.026480 0.034810 0.022646
v -0.026572 0.034578 0.019064
v -0.026853 0.033896 0.017088
v -0.027307 0.032795 0.015032
v -0.027921 0.031311 0.013164
v -0.028667 0.029504 0.011609
v -0.029517 0.027442 0.010445
v -0.030442 0.025204 0.009724
v -0.027390 0.028918 0.033624
v -0.026346 0.030479 0.032120
v -0.025457 0.031811 0.030255
v -0.024797 0.032801 0.028199
v -0.024392 0.033411 0.026227
v -0.024252 0.033616 0.022645
v -0.024392 0.033408 0.019061
v -0.024797 0.032796 0.017086
v -0.025457 0.031803 0.015031
v -0.026347 0.030468 0.013165
v -0.027430 0.028842 0.011609
v -0.028667 0.026988 0.010445
v -0.030007 0.024973 0.009724
v -0.026294 0.028015 0.033625
v -0.024966 0.029344 0.032121
v -0.023835 0.030477 0.030252
v -0.022996 0.031318 0.028199
v -0.022479 0.031837 0.026226
v -0.022304 0.032009 0.022644
v -0.022480 0.031833 0.019060
v -0.022998 0.031313 0.017084
v -0.023837 0.030469 0.015031
v -0.024968 0.029335 0.013163
v -0.026347 0.027952 0.011609
v -0.027921 0.026372 0.010445
v -0.029627 0.024658 0.009724
v -0.025393 0.026916 0.033623
v -0.023835 0.027962 0.032119
v -0.022504 0.028852 0.030254
v -0.021516 0.029512 0.028198
v -0.020908 0.029917 0.026225
v -0.020702 0.030056 0.022644
v -0.020908 0.029915 0.019060
v -0.021519 0.029507 0.017084
v -0.022507 0.028845 0.015030
v -0.023837 0.027952 0.013164
v -0.025458 0.026864 0.011608
v -0.027306 0.025623 0.010444
v -0.029315 0.024279 0.009724
v -0.024729 0.025662 0.033622
v -0.022994 0.026381 0.032119
v -0.021516 0.026997 0.030253
v -0.020417 0.027450 0.028196
v -0.019742 0.027730 0.026222
v -0.019514 0.027823 0.022642
v -0.019743 0.027728 0.019061
v -0.020419 0.027445 0.017085
v -0.021519 0.026990 0.015030
v -0.022997 0.026373 0.013162
v -0.024798 0.025623 0.011607
v -0.026853 0.024770 0.010444
v -0.029083 0.023843 0.009723
v -0.024317 0.024303 0.033619
v -0.022478 0.024666 0.032116
v -0.020907 0.024982 0.030252
v -0.019741 0.025210 0.028194
v -0.019023 0.025357 0.026222
v -0.018781 0.025404 0.022642
v -0.019025 0.025355 0.019059
v -0.019743 0.025207 0.017084
v -0.020909 0.024976 0.015029
v -0.022481 0.024659 0.013161
v -0.024392 0.024280 0.011605
v -0.026572 0.023843 0.010443
v -0.028938 0.023371 0.009723
v -0.024179 0.022888 0.033617
v -0.022303 0.022888 0.032115
v -0.020702 0.022887 0.030247
v -0.019514 0.022887 0.028193
v -0.018782 0.022886 0.026223
v -0.018535 0.022886 0.022642
v -0.018784 0.022883 0.019056
v -0.019515 0.022883 0.017083
v -0.020704 0.022882 0.015029
v -0.022305 0.022881 0.013160
v -0.024253 0.022881 0.011606
v -0.026480 0.022880 0.010442
v -0.028892 0.022880 0.009723
v -0.024320 0.021473 0.033615
v -0.022480 0.021108 0.032113
v -0.020910 0.020792 0.030246
v -0.019743 0.020561 0.028192
v -0.019025 0.020414 0.026219
v -0.018782 0.020367 0.022640
v -0.019026 0.020413 0.019058
v -0.019744 0.020558 0.017083
v -0.020911 0.020787 0.015027
v -0.022482 0.021102 0.013160
v -0.024392 0.021482 0.011605
v -0.026572 0.021915 0.010442
v -0.028939 0.022388 0.009723
v -0.024733 0.020114 0.033614
v -0.023000 0.019394 0.032110
v -0.021522 0.018778 0.030244
v -0.020422 0.018321 0.028190
v -0.019745 0.018038 0.026215
v -0.019517 0.017946 0.022639
v -0.019745 0.018036 0.019057
v -0.020422 0.018318 0.017082
v -0.021520 0.018772 0.015027
v -0.022998 0.019388 0.013161
v -0.024799 0.020138 0.011606
v -0.026854 0.020990 0.010442
v -0.029083 0.021914 0.009723
v -0.025400 0.018861 0.033612
v -0.023841 0.017814 0.032108
v -0.022512 0.016921 0.030243
v -0.021522 0.016261 0.028190
v -0.020912 0.015854 0.026216
v -0.020706 0.015712 0.022638
v -0.020912 0.015852 0.019055
v -0.021521 0.016258 0.017081
v -0.022510 0.016917 0.015027
v -0.023839 0.017809 0.013161
v -0.025459 0.018895 0.011605
v -0.027307 0.020137 0.010442
v -0.029316 0.021480 0.009722
v -0.026299 0.017763 0.033611
v -0.024973 0.016430 0.032108
v -0.023842 0.015296 0.030241
v -0.023001 0.014455 0.028189
v -0.022485 0.013934 0.026216
v -0.022308 0.013758 0.022637
v -0.022483 0.013932 0.019054
v -0.023000 0.014450 0.017079
v -0.023840 0.015292 0.015027
v -0.024970 0.016426 0.013160
v -0.026348 0.017807 0.011606
v -0.027922 0.019386 0.010442
v -0.029628 0.021099 0.009722
v -0.027395 0.016861 0.033611
v -0.026353 0.015296 0.032106
v -0.025463 0.013964 0.030242
v -0.024803 0.012971 0.028189
v -0.024397 0.012357 0.026215
v -0.024257 0.012149 0.022637
v -0.024396 0.012356 0.019054
v -0.024801 0.012969 0.017080
v -0.025461 0.013961 0.015026
v -0.026349 0.015291 0.013161
v -0.027433 0.016916 0.011605
v -0.028668 0.018770 0.010443
v -0.030008 0.020783 0.009722
v -0.031402 0.022880 0.009481
v -0.028646 0.016193 0.033612
v -0.027927 0.014456 0.032107
v -0.027313 0.012972 0.030242
v -0.026859 0.011868 0.028188
v -0.026577 0.011187 0.026214
v -0.026485 0.010957 0.022638
v -0.026576 0.011186 0.019057
v -0.026857 0.011866 0.017082
v -0.027309 0.012968 0.015026
v -0.027923 0.014448 0.013160
v -0.028669 0.016256 0.011605
v -0.029519 0.018315 0.010442
v -0.030443 0.020553 0.009722
v -0.030001 0.015780 0.033611
v -0.029635 0.013935 0.032108
v -0.029322 0.012358 0.030242
v -0.029089 0.011187 0.028188
v -0.028944 0.010466 0.026214
v -0.028896 0.010224 0.022638
v -0.028943 0.010466 0.019057
v -0.029087 0.011185 0.017083
v -0.029319 0.012354 0.015027
v -0.029630 0.013930 0.013160
v -0.030009 0.015848 0.011605
v -0.030444 0.018032 0.010443
v -0.030912 0.020408 0.009722
v -0.031410 0.015640 0.033611
v -0.031409 0.013759 0.032107
v -0.031410 0.012151 0.030241
v -0.031408 0.010958 0.028188
v -0.031408 0.010224 0.026217
v -0.031407 0.009976 0.022639
v -0.031406 0.010223 0.019055
v -0.031406 0.010955 0.017083
v -0.031405 0.012147 0.015029
v -0.031405 0.013754 0.013161
v -0.031404 0.015707 0.011606
v -0.031403 0.017941 0.010443
v -0.031403 0.020362 0.009722
v -0.032820 0.015779 0.033612
v -0.033185 0.013934 0.032108
v -0.033497 0.012357 0.030244
v -0.033728 0.011186 0.028189
v -0.033871 0.010465 0.026216
v -0.033918 0.010223 0.022640
v -0.033869 0.010464 0.019058
v -0.033725 0.011183 0.017084
v -0.033492 0.012353 0.015028
v -0.033177 0.013929 0.013161
v -0.032799 0.015848 0.011606
v -0.032363 0.018032 0.010444
v -0.031893 0.020407 0.009723
v -0.034174 0.016191 0.033614
v -0.034892 0.014451 0.032110
v -0.035507 0.012969 0.030245
v -0.035959 0.011866 0.028191
v -0.036238 0.011184 0.026216
v -0.036331 0.010956 0.022641
v -0.036237 0.011184 0.019059
v -0.035956 0.011864 0.017084
v -0.035502 0.012966 0.015029
v -0.034886 0.014447 0.013162
v -0.034139 0.016255 0.011607
v -0.033288 0.018314 0.010444
v -0.032362 0.020553 0.009723
v -0.035425 0.016858 0.033613
v -0.036468 0.015292 0.032110
v -0.037357 0.013960 0.030246
v -0.038016 0.012968 0.028193
v -0.038420 0.012354 0.026218
v -0.038560 0.012147 0.022642
v -0.038418 0.012353 0.019059
v -0.038012 0.012966 0.017084
v -0.037350 0.013957 0.015029
v -0.036461 0.015290 0.013164
v -0.035375 0.016914 0.011607
v -0.034138 0.018768 0.010444
v -0.032798 0.020783 0.009724
v -0.036520 0.017761 0.033614
v -0.037847 0.016427 0.032112
v -0.038977 0.015292 0.030246
v -0.039818 0.014450 0.028195
v -0.040334 0.013930 0.026221
v -0.040509 0.013754 0.022643
v -0.040331 0.013929 0.019060
v -0.039813 0.014447 0.017084
v -0.038971 0.015289 0.015032
v -0.037840 0.016423 0.013164
v -0.036460 0.017805 0.011608
v -0.034885 0.019384 0.010444
v -0.033175 0.021098 0.009724
v -0.037418 0.018856 0.033614
v -0.038979 0.017810 0.032113
v -0.040309 0.016917 0.030249
v -0.041299 0.016257 0.028196
v -0.041908 0.015849 0.026223
v -0.042111 0.015707 0.022644
v -0.041904 0.015848 0.019062
v -0.041292 0.016254 0.017087
v -0.040301 0.016914 0.015031
v -0.038971 0.017806 0.013166
v -0.037349 0.018893 0.011609
v -0.035500 0.020135 0.010445
v -0.033490 0.021479 0.009724
v -0.038084 0.020112 0.033615
v -0.039820 0.019391 0.032114
v -0.041300 0.018772 0.030251
v -0.042401 0.018317 0.028198
v -0.043076 0.018033 0.026224
v -0.043300 0.017939 0.022646
v -0.043071 0.018033 0.019065
v -0.042393 0.018314 0.017089
v -0.041291 0.018769 0.015032
v -0.039811 0.019385 0.013165
v -0.038009 0.020136 0.011609
v -0.035952 0.020988 0.010445
v -0.033722 0.021913 0.009724
v -0.038496 0.021471 0.033616
v -0.040340 0.021106 0.032118
v -0.041913 0.020787 0.030253
v -0.043080 0.020557 0.028201
v -0.043795 0.020410 0.026226
v -0.044035 0.020361 0.022648
v -0.043789 0.020409 0.019066
v -0.043069 0.020553 0.017090
v -0.041900 0.020784 0.015034
v -0.040327 0.021098 0.013166
v -0.038415 0.021480 0.011609
v -0.036234 0.021913 0.010446
v -0.033866 0.022387 0.009724
vt 0.320158 0.910796
vt 0.321315 0.910417
vt 0.319283 0.911652
vt 0.319723 0.969626
vt 0.318528 0.969159
vt 0.317655 0.968212
vt 0.317878 0.915035
vt 0.323601 0.910106
vt 0.324799 0.910196
vt 0.312586 0.926598
vt 0.340471 0.919278
vt 0.344303 0.927313
vt 0.327941 0.910638
vt 0.316371 0.964631
vt 0.315079 0.920905
vt 0.331227 0.911729
vt 0.322062 0.970040
vt 0.321086 0.970155
vt 0.310558 0.946408
vt 0.310223 0.939387
vt 0.343790 0.953288
vt 0.322650 0.909960
vt 0.311026 0.932461
vt 0.313868 0.958430
vt 0.311728 0.952459
vt 0.339519 0.961360
vt 0.323267 0.969989
vt 0.326434 0.969667
vt 0.336158 0.914311
vt 0.329776 0.968695
vt 0.334910 0.966266
vt 0.344902 0.940274
vt 0.811216 0.389013
vt 0.812627 0.390449
vt 0.810962 0.389433
vt 0.810576 0.388995
vt 0.810785 0.388499
vt 0.811351 0.388549
vt 0.813293 0.389581
vt 0.813458 0.388443
vt 0.817290 0.390213
vt 0.815649 0.392532
vt 0.811510 0.395426
vt 0.810948 0.391223
vt 0.810600 0.389943
vt 0.810074 0.390998
vt 0.810056 0.390014
vt 0.810340 0.389463
vt 0.809832 0.389641
vt 0.809972 0.389048
vt 0.810245 0.388526
vt 0.809378 0.388045
vt 0.809721 0.387029
vt 0.808226 0.385005
vt 0.810522 0.386445
vt 0.810675 0.387820
vt 0.810497 0.388047
vt 0.810887 0.388137
vt 0.811069 0.387798
vt 0.811429 0.387914
vt 0.811409 0.388186
vt 0.813239 0.387389
vt 0.817835 0.387618
vt 0.817116 0.385468
vt 0.819141 0.384667
vt 0.820131 0.387463
vt 0.819956 0.390676
vt 0.818254 0.393694
vt 0.820986 0.391802
vt 0.819176 0.395012
vt 0.813062 0.397808
vt 0.813998 0.399831
vt 0.808622 0.399249
vt 0.809244 0.401254
vt 0.804966 0.400229
vt 0.803823 0.398608
vt 0.808572 0.396869
vt 0.804467 0.395055
vt 0.809208 0.393017
vt 0.809803 0.393101
vt 0.809537 0.390604
vt 0.809845 0.390062
vt 0.808888 0.389755
vt 0.808876 0.388910
vt 0.806661 0.389074
vt 0.807147 0.391122
vt 0.802460 0.391570
vt 0.801160 0.395569
vt 0.801679 0.398112
vt 0.800567 0.398169
vt 0.801783 0.399403
vt 0.803266 0.399745
vt 0.801238 0.404080
vt 0.799738 0.403578
vt 0.801564 0.406877
vt 0.799077 0.407672
vt 0.795980 0.402290
vt 0.798058 0.396212
vt 0.791043 0.398598
vt 0.795220 0.393871
vt 0.799476 0.392563
vt 0.798139 0.389173
vt 0.802120 0.388254
vt 0.798566 0.385494
vt 0.803659 0.384942
vt 0.807163 0.387161
vt 0.808181 0.380507
vt 0.811191 0.382975
vt 0.814817 0.380645
vt 0.819134 0.374413
vt 0.809496 0.372818
vt 0.805304 0.375827
vt 0.805452 0.370683
vt 0.808042 0.367330
vt 0.814372 0.365620
vt 0.811098 0.360571
vt 0.817753 0.356322
vt 0.812467 0.353733
vt 0.817796 0.350175
vt 0.827832 0.349763
vt 0.828071 0.362016
vt 0.836949 0.347599
vt 0.841548 0.366860
vt 0.828987 0.375133
vt 0.824864 0.376413
vt 0.824705 0.379398
vt 0.828600 0.378835
vt 0.825715 0.382731
vt 0.818384 0.381253
vt 0.818361 0.379791
vt 0.817014 0.380335
vt 0.817046 0.381000
vt 0.817712 0.382613
vt 0.820676 0.384432
vt 0.814981 0.382379
vt 0.816178 0.384187
vt 0.812725 0.386788
vt 0.811906 0.386236
vt 0.814342 0.381156
vt 0.815988 0.379989
vt 0.816629 0.378906
vt 0.826267 0.386704
vt 0.821712 0.388140
vt 0.826462 0.391296
vt 0.825035 0.395651
vt 0.828429 0.395658
vt 0.830037 0.391654
vt 0.832734 0.398800
vt 0.826824 0.398988
vt 0.828089 0.404747
vt 0.823436 0.399331
vt 0.819416 0.407813
vt 0.826303 0.413673
vt 0.836524 0.406221
vt 0.832544 0.418836
vt 0.841838 0.409360
vt 0.841960 0.422107
vt 0.824206 0.426786
vt 0.820350 0.421091
vt 0.817430 0.425772
vt 0.813949 0.419180
vt 0.813200 0.413431
vt 0.804946 0.410631
vt 0.802061 0.415357
vt 0.811372 0.425142
vt 0.795310 0.429724
vt 0.796408 0.414377
vt 0.790751 0.426691
vt 0.793782 0.413329
vt 0.784708 0.422328
vt 0.783854 0.413439
vt 0.791709 0.409370
vt 0.795753 0.408433
vt 0.792950 0.403327
vt 0.789652 0.405088
vt 0.789966 0.399924
vt 0.787640 0.396086
vt 0.792861 0.390241
vt 0.790434 0.387296
vt 0.794917 0.385025
vt 0.791975 0.383548
vt 0.796159 0.380366
vt 0.800951 0.382403
vt 0.802510 0.376391
vt 0.802812 0.371178
vt 0.799039 0.372129
vt 0.803175 0.367831
vt 0.804227 0.366432
vt 0.801248 0.366536
vt 0.802659 0.363978
vt 0.805745 0.363241
vt 0.804191 0.360886
vt 0.807041 0.357899
vt 0.804903 0.356940
vt 0.807885 0.353531
vt 0.811951 0.349980
vt 0.807801 0.351112
vt 0.810993 0.345858
vt 0.816449 0.343800
vt 0.808983 0.341236
vt 0.806531 0.342914
vt 0.807119 0.347395
vt 0.805328 0.345912
vt 0.804729 0.342106
vt 0.805440 0.339855
vt 0.803726 0.338142
vt 0.805881 0.336559
vt 0.801200 0.332647
vt 0.807392 0.330136
vt 0.813318 0.336375
vt 0.816408 0.327080
vt 0.807645 0.320422
vt 0.813479 0.316267
vt 0.799846 0.310734
vt 0.805015 0.304999
vt 0.823540 0.313807
vt 0.826161 0.329997
vt 0.843188 0.337592
vt 0.707155 0.434057
vt 0.685943 0.425826
vt 0.705884 0.403060
vt 0.686771 0.389258
vt 0.704238 0.367952
vt 0.854658 0.372307
vt 0.841533 0.394260
vt 0.834893 0.378444
vt 0.834602 0.390090
vt 0.832809 0.385809
vt 0.832878 0.381362
vt 0.828898 0.382544
vt 0.832038 0.383560
vt 0.829681 0.387066
vt 0.846301 0.399943
vt 0.853968 0.400582
vt 0.686613 0.353874
vt 0.700831 0.340590
vt 0.687960 0.321276
vt 0.701529 0.318275
vt 0.702377 0.299209
vt 0.691124 0.292404
vt 0.702060 0.281288
vt 0.825602 0.438183
vt 0.807490 0.451170
vt 0.816751 0.434073
vt 0.803380 0.439002
vt 0.795151 0.450125
vt 0.793659 0.442339
vt 0.788995 0.438499
vt 0.791196 0.446297
vt 0.786140 0.444569
vt 0.783158 0.442635
vt 0.785849 0.436541
vt 0.782052 0.435415
vt 0.781589 0.441464
vt 0.778684 0.435514
vt 0.776337 0.429867
vt 0.773833 0.434589
vt 0.778214 0.443033
vt 0.772147 0.438009
vt 0.769383 0.432770
vt 0.766268 0.439038
vt 0.763371 0.433545
vt 0.766652 0.426106
vt 0.760874 0.426684
vt 0.761923 0.408467
vt 0.756211 0.409066
vt 0.758861 0.397542
vt 0.752803 0.398210
vt 0.756461 0.386402
vt 0.750211 0.387530
vt 0.749065 0.376616
vt 0.746895 0.387406
vt 0.748849 0.398150
vt 0.746113 0.397346
vt 0.748182 0.408569
vt 0.751745 0.409223
vt 0.752371 0.427657
vt 0.745653 0.419617
vt 0.744090 0.403299
vt 0.740512 0.416385
vt 0.740018 0.401899
vt 0.742349 0.394180
vt 0.744080 0.386622
vt 0.740304 0.384331
vt 0.742955 0.376179
vt 0.738047 0.374979
vt 0.741968 0.366524
vt 0.736212 0.365536
vt 0.741497 0.348894
vt 0.735142 0.347329
vt 0.744720 0.335381
vt 0.737220 0.333015
vt 0.747829 0.330052
vt 0.740778 0.326137
vt 0.744374 0.322137
vt 0.741829 0.321209
vt 0.737327 0.326063
vt 0.737388 0.319058
vt 0.732367 0.326243
vt 0.725768 0.307293
vt 0.739517 0.305817
vt 0.737124 0.290630
vt 0.742297 0.298790
vt 0.749759 0.304185
vt 0.745477 0.311196
vt 0.741182 0.313542
vt 0.745986 0.317547
vt 0.748926 0.315479
vt 0.748276 0.318351
vt 0.751348 0.326140
vt 0.754513 0.322986
vt 0.754577 0.329442
vt 0.757898 0.326159
vt 0.760520 0.329393
vt 0.757688 0.332365
vt 0.751340 0.332861
vt 0.754850 0.335958
vt 0.748853 0.337901
vt 0.752997 0.340393
vt 0.745841 0.350564
vt 0.750419 0.351827
vt 0.749196 0.366931
vt 0.755239 0.366722
vt 0.755565 0.375845
vt 0.745557 0.366553
vt 0.745872 0.376431
vt 0.758876 0.367045
vt 0.758949 0.375650
vt 0.759978 0.385384
vt 0.762104 0.384823
vt 0.761381 0.375568
vt 0.763288 0.375757
vt 0.764285 0.384384
vt 0.766391 0.392942
vt 0.764257 0.394623
vt 0.769580 0.401349
vt 0.767505 0.404830
vt 0.761943 0.396150
vt 0.764665 0.407268
vt 0.772127 0.419515
vt 0.769766 0.423526
vt 0.774307 0.425278
vt 0.778776 0.417344
vt 0.775792 0.412909
vt 0.779546 0.411817
vt 0.782919 0.408094
vt 0.779502 0.407257
vt 0.781354 0.404128
vt 0.787403 0.401587
vt 0.784213 0.398092
vt 0.786637 0.396920
vt 0.782109 0.393450
vt 0.779549 0.394419
vt 0.778608 0.389406
vt 0.775438 0.389482
vt 0.776675 0.383485
vt 0.773256 0.383329
vt 0.776501 0.376778
vt 0.773499 0.376383
vt 0.776940 0.364575
vt 0.780585 0.365005
vt 0.779165 0.377120
vt 0.785172 0.364873
vt 0.788829 0.379292
vt 0.793112 0.369034
vt 0.797708 0.370248
vt 0.800509 0.365501
vt 0.799785 0.363560
vt 0.801822 0.362627
vt 0.801898 0.361199
vt 0.802958 0.359942
vt 0.803047 0.358896
vt 0.804597 0.356396
vt 0.803715 0.355182
vt 0.805381 0.353314
vt 0.805341 0.351579
vt 0.805028 0.348778
vt 0.803551 0.351692
vt 0.804128 0.348781
vt 0.803573 0.345142
vt 0.802326 0.345636
vt 0.800538 0.341714
vt 0.802448 0.340754
vt 0.800590 0.340329
vt 0.799407 0.335648
vt 0.798019 0.337578
vt 0.789189 0.334851
vt 0.787651 0.333992
vt 0.795971 0.329783
vt 0.784591 0.329510
vt 0.793516 0.323152
vt 0.781185 0.325433
vt 0.792390 0.317172
vt 0.799723 0.318247
vt 0.793582 0.310711
vt 0.789592 0.311853
vt 0.779552 0.310550
vt 0.781315 0.304634
vt 0.788073 0.301970
vt 0.770047 0.307149
vt 0.772410 0.288864
vt 0.764884 0.301344
vt 0.760806 0.299106
vt 0.754587 0.286656
vt 0.739827 0.487799
vt 0.757843 0.488827
vt 0.756514 0.528817
vt 0.725119 0.523721
vt 0.700063 0.507070
vt 0.693909 0.575105
vt 0.738443 0.585604
vt 0.714902 0.632636
vt 0.666073 0.614367
vt 0.653422 0.555904
vt 0.625577 0.596147
vt 0.609721 0.567783
vt 0.606058 0.586685
vt 0.568546 0.571926
vt 0.566764 0.541175
vt 0.544201 0.570431
vt 0.547945 0.593644
vt 0.572523 0.596915
vt 0.548403 0.615738
vt 0.586873 0.626679
vt 0.545840 0.636292
vt 0.574823 0.656561
vt 0.532442 0.653803
vt 0.553622 0.680533
vt 0.521948 0.694509
vt 0.536046 0.735473
vt 0.579324 0.715348
vt 0.606392 0.763126
vt 0.552456 0.798139
vt 0.497385 0.776543
vt 0.467039 0.857920
vt 0.452622 0.814661
vt 0.470167 0.764737
vt 0.502195 0.732827
vt 0.475408 0.731459
vt 0.494450 0.695477
vt 0.508400 0.662084
vt 0.485389 0.662859
vt 0.498427 0.635971
vt 0.478645 0.634876
vt 0.496831 0.617037
vt 0.474832 0.613239
vt 0.495990 0.598889
vt 0.472292 0.593896
vt 0.494709 0.580989
vt 0.471297 0.576206
vt 0.492908 0.562993
vt 0.470353 0.559204
vt 0.489723 0.544680
vt 0.467590 0.541878
vt 0.484652 0.527527
vt 0.463983 0.525208
vt 0.478793 0.507912
vt 0.460513 0.505710
vt 0.475327 0.490996
vt 0.458362 0.488491
vt 0.472700 0.476500
vt 0.456011 0.473849
vt 0.469616 0.463531
vt 0.486733 0.465234
vt 0.489790 0.477826
vt 0.505268 0.472146
vt 0.510471 0.485702
vt 0.493118 0.491805
vt 0.498510 0.508386
vt 0.521166 0.501228
vt 0.507370 0.528432
vt 0.533227 0.522968
vt 0.514563 0.546149
vt 0.540087 0.545154
vt 0.518636 0.567465
vt 0.521423 0.587361
vt 0.561324 0.505670
vt 0.609716 0.532300
vt 0.610980 0.500516
vt 0.648316 0.516233
vt 0.690195 0.482652
vt 0.724611 0.472713
vt 0.712526 0.454908
vt 0.684733 0.457503
vt 0.645048 0.486572
vt 0.647348 0.449196
vt 0.651455 0.409974
vt 0.622255 0.423377
vt 0.615453 0.462817
vt 0.588735 0.435326
vt 0.578369 0.470300
vt 0.566907 0.437929
vt 0.555842 0.465848
vt 0.549354 0.436198
vt 0.539444 0.458072
vt 0.529764 0.448973
vt 0.518049 0.462853
vt 0.525420 0.475145
vt 0.500991 0.460150
vt 0.511978 0.451825
vt 0.497367 0.450203
vt 0.483734 0.452686
vt 0.493252 0.438859
vt 0.480866 0.439843
vt 0.489302 0.429311
vt 0.497444 0.426664
vt 0.501740 0.434264
vt 0.507576 0.443973
vt 0.516424 0.435205
vt 0.521874 0.440888
vt 0.538725 0.432170
vt 0.529081 0.427976
vt 0.534038 0.414994
vt 0.527382 0.414824
vt 0.522820 0.425035
vt 0.518955 0.413625
vt 0.515085 0.420998
vt 0.512027 0.412031
vt 0.513422 0.405444
vt 0.520518 0.405563
vt 0.518487 0.396442
vt 0.512434 0.397757
vt 0.516494 0.392011
vt 0.510518 0.393921
vt 0.512950 0.388470
vt 0.508223 0.390756
vt 0.507951 0.385317
vt 0.504478 0.388515
vt 0.502828 0.383099
vt 0.500069 0.386940
vt 0.496689 0.381319
vt 0.495242 0.385464
vt 0.490169 0.380139
vt 0.489550 0.383833
vt 0.483891 0.382634
vt 0.819849 0.467068
vt 0.819158 0.463472
vt 0.829459 0.462681
vt 0.828513 0.466888
vt 0.827657 0.470288
vt 0.836025 0.470662
vt 0.837650 0.467584
vt 0.842484 0.471536
vt 0.844841 0.468370
vt 0.847915 0.472750
vt 0.851312 0.469842
vt 0.852371 0.474262
vt 0.856373 0.471553
vt 0.855581 0.476624
vt 0.850793 0.479043
vt 0.848210 0.476892
vt 0.847199 0.480741
vt 0.849129 0.483473
vt 0.852917 0.482337
vt 0.849387 0.487998
vt 0.856452 0.491075
vt 0.847279 0.490357
vt 0.850800 0.493032
vt 0.842635 0.491903
vt 0.845053 0.496203
vt 0.839916 0.499598
vt 0.838960 0.498139
vt 0.840958 0.488603
vt 0.843977 0.487797
vt 0.838658 0.486289
vt 0.837614 0.495613
vt 0.836478 0.493133
vt 0.836531 0.484730
vt 0.840932 0.485219
vt 0.837655 0.483351
vt 0.841912 0.483702
vt 0.845772 0.485920
vt 0.846448 0.483584
vt 0.843088 0.481674
vt 0.845367 0.479115
vt 0.841872 0.477834
vt 0.844458 0.475614
vt 0.839713 0.474372
vt 0.837213 0.476777
vt 0.834325 0.473248
vt 0.832545 0.475768
vt 0.826905 0.472546
vt 0.819696 0.470405
vt 0.818987 0.472995
vt 0.809824 0.472461
vt 0.808755 0.469621
vt 0.800069 0.476817
vt 0.809949 0.475232
vt 0.800682 0.479359
vt 0.788841 0.486331
vt 0.798567 0.474575
vt 0.786983 0.484635
vt 0.795998 0.471868
vt 0.783955 0.482865
vt 0.469118 0.377823
vt 0.469850 0.380509
vt 0.459974 0.380669
vt 0.459030 0.378284
vt 0.467711 0.374072
vt 0.475461 0.374015
vt 0.476514 0.378301
vt 0.483014 0.374165
vt 0.482357 0.369642
vt 0.474555 0.369951
vt 0.481276 0.363779
vt 0.473095 0.365084
vt 0.480084 0.356296
vt 0.471096 0.358934
vt 0.468728 0.350799
vt 0.478040 0.346220
vt 0.488809 0.353234
vt 0.487263 0.341025
vt 0.499063 0.349634
vt 0.498614 0.333305
vt 0.510731 0.346310
vt 0.513824 0.321826
vt 0.528514 0.327854
vt 0.522071 0.348282
vt 0.518064 0.361789
vt 0.532001 0.352898
vt 0.526779 0.365799
vt 0.514429 0.372607
vt 0.521747 0.376093
vt 0.511728 0.379867
vt 0.518030 0.383271
vt 0.527485 0.381176
vt 0.534183 0.371200
vt 0.539961 0.379169
vt 0.548845 0.370330
vt 0.540749 0.359892
vt 0.562451 0.356093
vt 0.551001 0.342567
vt 0.577707 0.339250
vt 0.593324 0.366253
vt 0.573002 0.381062
vt 0.594370 0.399706
vt 0.572923 0.409276
vt 0.556618 0.391617
vt 0.555235 0.414082
vt 0.546117 0.397246
vt 0.531755 0.387723
vt 0.536167 0.401765
vt 0.526071 0.392861
vt 0.522845 0.387459
vt 0.529543 0.404401
vt 0.544136 0.414863
vt 0.626740 0.383455
vt 0.620681 0.344640
vt 0.654816 0.369326
vt 0.655831 0.320642
vt 0.616110 0.292709
vt 0.658134 0.294903
vt 0.629962 0.272887
vt 0.666477 0.268101
vt 0.693487 0.269731
vt 0.664888 0.228814
vt 0.646011 0.247499
vt 0.620901 0.221201
vt 0.633032 0.197733
vt 0.680097 0.210647
vt 0.645816 0.176130
vt 0.691548 0.202621
vt 0.653441 0.163063
vt 0.680794 0.151072
vt 0.651474 0.103960
vt 0.698700 0.101841
vt 0.682067 0.063980
vt 0.633577 0.062929
vt 0.672051 0.033071
vt 0.956962 0.867657
vt 0.957908 0.879262
vt 0.938974 0.875737
vt 0.938590 0.862768
vt 0.919869 0.870790
vt 0.919379 0.857573
vt 0.937143 0.847315
vt 0.955958 0.853043
vt 0.955900 0.836167
vt 0.937000 0.829631
vt 0.959215 0.820265
vt 0.720389 0.144531
vt 0.736831 0.187423
vt 0.708865 0.195820
vt 0.741038 0.245098
vt 0.757636 0.245676
vt 0.743628 0.262775
vt 0.761767 0.270130
vt 0.736224 0.438536
vt 0.742089 0.441797
vt 0.747481 0.452713
vt 0.746452 0.444593
vt 0.744620 0.440089
vt 0.741680 0.438938
vt 0.742183 0.428186
vt 0.744759 0.428566
vt 0.749458 0.439260
vt 0.755654 0.435828
vt 0.756974 0.426953
vt 0.759235 0.434299
vt 0.758701 0.439729
vt 0.761907 0.439776
vt 0.759921 0.446715
vt 0.764484 0.448587
vt 0.759540 0.450025
vt 0.763718 0.452292
vt 0.758902 0.451774
vt 0.760610 0.454625
vt 0.755128 0.452881
vt 0.755781 0.450391
vt 0.752579 0.448251
vt 0.748907 0.449593
vt 0.750575 0.445836
vt 0.754658 0.443537
vt 0.755391 0.447615
vt 0.765105 0.458876
vt 0.769745 0.454133
vt 0.781732 0.458840
vt 0.725015 0.259684
vt 0.711345 0.258261
vt 0.707405 0.250242
vt 0.724022 0.245340
vt 0.778701 0.453567
vt 0.784540 0.450632
vt 0.780991 0.447636
vt 0.775630 0.448145
vt 0.769242 0.449731
vt 0.738141 0.427309
vt 0.735389 0.413012
vt 0.730777 0.412874
vt 0.736978 0.434009
vt 0.723969 0.407198
vt 0.733991 0.395135
vt 0.730658 0.385476
vt 0.738357 0.393636
vt 0.736209 0.384088
vt 0.729508 0.377952
vt 0.719153 0.385976
vt 0.718367 0.360471
vt 0.727545 0.362435
vt 0.734604 0.374017
vt 0.732914 0.363929
vt 0.732057 0.346210
vt 0.732933 0.332403
vt 0.727941 0.334167
vt 0.718007 0.328627
vt 0.962426 0.754479
vt 0.978919 0.748703
vt 0.974794 0.760292
vt 0.960181 0.765693
vt 0.944056 0.759164
vt 0.943286 0.769784
vt 0.959026 0.776402
vt 0.943384 0.790264
vt 0.966269 0.799540
vt 0.938675 0.812198
vt 0.913174 0.803429
vt 0.909896 0.821289
vt 0.915696 0.841808
vt 0.891024 0.838151
vt 0.899971 0.853032
vt 0.900485 0.865571
vt 0.880070 0.857613
vt 0.893638 0.880709
vt 0.871226 0.874678
vt 0.855475 0.847904
vt 0.848738 0.868218
vt 0.827402 0.857825
vt 0.819533 0.880462
vt 0.842107 0.889556
vt 0.831959 0.909182
vt 0.857919 0.914551
vt 0.850489 0.932721
vt 0.876326 0.936560
vt 0.882777 0.918320
vt 0.904007 0.939004
vt 0.877629 0.954291
vt 0.851305 0.949630
vt 0.847769 0.965996
vt 0.823844 0.945352
vt 0.826089 0.928586
vt 0.798865 0.936848
vt 0.793367 0.952592
vt 0.775120 0.928277
vt 0.804092 0.919796
vt 0.782652 0.910194
vt 0.808302 0.901665
vt 0.789508 0.890733
vt 0.798011 0.868911
vt 0.774471 0.863164
vt 0.768058 0.885937
vt 0.745688 0.875954
vt 0.751570 0.854773
vt 0.761204 0.834632
vt 0.783715 0.841117
vt 0.769774 0.814927
vt 0.792403 0.822008
vt 0.805831 0.848506
vt 0.813414 0.828993
vt 0.833743 0.837919
vt 0.842332 0.815263
vt 0.864049 0.825536
vt 0.869095 0.805699
vt 0.887681 0.815330
vt 0.893712 0.794822
vt 0.875350 0.784742
vt 0.900873 0.773510
vt 0.882367 0.766312
vt 0.887924 0.750703
vt 0.906157 0.756019
vt 0.919381 0.780234
vt 0.924322 0.761591
vt 0.926051 0.750642
vt 0.946490 0.745909
vt 0.927792 0.737214
vt 0.952208 0.727976
vt 0.967023 0.740798
vt 0.973539 0.732351
vt 0.983720 0.742411
vt 0.959083 0.711378
vt 0.982097 0.725317
vt 0.987795 0.737143
vt 0.993482 0.735148
vt 0.750126 0.297103
vt 0.978232 0.705485
vt 0.991965 0.721684
vt 0.993015 0.701430
vt 0.975879 0.688234
vt 0.957330 0.692122
vt 0.955187 0.672894
vt 0.972412 0.668473
vt 0.992824 0.683822
vt 0.989582 0.663047
vt 0.968271 0.655772
vt 0.954261 0.660818
vt 0.959345 0.641761
vt 0.947306 0.648874
vt 0.944380 0.626470
vt 0.961806 0.616388
vt 0.934348 0.636625
vt 0.922749 0.615423
vt 0.930393 0.602872
vt 0.906447 0.592703
vt 0.390189 0.827706
vt 0.389585 0.872187
vt 0.312522 0.856857
vt 0.327956 0.813758
vt 0.343912 0.791273
vt 0.390529 0.801437
vt 0.437215 0.791971
vt 0.421397 0.769309
vt 0.390802 0.772753
vt 0.391123 0.737483
vt 0.360249 0.768840
vt 0.365449 0.735034
vt 0.391547 0.695408
vt 0.366781 0.695536
vt 0.369183 0.660817
vt 0.343780 0.661388
vt 0.339113 0.694963
vt 0.319734 0.661434
vt 0.312455 0.694515
vt 0.298051 0.661154
vt 0.288283 0.693702
vt 0.274903 0.659959
vt 0.260599 0.692258
vt 0.250839 0.651211
vt 0.266785 0.635128
vt 0.285479 0.633947
vt 0.263083 0.620484
vt 0.237731 0.633396
vt 0.235590 0.612706
vt 0.196505 0.622969
vt 0.208060 0.653224
vt 0.150589 0.651304
vt 0.157912 0.591452
vt 0.116420 0.609028
vt 0.130373 0.550337
vt 0.088830 0.568868
vt 0.083902 0.500058
vt 0.136115 0.510521
vt 0.094117 0.475842
vt 0.139755 0.480648
vt 0.099882 0.450620
vt 0.137896 0.442990
vt 0.170154 0.457289
vt 0.163998 0.417578
vt 0.134216 0.403469
vt 0.160143 0.376916
vt 0.131191 0.362187
vt 0.167119 0.338045
vt 0.131438 0.312995
vt 0.173184 0.285877
vt 0.129918 0.287193
vt 0.098005 0.312892
vt 0.098504 0.345769
vt 0.083315 0.331830
vt 0.079101 0.359495
vt 0.097989 0.381760
vt 0.077690 0.395651
vt 0.878605 0.390360
vt 0.866032 0.399440
vt 0.869471 0.360693
vt 0.879262 0.369742
vt 0.891622 0.382352
vt 0.889432 0.370016
vt 0.900923 0.374404
vt 0.899507 0.368351
vt 0.905350 0.370766
vt 0.905022 0.367046
vt 0.909508 0.369338
vt 0.909119 0.367028
vt 0.911837 0.368454
vt 0.911489 0.366855
vt 0.908975 0.363324
vt 0.911312 0.364214
vt 0.913199 0.366750
vt 0.913814 0.370234
vt 0.915267 0.366112
vt 0.917912 0.369829
vt 0.917577 0.367177
vt 0.920300 0.368180
vt 0.920652 0.371342
vt 0.917041 0.375942
vt 0.915393 0.373841
vt 0.915800 0.374863
vt 0.913313 0.371566
vt 0.911869 0.369373
vt 0.913206 0.372199
vt 0.911349 0.373672
vt 0.914759 0.376094
vt 0.917599 0.377275
vt 0.916880 0.378868
vt 0.913683 0.378891
vt 0.915736 0.381790
vt 0.912319 0.383464
vt 0.915485 0.386340
vt 0.912124 0.389129
vt 0.916805 0.391311
vt 0.915102 0.396584
vt 0.922455 0.396734
vt 0.920413 0.399793
vt 0.925640 0.399180
vt 0.922809 0.402626
vt 0.927129 0.402817
vt 0.923201 0.405843
vt 0.926479 0.406262
vt 0.925398 0.409313
vt 0.921929 0.409452
vt 0.918533 0.406285
vt 0.918351 0.404202
vt 0.916458 0.405210
vt 0.916013 0.406264
vt 0.915552 0.405716
vt 0.915459 0.405295
vt 0.916183 0.404450
vt 0.915152 0.404809
vt 0.915523 0.403821
vt 0.917436 0.402556
vt 0.915982 0.400758
vt 0.914986 0.402929
vt 0.914115 0.402606
vt 0.912754 0.399567
vt 0.908562 0.397530
vt 0.909095 0.397925
vt 0.907098 0.397226
vt 0.906188 0.396332
vt 0.902917 0.392699
vt 0.904771 0.397675
vt 0.898522 0.399036
vt 0.905077 0.399132
vt 0.898292 0.402525
vt 0.894580 0.399405
vt 0.897761 0.396176
vt 0.893464 0.395893
vt 0.906040 0.382922
vt 0.888304 0.400546
vt 0.890867 0.402877
vt 0.891980 0.407346
vt 0.892180 0.404882
vt 0.895101 0.403099
vt 0.895353 0.407811
vt 0.898688 0.406572
vt 0.903609 0.402858
vt 0.903498 0.406776
vt 0.899585 0.411175
vt 0.905077 0.410167
vt 0.905783 0.408863
vt 0.904849 0.405744
vt 0.907116 0.405326
vt 0.908246 0.407733
vt 0.908169 0.411373
vt 0.910394 0.409585
vt 0.914283 0.414174
vt 0.907563 0.412883
vt 0.902039 0.415034
vt 0.904432 0.418213
vt 0.901178 0.418785
vt 0.898740 0.415966
vt 0.896116 0.412456
vt 0.891258 0.412055
vt 0.895275 0.420243
vt 0.885444 0.418082
vt 0.893404 0.428806
vt 0.881939 0.425255
vt 0.888611 0.433715
vt 0.873753 0.428142
vt 0.891183 0.447138
vt 0.900245 0.440751
vt 0.909932 0.447134
vt 0.912480 0.440067
vt 0.916249 0.444394
vt 0.919042 0.452801
vt 0.911385 0.459511
vt 0.933112 0.467206
vt 0.085213 0.272557
vt 0.096244 0.284017
vt 0.083972 0.290523
vt 0.083406 0.309431
vt 0.094915 0.261179
vt 0.122270 0.259930
vt 0.159490 0.265639
vt 0.143925 0.239578
vt 0.183381 0.241132
vt 0.195460 0.267569
vt 0.210739 0.293928
vt 0.191816 0.311898
vt 0.226334 0.319529
vt 0.211244 0.333810
vt 0.194753 0.360574
vt 0.226407 0.351007
vt 0.215094 0.375867
vt 0.193031 0.394395
vt 0.214409 0.404373
vt 0.197901 0.430327
vt 0.220008 0.433412
vt 0.207785 0.465743
vt 0.230778 0.461793
vt 0.224557 0.501837
vt 0.247397 0.484771
vt 0.252760 0.519890
vt 0.218529 0.537400
vt 0.175081 0.527513
vt 0.174217 0.495424
vt 0.174517 0.563221
vt 0.216148 0.568265
vt 0.177941 0.582280
vt 0.211637 0.593300
vt 0.236517 0.590522
vt 0.240762 0.567292
vt 0.263389 0.584754
vt 0.266608 0.564854
vt 0.290420 0.578911
vt 0.288744 0.596823
vt 0.312688 0.592300
vt 0.314089 0.574608
vt 0.332169 0.589497
vt 0.334473 0.571669
vt 0.353993 0.587815
vt 0.355646 0.569843
vt 0.374525 0.586281
vt 0.373122 0.607419
vt 0.351362 0.608511
vt 0.371242 0.632221
vt 0.347783 0.632758
vt 0.329558 0.609650
vt 0.325251 0.633013
vt 0.309706 0.611621
vt 0.305408 0.633227
vt 0.287500 0.614995
vt 0.261303 0.603701
vt 0.391934 0.659758
vt 0.392253 0.631437
vt 0.413163 0.632615
vt 0.411866 0.607791
vt 0.433485 0.609309
vt 0.431360 0.588579
vt 0.410999 0.586636
vt 0.430182 0.570588
vt 0.410516 0.568661
vt 0.429290 0.554084
vt 0.410277 0.552311
vt 0.428436 0.537579
vt 0.447711 0.539382
vt 0.445534 0.522827
vt 0.427487 0.521053
vt 0.443138 0.503318
vt 0.426118 0.501443
vt 0.440979 0.485384
vt 0.424564 0.483416
vt 0.438942 0.470786
vt 0.422610 0.468440
vt 0.436677 0.457416
vt 0.453466 0.460484
vt 0.450703 0.448154
vt 0.467007 0.450943
vt 0.466113 0.437878
vt 0.479370 0.430420
vt 0.466405 0.429840
vt 0.477752 0.423291
vt 0.466304 0.421977
vt 0.847429 0.561884
vt 0.856905 0.544028
vt 0.865772 0.549176
vt 0.864983 0.534257
vt 0.859170 0.532094
vt 0.851591 0.541223
vt 0.857132 0.530829
vt 0.862197 0.521693
vt 0.864636 0.522388
vt 0.865798 0.512638
vt 0.868464 0.512774
vt 0.870722 0.522997
vt 0.875501 0.536159
vt 0.880218 0.522260
vt 0.486036 0.422938
vt 0.493485 0.421182
vt 0.873470 0.512317
vt 0.880001 0.510046
vt 0.499358 0.417964
vt 0.503597 0.421591
vt 0.508612 0.427240
vt 0.508631 0.417043
vt 0.504315 0.414805
vt 0.507180 0.410965
vt 0.873645 0.497819
vt 0.875566 0.493061
vt 0.878879 0.500064
vt 0.874090 0.503467
vt 0.870378 0.504387
vt 0.867745 0.504636
vt 0.868734 0.499230
vt 0.865298 0.504341
vt 0.866644 0.495894
vt 0.870323 0.497368
vt 0.867615 0.487630
vt 0.507258 0.404782
vt 0.862605 0.489218
vt 0.862173 0.495910
vt 0.856276 0.497155
vt 0.857070 0.503844
vt 0.861808 0.503896
vt 0.857361 0.511060
vt 0.860860 0.511847
vt 0.856407 0.518920
vt 0.858699 0.520551
vt 0.852748 0.527469
vt 0.854641 0.529145
vt 0.845795 0.535959
vt 0.847226 0.537816
vt 0.834711 0.542578
vt 0.835168 0.544997
vt 0.822652 0.547632
vt 0.835946 0.547189
vt 0.848582 0.539213
vt 0.849584 0.540102
vt 0.856280 0.530523
vt 0.836901 0.548430
vt 0.822030 0.550100
vt 0.822217 0.551762
vt 0.809234 0.550092
vt 0.810840 0.547656
vt 0.812479 0.545226
vt 0.823344 0.545313
vt 0.824224 0.542679
vt 0.834519 0.540046
vt 0.834465 0.537636
vt 0.844476 0.533600
vt 0.843392 0.531537
vt 0.851153 0.525193
vt 0.849300 0.523141
vt 0.853497 0.516171
vt 0.851021 0.514324
vt 0.853770 0.509909
vt 0.851068 0.508659
vt 0.853193 0.504006
vt 0.850246 0.504150
vt 0.848205 0.500173
vt 0.851982 0.499057
vt 0.840829 0.500760
vt 0.841934 0.502532
vt 0.836595 0.503679
vt 0.836828 0.504566
vt 0.822457 0.510616
vt 0.836173 0.502882
vt 0.835681 0.501982
vt 0.835104 0.500841
vt 0.834262 0.499264
vt 0.833331 0.497778
vt 0.831161 0.496250
vt 0.827658 0.495213
vt 0.822731 0.495458
vt 0.817216 0.497135
vt 0.811611 0.500724
vt 0.806892 0.505696
vt 0.803790 0.510737
vt 0.803350 0.513765
vt 0.803395 0.515317
vt 0.803617 0.516689
vt 0.803987 0.517835
vt 0.804517 0.519182
vt 0.805335 0.520834
vt 0.807040 0.523254
vt 0.810121 0.525599
vt 0.815668 0.526532
vt 0.822659 0.525955
vt 0.828601 0.523258
vt 0.832713 0.519278
vt 0.836152 0.514362
vt 0.837392 0.509890
vt 0.837379 0.507283
vt 0.837099 0.505656
vt 0.844237 0.506831
vt 0.843690 0.511684
vt 0.843018 0.504464
vt 0.842839 0.517040
vt 0.838807 0.524290
vt 0.832524 0.530682
vt 0.823360 0.535023
vt 0.823935 0.540218
vt 0.813868 0.534686
vt 0.814460 0.539890
vt 0.807077 0.532378
vt 0.805425 0.536039
vt 0.801612 0.528441
vt 0.799269 0.531034
vt 0.798848 0.524695
vt 0.794596 0.526619
vt 0.797372 0.522149
vt 0.791442 0.523839
vt 0.796367 0.519788
vt 0.790001 0.522042
vt 0.789442 0.520328
vt 0.782160 0.522313
vt 0.782728 0.518928
vt 0.789232 0.518268
vt 0.795644 0.517922
vt 0.794790 0.515640
vt 0.791348 0.510417
vt 0.794712 0.512405
vt 0.792480 0.503559
vt 0.795665 0.506035
vt 0.795308 0.496454
vt 0.800111 0.499590
vt 0.802393 0.488134
vt 0.806450 0.493855
vt 0.809438 0.484105
vt 0.801580 0.486806
vt 0.808715 0.482776
vt 0.817255 0.481927
vt 0.816360 0.480617
vt 0.824323 0.481852
vt 0.823875 0.480167
vt 0.829731 0.480863
vt 0.829255 0.482278
vt 0.827772 0.487045
vt 0.831141 0.488643
vt 0.833541 0.483261
vt 0.834178 0.481845
vt 0.838626 0.482056
vt 0.834740 0.480761
vt 0.839546 0.480089
vt 0.835628 0.479040
vt 0.831308 0.478077
vt 0.830428 0.479766
vt 0.824360 0.478940
vt 0.825161 0.477090
vt 0.826014 0.474976
vt 0.818063 0.475413
vt 0.809640 0.477694
vt 0.817299 0.477542
vt 0.809255 0.479823
vt 0.801057 0.481886
vt 0.790489 0.488346
vt 0.791735 0.490491
vt 0.784856 0.498662
vt 0.782940 0.497819
vt 0.781001 0.510050
vt 0.778007 0.510182
vt 0.780625 0.496940
vt 0.774984 0.510330
vt 0.777002 0.495932
vt 0.771371 0.510215
vt 0.450612 0.380644
vt 0.451627 0.382756
vt 0.444198 0.385380
vt 0.442730 0.383738
vt 0.449029 0.377609
vt 0.441206 0.381032
vt 0.447642 0.374450
vt 0.439499 0.378081
vt 0.446014 0.370588
vt 0.437503 0.374564
vt 0.444148 0.366245
vt 0.452804 0.363496
vt 0.454787 0.368193
vt 0.462561 0.361192
vt 0.464757 0.366501
vt 0.456384 0.371856
vt 0.466429 0.370642
vt 0.457695 0.374883
vt 0.459828 0.354729
vt 0.456651 0.347769
vt 0.465334 0.342556
vt 0.453047 0.340211
vt 0.444724 0.345024
vt 0.448186 0.352013
vt 0.437139 0.350078
vt 0.439590 0.356286
vt 0.429210 0.355229
vt 0.431513 0.360071
vt 0.421948 0.358030
vt 0.423664 0.363447
vt 0.415751 0.366415
vt 0.414294 0.360474
vt 0.420087 0.352589
vt 0.413153 0.354602
vt 0.412032 0.348835
vt 0.418110 0.347025
vt 0.427400 0.349627
vt 0.425652 0.343907
vt 0.434986 0.344660
vt 0.433207 0.338514
vt 0.441843 0.338357
vt 0.438532 0.330696
vt 0.448480 0.331478
vt 0.461616 0.334359
vt 0.456946 0.324594
vt 0.470588 0.327185
vt 0.464824 0.317114
vt 0.478674 0.318919
vt 0.471930 0.308949
vt 0.487025 0.307911
vt 0.493784 0.319101
vt 0.483888 0.329162
vt 0.504561 0.304325
vt 0.526542 0.294691
vt 0.513830 0.282553
vt 0.536189 0.266162
vt 0.519071 0.257298
vt 0.537807 0.235003
vt 0.516240 0.230188
vt 0.532436 0.206403
vt 0.501806 0.202294
vt 0.525399 0.180764
vt 0.555352 0.183433
vt 0.557433 0.212919
vt 0.588173 0.197356
vt 0.582292 0.228497
vt 0.559045 0.245458
vt 0.575540 0.257994
vt 0.551445 0.275346
vt 0.565923 0.287358
vt 0.539442 0.304447
vt 0.551372 0.314202
vt 0.540349 0.334725
vt 0.563244 0.324576
vt 0.579135 0.299611
vt 0.597211 0.318031
vt 0.594870 0.273782
vt 0.607439 0.247907
vt 0.593501 0.171938
vt 0.553069 0.158753
vt 0.597200 0.142973
vt 0.547309 0.129101
vt 0.599956 0.109407
vt 0.535445 0.087581
vt 0.581447 0.059199
vt 0.526518 0.048424
vt 0.573577 0.027799
vt 0.522593 0.022087
vt 0.913366 0.093854
vt 0.912968 0.104146
vt 0.895208 0.098305
vt 0.895690 0.088957
vt 0.913948 0.083132
vt 0.932154 0.087350
vt 0.930957 0.099413
vt 0.951509 0.093803
vt 0.947595 0.104887
vt 0.930125 0.110031
vt 0.947091 0.115166
vt 0.939645 0.888383
vt 0.958936 0.889460
vt 0.957722 0.901094
vt 0.935318 0.901698
vt 0.916771 0.884902
vt 0.911370 0.900952
vt 0.887903 0.899001
vt 0.907800 0.919240
vt 0.933147 0.917393
vt 0.932650 0.934507
vt 0.934337 0.951205
vt 0.904755 0.956766
vt 0.910504 0.971227
vt 0.878046 0.973129
vt 0.890958 0.989586
vt 0.865819 0.990761
vt 0.860946 0.981086
vt 0.844891 0.978310
vt 0.829638 0.975649
vt 0.844019 0.988744
vt 0.824406 0.983534
vt 0.808085 0.974515
vt 0.819953 0.963180
vt 0.785390 0.966068
vt 0.768471 0.945144
vt 0.762750 0.959569
vt 0.742403 0.949811
vt 0.744881 0.934250
vt 0.751714 0.918735
vt 0.759583 0.902935
vt 0.738428 0.895075
vt 0.716435 0.881399
vt 0.727596 0.908571
vt 0.704736 0.893404
vt 0.694612 0.866572
vt 0.723580 0.862646
vt 0.702959 0.848609
vt 0.732053 0.843716
vt 0.711739 0.830824
vt 0.740258 0.824233
vt 0.719579 0.813345
vt 0.744970 0.805366
vt 0.724296 0.797292
vt 0.733092 0.788305
vt 0.715557 0.778364
vt 0.728962 0.769320
vt 0.709483 0.758828
vt 0.721765 0.746067
vt 0.747401 0.758313
vt 0.749858 0.783464
vt 0.768020 0.769018
vt 0.778501 0.792504
vt 0.788348 0.774444
vt 0.801502 0.799490
vt 0.810520 0.780796
vt 0.822023 0.807118
vt 0.829666 0.787651
vt 0.848433 0.795479
vt 0.854385 0.777206
vt 0.860985 0.759174
vt 0.843230 0.753052
vt 0.848879 0.738687
vt 0.866664 0.744431
vt 0.852572 0.729379
vt 0.870213 0.735103
vt 0.891303 0.740547
vt 0.874259 0.724196
vt 0.894982 0.728832
vt 0.909248 0.744933
vt 0.911907 0.732035
vt 0.914822 0.716343
vt 0.899238 0.715121
vt 0.903315 0.700733
vt 0.918568 0.701703
vt 0.931845 0.718459
vt 0.935753 0.702968
vt 0.937315 0.690856
vt 0.938216 0.675275
vt 0.924028 0.675359
vt 0.921103 0.690411
vt 0.911396 0.674622
vt 0.906593 0.689733
vt 0.894052 0.671033
vt 0.887884 0.686501
vt 0.877711 0.665719
vt 0.882598 0.653309
vt 0.899080 0.659156
vt 0.887339 0.641259
vt 0.904357 0.648035
vt 0.915444 0.663843
vt 0.920328 0.654341
vt 0.926120 0.665207
vt 0.928675 0.657759
vt 0.938031 0.665007
vt 0.936687 0.655645
vt 0.925156 0.647586
vt 0.915988 0.626765
vt 0.908660 0.639818
vt 0.896333 0.618398
vt 0.901083 0.606326
vt 0.876235 0.611400
vt 0.872732 0.625940
vt 0.890804 0.632495
vt 0.870255 0.634875
vt 0.866538 0.646606
vt 0.851374 0.639110
vt 0.854283 0.628826
vt 0.842660 0.632968
vt 0.837253 0.641851
vt 0.826953 0.632259
vt 0.834108 0.624814
vt 0.845880 0.625755
vt 0.841481 0.618800
vt 0.855378 0.620604
vt 0.856102 0.606333
vt 0.879020 0.598505
vt 0.855675 0.592083
vt 0.882006 0.584122
vt 0.849771 0.572881
vt 0.283657 0.774904
vt 0.227755 0.795688
vt 0.245543 0.733125
vt 0.279738 0.731025
vt 0.311328 0.763504
vt 0.306756 0.730091
vt 0.333559 0.754062
vt 0.335492 0.730994
vt 0.228928 0.677667
vt 0.202310 0.712204
vt 0.172421 0.681153
vt 0.131527 0.717312
vt 0.102407 0.680720
vt 0.818329 0.597545
vt 0.797821 0.588414
vt 0.811001 0.581715
vt 0.829150 0.576268
vt 0.834348 0.593256
vt 0.825103 0.610761
vt 0.806645 0.604115
vt 0.816189 0.619056
vt 0.790665 0.616304
vt 0.801512 0.631757
vt 0.777236 0.627401
vt 0.787152 0.644777
vt 0.760967 0.639321
vt 0.756242 0.629841
vt 0.769234 0.614289
vt 0.043323 0.578423
vt 0.025977 0.520559
vt 0.058145 0.516177
vt 0.066469 0.626429
vt 0.781326 0.601483
vt 0.043715 0.479680
vt 0.059276 0.465298
vt 0.937246 0.316638
vt 0.918029 0.315949
vt 0.931640 0.299983
vt 0.941607 0.310889
vt 0.942984 0.315634
vt 0.936872 0.319715
vt 0.942939 0.321803
vt 0.948380 0.317214
vt 0.952181 0.327479
vt 0.957437 0.321455
vt 0.955971 0.329917
vt 0.953247 0.333713
vt 0.957018 0.336333
vt 0.959578 0.332564
vt 0.960764 0.339263
vt 0.963673 0.335869
vt 0.967595 0.340856
vt 0.964001 0.343765
vt 0.957945 0.342787
vt 0.960444 0.346749
vt 0.952957 0.348211
vt 0.954982 0.350964
vt 0.950454 0.351977
vt 0.948573 0.349776
vt 0.947402 0.351554
vt 0.949412 0.353939
vt 0.947476 0.355601
vt 0.945401 0.353496
vt 0.945349 0.349816
vt 0.943446 0.351784
vt 0.943182 0.348132
vt 0.941107 0.350530
vt 0.936899 0.343807
vt 0.944585 0.345652
vt 0.939134 0.340272
vt 0.946034 0.341460
vt 0.948451 0.343501
vt 0.946592 0.347623
vt 0.950867 0.345674
vt 0.954633 0.339839
vt 0.951372 0.337462
vt 0.948127 0.335139
vt 0.950042 0.331189
vt 0.941523 0.330085
vt 0.940430 0.336497
vt 0.937139 0.333896
vt 0.937310 0.327677
vt 0.942086 0.326020
vt 0.937155 0.323706
vt 0.931830 0.325496
vt 0.929705 0.321987
vt 0.926227 0.316726
vt 0.915731 0.324060
vt 0.909144 0.325835
vt 0.902283 0.320839
vt 0.896302 0.333280
vt 0.884951 0.332424
vt 0.886126 0.349680
vt 0.098809 0.418704
vt 0.076972 0.427005
vt 0.895306 0.344744
vt 0.890229 0.357369
vt 0.900607 0.353818
vt 0.899302 0.361838
vt 0.906013 0.357930
vt 0.904936 0.362817
vt 0.908726 0.358880
vt 0.910576 0.361552
vt 0.910524 0.357836
vt 0.912153 0.360496
vt 0.912193 0.364134
vt 0.913426 0.360824
vt 0.914741 0.362139
vt 0.915770 0.357723
vt 0.916950 0.360033
vt 0.917494 0.358066
vt 0.919468 0.358763
vt 0.918123 0.362802
vt 0.920165 0.362344
vt 0.923398 0.359114
vt 0.922045 0.364356
vt 0.926091 0.363579
vt 0.923035 0.365255
vt 0.920881 0.365719
vt 0.919348 0.365085
vt 0.916885 0.363679
vt 0.921964 0.366150
vt 0.922283 0.368482
vt 0.923601 0.365589
vt 0.927857 0.368058
vt 0.923338 0.371611
vt 0.919740 0.377921
vt 0.927395 0.381744
vt 0.934282 0.375962
vt 0.933315 0.390528
vt 0.923368 0.383964
vt 0.919572 0.379839
vt 0.918769 0.381196
vt 0.922222 0.386285
vt 0.917091 0.383015
vt 0.918272 0.386306
vt 0.919719 0.391224
vt 0.926755 0.393635
vt 0.930249 0.391774
vt 0.931396 0.395895
vt 0.929328 0.398181
vt 0.933897 0.399475
vt 0.932543 0.402875
vt 0.931041 0.406751
vt 0.936310 0.410550
vt 0.928953 0.409562
vt 0.932454 0.415529
vt 0.926903 0.411927
vt 0.925648 0.411871
vt 0.926004 0.413345
vt 0.924453 0.413816
vt 0.923559 0.412704
vt 0.922829 0.414570
vt 0.918906 0.414434
vt 0.918437 0.412183
vt 0.913840 0.416351
vt 0.918685 0.416571
vt 0.910461 0.425542
vt 0.901394 0.424908
vt 0.905205 0.433545
vt 0.917484 0.429922
vt 0.918076 0.436391
vt 0.925204 0.425441
vt 0.922666 0.422677
vt 0.925534 0.419899
vt 0.927713 0.421153
vt 0.928988 0.429739
vt 0.930340 0.421509
vt 0.934241 0.427507
vt 0.939239 0.442669
vt 0.921976 0.442360
vt 0.933842 0.454333
vt 0.944348 0.455031
vt 0.944935 0.462861
vt 0.960658 0.466834
vt 0.955452 0.460138
vt 0.962562 0.461026
vt 0.958478 0.456139
vt 0.964218 0.454779
vt 0.960093 0.450658
vt 0.964870 0.444145
vt 0.970576 0.454134
vt 0.971283 0.458563
vt 0.975965 0.454868
vt 0.975992 0.461637
vt 0.979524 0.456360
vt 0.983437 0.453181
vt 0.979886 0.453086
vt 0.982160 0.450874
vt 0.984344 0.448233
vt 0.981976 0.448397
vt 0.979116 0.451782
vt 0.978005 0.448873
vt 0.974460 0.451758
vt 0.974450 0.442708
vt 0.970790 0.443647
vt 0.971611 0.437199
vt 0.965809 0.438105
vt 0.962047 0.441228
vt 0.962610 0.436371
vt 0.966738 0.431213
vt 0.962983 0.429700
vt 0.966802 0.412853
vt 0.972119 0.430080
vt 0.975519 0.436819
vt 0.975593 0.429326
vt 0.978985 0.437298
vt 0.977271 0.441832
vt 0.981734 0.444315
vt 0.984941 0.438745
vt 0.979647 0.428751
vt 0.986058 0.427490
vt 0.982989 0.419662
vt 0.987811 0.426479
vt 0.986461 0.415562
vt 0.990504 0.424725
vt 0.989787 0.411378
vt 0.993178 0.410273
vt 0.992731 0.430359
vt 0.990628 0.435995
vt 0.990846 0.438870
vt 0.988832 0.437996
vt 0.988447 0.442883
vt 0.985632 0.445283
vt 0.987491 0.448295
vt 0.989431 0.451065
vt 0.994261 0.434509
vt 0.044097 0.251432
vt 0.025317 0.257708
vt 0.032332 0.233996
vt 0.049023 0.234125
vt 0.063033 0.249542
vt 0.066084 0.235057
vt 0.082058 0.240747
vt 0.101416 0.192885
vt 0.084208 0.185218
vt 0.114479 0.140479
vt 0.141446 0.153985
vt 0.147992 0.167905
vt 0.198701 0.135870
vt 0.197800 0.101329
vt 0.249866 0.123381
vt 0.263786 0.081618
vt 0.288649 0.124658
vt 0.314679 0.076271
vt 0.333000 0.100857
vt 0.368336 0.078289
vt 0.367185 0.059036
vt 0.400893 0.073164
vt 0.401195 0.056895
vt 0.434326 0.060590
vt 0.432371 0.079677
vt 0.424328 0.093552
vt 0.400413 0.091333
vt 0.376078 0.092668
vt 0.383728 0.107819
vt 0.350322 0.113754
vt 0.316897 0.132205
vt 0.337668 0.141365
vt 0.308173 0.154213
vt 0.277438 0.154861
vt 0.298034 0.177956
vt 0.329069 0.175189
vt 0.332344 0.160117
vt 0.350882 0.165349
vt 0.353678 0.150581
vt 0.363325 0.125147
vt 0.373312 0.134217
vt 0.383606 0.130465
vt 0.398627 0.128925
vt 0.398044 0.162245
vt 0.414128 0.130958
vt 0.415750 0.108400
vt 0.399607 0.108484
vt 0.434885 0.126310
vt 0.448422 0.115450
vt 0.459797 0.143445
vt 0.443562 0.152049
vt 0.424581 0.135092
vt 0.427631 0.158067
vt 0.413417 0.161674
vt 0.428300 0.170780
vt 0.413532 0.173433
vt 0.397983 0.175854
vt 0.382738 0.172940
vt 0.383185 0.161160
vt 0.367980 0.169834
vt 0.369018 0.157103
vt 0.350155 0.178533
vt 0.368112 0.182678
vt 0.351248 0.189784
vt 0.368610 0.192274
vt 0.353235 0.199617
vt 0.369647 0.200211
vt 0.355247 0.209766
vt 0.370981 0.208796
vt 0.355167 0.217896
vt 0.371345 0.216464
vt 0.372474 0.224848
vt 0.358170 0.225996
vt 0.338253 0.222143
vt 0.342804 0.230368
vt 0.331108 0.236905
vt 0.337214 0.244402
vt 0.324283 0.245096
vt 0.331840 0.250274
vt 0.322240 0.254591
vt 0.313089 0.251720
vt 0.313885 0.264790
vt 0.303058 0.266531
vt 0.316989 0.277430
vt 0.325801 0.273568
vt 0.323095 0.264041
vt 0.333199 0.269726
vt 0.330943 0.263219
vt 0.789997 0.246253
vt 0.780575 0.252245
vt 0.775383 0.241484
vt 0.786044 0.237689
vt 0.798007 0.241275
vt 0.795102 0.234669
vt 0.802792 0.232042
vt 0.804801 0.238004
vt 0.808195 0.243727
vt 0.812901 0.239727
vt 0.810559 0.234780
vt 0.817733 0.235941
vt 0.820171 0.241695
vt 0.816183 0.246138
vt 0.827370 0.256540
vt 0.829613 0.251412
vt 0.823560 0.238883
vt 0.831232 0.246418
vt 0.838004 0.256157
vt 0.351462 0.980323
vt 0.363587 0.985135
vt 0.348460 0.991727
vt 0.341150 0.984547
vt 0.343613 0.973439
vt 0.351313 0.966879
vt 0.336022 0.976680
vt 0.330036 0.977859
vt 0.333085 0.985264
vt 0.334180 0.992201
vt 0.328463 0.989801
vt 0.327048 0.983768
vt 0.325966 0.987824
vt 0.324569 0.982132
vt 0.325216 0.976357
vt 0.323093 0.975741
vt 0.321545 0.975483
vt 0.318449 0.974689
vt 0.316487 0.973390
vt 0.314031 0.972604
vt 0.316342 0.981204
vt 0.312112 0.982312
vt 0.308404 0.969501
vt 0.301062 0.980940
vt 0.302036 0.963439
vt 0.288636 0.972603
vt 0.297479 0.955824
vt 0.295346 0.947713
vt 0.294497 0.938771
vt 0.296019 0.929951
vt 0.278432 0.925205
vt 0.276214 0.937866
vt 0.259782 0.920915
vt 0.256748 0.936923
vt 0.883404 0.182943
vt 0.873054 0.181144
vt 0.873321 0.176516
vt 0.884285 0.177887
vt 0.892352 0.185822
vt 0.893902 0.181377
vt 0.902123 0.192314
vt 0.903529 0.189677
vt 0.911421 0.204140
vt 0.914265 0.202403
vt 0.918609 0.218059
vt 0.916554 0.201484
vt 0.906457 0.187590
vt 0.912177 0.184214
vt 0.922368 0.200281
vt 0.921816 0.215794
vt 0.926501 0.214985
vt 0.923126 0.224401
vt 0.917991 0.224155
vt 0.915682 0.220022
vt 0.914068 0.224137
vt 0.316734 0.889869
vt 0.314850 0.897758
vt 0.312790 0.887178
vt 0.304300 0.897888
vt 0.295209 0.886044
vt 0.291465 0.904681
vt 0.303747 0.915080
vt 0.298707 0.922080
vt 0.310411 0.909765
vt 0.316026 0.907211
vt 0.318582 0.899236
vt 0.318369 0.906635
vt 0.320266 0.905483
vt 0.323236 0.904797
vt 0.324755 0.904553
vt 0.326906 0.903985
vt 0.331726 0.902686
vt 0.337609 0.904105
vt 0.344890 0.907517
vt 0.352229 0.914160
vt 0.357657 0.925202
vt 0.359849 0.940449
vt 0.357147 0.955764
vt 0.361048 0.971200
vt 0.367639 0.957785
vt 0.374106 0.975453
vt 0.845652 0.262095
vt 0.836591 0.260739
vt 0.844741 0.267972
vt 0.835165 0.267617
vt 0.825396 0.262347
vt 0.834137 0.272960
vt 0.822893 0.267068
vt 0.812701 0.251456
vt 0.801800 0.248499
vt 0.808963 0.258272
vt 0.796078 0.255732
vt 0.805596 0.267061
vt 0.788200 0.263652
vt 0.800243 0.277674
vt 0.337862 0.276291
vt 0.346642 0.283705
vt 0.334924 0.290031
vt 0.330352 0.282380
vt 0.322072 0.288714
vt 0.307025 0.282640
vt 0.312855 0.296165
vt 0.297111 0.289928
vt 0.304610 0.305157
vt 0.286996 0.301073
vt 0.297456 0.316169
vt 0.276937 0.318303
vt 0.292142 0.330232
vt 0.279269 0.342839
vt 0.291172 0.346522
vt 0.281239 0.356438
vt 0.291155 0.357709
vt 0.282592 0.365906
vt 0.291413 0.365798
vt 0.291554 0.372100
vt 0.283895 0.373322
vt 0.274702 0.368668
vt 0.277116 0.375800
vt 0.267337 0.371996
vt 0.270714 0.379097
vt 0.261311 0.376877
vt 0.265767 0.383231
vt 0.256795 0.383350
vt 0.262352 0.388576
vt 0.252011 0.397372
vt 0.258684 0.400173
vt 0.253809 0.410801
vt 0.260615 0.410802
vt 0.258361 0.424063
vt 0.264771 0.421289
vt 0.271113 0.431747
vt 0.278992 0.424010
vt 0.272575 0.417454
vt 0.279182 0.413655
vt 0.275912 0.408439
vt 0.268911 0.409845
vt 0.274731 0.401729
vt 0.267585 0.401621
vt 0.269928 0.392435
vt 0.275899 0.393962
vt 0.280952 0.401310
vt 0.280832 0.407509
vt 0.902720 0.499473
vt 0.911588 0.496093
vt 0.906632 0.504927
vt 0.903435 0.504498
vt 0.897738 0.505405
vt 0.901496 0.509898
vt 0.893856 0.514642
vt 0.283636 0.411477
vt 0.288536 0.414906
vt 0.284166 0.418440
vt 0.290317 0.423787
vt 0.285841 0.431288
vt 0.294447 0.436114
vt 0.279943 0.440789
vt 0.265530 0.437315
vt 0.275407 0.448631
vt 0.257447 0.445317
vt 0.248565 0.428063
vt 0.237776 0.431951
vt 0.243473 0.410455
vt 0.232174 0.409565
vt 0.241991 0.392669
vt 0.231539 0.386829
vt 0.248769 0.374662
vt 0.240007 0.365703
vt 0.254891 0.366858
vt 0.248593 0.355501
vt 0.262670 0.361813
vt 0.257675 0.348858
vt 0.271434 0.358071
vt 0.267807 0.344575
vt 0.261776 0.323896
vt 0.249547 0.330485
vt 0.238759 0.309536
vt 0.238477 0.337965
vt 0.251265 0.300126
vt 0.264777 0.290726
vt 0.239842 0.270536
vt 0.224640 0.282107
vt 0.215723 0.252309
vt 0.232996 0.240334
vt 0.255706 0.261812
vt 0.255100 0.230587
vt 0.273539 0.253494
vt 0.278171 0.278946
vt 0.291134 0.270757
vt 0.289049 0.249419
vt 0.302340 0.249329
vt 0.293842 0.228131
vt 0.306329 0.232948
vt 0.316152 0.238986
vt 0.325097 0.228767
vt 0.316839 0.219945
vt 0.334604 0.212514
vt 0.330404 0.200739
vt 0.307773 0.210061
vt 0.328083 0.188851
vt 0.292861 0.198957
vt 0.269466 0.176336
vt 0.261448 0.201926
vt 0.238872 0.177828
vt 0.235579 0.207620
vt 0.204716 0.190835
vt 0.209732 0.222387
vt 0.170526 0.213924
vt 0.159367 0.189971
vt 0.200688 0.165160
vt 0.111807 0.201447
vt 0.125666 0.220386
vt 0.076652 0.248703
vt 0.242430 0.153163
vt 0.277265 0.226503
vt 0.247553 0.454323
vt 0.269140 0.459657
vt 0.261552 0.471907
vt 0.265392 0.498321
vt 0.276563 0.482942
vt 0.288144 0.506052
vt 0.294021 0.489530
vt 0.308121 0.506066
vt 0.312086 0.489159
vt 0.326755 0.504282
vt 0.329337 0.487063
vt 0.344422 0.502243
vt 0.346978 0.484342
vt 0.361751 0.500744
vt 0.363713 0.482777
vt 0.378517 0.500031
vt 0.377501 0.519559
vt 0.359847 0.520339
vt 0.376884 0.535852
vt 0.358373 0.536863
vt 0.341492 0.521733
vt 0.338807 0.538260
vt 0.322688 0.523708
vt 0.318625 0.540316
vt 0.301694 0.525544
vt 0.296216 0.542629
vt 0.278744 0.525947
vt 0.271146 0.543561
vt 0.245446 0.541985
vt 0.292619 0.560915
vt 0.315433 0.557604
vt 0.336478 0.555026
vt 0.357013 0.553357
vt 0.375513 0.568318
vt 0.376254 0.551975
vt 0.393091 0.567295
vt 0.393347 0.551171
vt 0.410165 0.536186
vt 0.393602 0.535434
vt 0.410065 0.519896
vt 0.393848 0.518959
vt 0.409555 0.500344
vt 0.394067 0.499547
vt 0.408923 0.481880
vt 0.394230 0.481430
vt 0.407722 0.467116
vt 0.420958 0.455372
vt 0.406686 0.454255
vt 0.419391 0.444019
vt 0.433761 0.445621
vt 0.430144 0.433815
vt 0.446533 0.435627
vt 0.439723 0.425900
vt 0.451326 0.427286
vt 0.442313 0.415986
vt 0.445424 0.413864
vt 0.454891 0.421960
vt 0.456196 0.416974
vt 0.840719 0.553164
vt 0.826484 0.563777
vt 0.823617 0.555549
vt 0.837918 0.549656
vt 0.822479 0.553028
vt 0.807788 0.555239
vt 0.807726 0.553011
vt 0.807983 0.551944
vt 0.799168 0.548024
vt 0.798118 0.546420
vt 0.799168 0.543470
vt 0.786643 0.541559
vt 0.798869 0.549120
vt 0.795399 0.554185
vt 0.781371 0.548572
vt 0.790353 0.558616
vt 0.435347 0.400838
vt 0.439274 0.399885
vt 0.440814 0.406087
vt 0.436955 0.406759
vt 0.430914 0.407200
vt 0.435298 0.417130
vt 0.424231 0.416284
vt 0.427031 0.424876
vt 0.415208 0.423204
vt 0.417094 0.432098
vt 0.405141 0.430669
vt 0.405808 0.442988
vt 0.394680 0.442848
vt 0.394819 0.430250
vt 0.404758 0.421953
vt 0.394997 0.421769
vt 0.404547 0.414138
vt 0.414019 0.415122
vt 0.413160 0.407600
vt 0.422171 0.407438
vt 0.421484 0.401622
vt 0.429967 0.401216
vt 0.422422 0.395951
vt 0.414111 0.395279
vt 0.413386 0.401317
vt 0.404636 0.400594
vt 0.404489 0.393570
vt 0.416373 0.389616
vt 0.404553 0.384435
vt 0.413610 0.381170
vt 0.409871 0.374614
vt 0.403479 0.376284
vt 0.408683 0.368225
vt 0.402642 0.369368
vt 0.401872 0.363277
vt 0.407455 0.362564
vt 0.401398 0.356796
vt 0.406523 0.356018
vt 0.401021 0.350684
vt 0.405952 0.350224
vt 0.400644 0.345370
vt 0.404968 0.344493
vt 0.410300 0.342717
vt 0.415717 0.340864
vt 0.412853 0.335292
vt 0.407799 0.337863
vt 0.510473 0.882293
vt 0.510082 0.904373
vt 0.496469 0.897671
vt 0.493004 0.921012
vt 0.498639 0.921355
vt 0.513705 0.907696
vt 0.504670 0.923512
vt 0.517461 0.912850
vt 0.509865 0.924967
vt 0.518671 0.918948
vt 0.515509 0.930279
vt 0.521962 0.926622
vt 0.522149 0.933468
vt 0.525588 0.932951
vt 0.528170 0.925743
vt 0.528555 0.933575
vt 0.534085 0.927957
vt 0.536129 0.937170
vt 0.529658 0.937820
vt 0.524276 0.937225
vt 0.525018 0.938801
vt 0.523024 0.938928
vt 0.523263 0.939379
vt 0.522801 0.939009
vt 0.522732 0.938502
vt 0.522533 0.938695
vt 0.522529 0.938392
vt 0.522294 0.938317
vt 0.522024 0.938489
vt 0.522261 0.938800
vt 0.521966 0.938858
vt 0.522297 0.939243
vt 0.520949 0.940321
vt 0.522335 0.939650
vt 0.522388 0.939752
vt 0.522555 0.939152
vt 0.523082 0.939647
vt 0.522346 0.940727
vt 0.523449 0.940339
vt 0.524683 0.942858
vt 0.521946 0.943514
vt 0.522060 0.940857
vt 0.521185 0.943537
vt 0.519031 0.942903
vt 0.517696 0.940469
vt 0.515631 0.945747
vt 0.520185 0.946835
vt 0.517836 0.951932
vt 0.522440 0.946981
vt 0.522635 0.952437
vt 0.523498 0.955487
vt 0.528107 0.951330
vt 0.531409 0.954479
vt 0.524101 0.956995
vt 0.534652 0.956459
vt 0.525061 0.961294
vt 0.536831 0.960034
vt 0.536974 0.963774
vt 0.523724 0.965045
vt 0.510036 0.960522
vt 0.513112 0.956443
vt 0.496114 0.953952
vt 0.490100 0.958353
vt 0.489472 0.940557
vt 0.481925 0.940080
vt 0.481328 0.917500
vt 0.472151 0.935601
vt 0.423131 0.337622
vt 0.419749 0.332009
vt 0.425473 0.328699
vt 0.430839 0.332958
vt 0.428772 0.326433
vt 0.435382 0.321696
vt 0.462017 0.964980
vt 0.467707 0.945988
vt 0.469186 0.957735
vt 0.486888 0.965011
vt 0.506851 0.965384
vt 0.503315 0.970133
vt 0.482521 0.973465
vt 0.429577 0.314033
vt 0.420848 0.312547
vt 0.426612 0.306728
vt 0.435546 0.305678
vt 0.437435 0.318558
vt 0.461255 0.973786
vt 0.442990 0.323702
vt 0.450458 0.315815
vt 0.444279 0.309311
vt 0.458258 0.307993
vt 0.451013 0.300435
vt 0.465271 0.300112
vt 0.479219 0.298705
vt 0.470355 0.291073
vt 0.485497 0.285316
vt 0.495027 0.292876
vt 0.501381 0.273941
vt 0.489851 0.269277
vt 0.503966 0.252647
vt 0.491048 0.251969
vt 0.499830 0.231180
vt 0.487451 0.235434
vt 0.486722 0.212615
vt 0.477453 0.222050
vt 0.464788 0.202549
vt 0.467382 0.190893
vt 0.497580 0.181141
vt 0.466908 0.177224
vt 0.488636 0.157304
vt 0.464065 0.162021
vt 0.480710 0.135056
vt 0.509133 0.128852
vt 0.466325 0.103450
vt 0.485501 0.080110
vt 0.518586 0.159102
vt 0.445552 0.166799
vt 0.445739 0.179922
vt 0.427607 0.183553
vt 0.444317 0.191072
vt 0.426925 0.193076
vt 0.413121 0.185523
vt 0.412329 0.194397
vt 0.398026 0.186594
vt 0.398039 0.195444
vt 0.383453 0.193973
vt 0.382696 0.185053
vt 0.384013 0.202183
vt 0.398026 0.202706
vt 0.384381 0.209747
vt 0.397993 0.210783
vt 0.384476 0.217139
vt 0.397833 0.218082
vt 0.384303 0.225447
vt 0.397688 0.226043
vt 0.384204 0.233993
vt 0.372417 0.234099
vt 0.825072 0.144605
vt 0.811607 0.130057
vt 0.840149 0.115454
vt 0.847038 0.131710
vt 0.834941 0.155763
vt 0.852230 0.146120
vt 0.842330 0.164931
vt 0.856904 0.158363
vt 0.846719 0.170990
vt 0.859083 0.166683
vt 0.849978 0.176339
vt 0.838980 0.184537
vt 0.833627 0.180838
vt 0.827606 0.197018
vt 0.822080 0.195417
vt 0.827284 0.176384
vt 0.815090 0.194464
vt 0.818120 0.170969
vt 0.805636 0.191944
vt 0.805540 0.163583
vt 0.792295 0.187688
vt 0.789976 0.154244
vt 0.776783 0.180261
vt 0.359590 0.235626
vt 0.347266 0.238906
vt 0.786594 0.206564
vt 0.770293 0.203541
vt 0.799368 0.208649
vt 0.795442 0.220676
vt 0.783452 0.219564
vt 0.768731 0.219044
vt 0.771083 0.231001
vt 0.783302 0.228999
vt 0.794156 0.227653
vt 0.802442 0.226664
vt 0.805185 0.220793
vt 0.808834 0.226382
vt 0.808640 0.229709
vt 0.816050 0.230389
vt 0.817096 0.226009
vt 0.823470 0.228089
vt 0.822503 0.232653
vt 0.826424 0.234735
vt 0.827552 0.228671
vt 0.827161 0.224350
vt 0.829062 0.225995
vt 0.831614 0.223962
vt 0.828776 0.222404
vt 0.825613 0.223006
vt 0.826775 0.219170
vt 0.823275 0.218654
vt 0.826037 0.214568
vt 0.823595 0.212516
vt 0.832298 0.199783
vt 0.829733 0.197964
vt 0.841713 0.186669
vt 0.842842 0.189209
vt 0.290964 0.991342
vt 0.273573 0.981038
vt 0.280982 0.962136
vt 0.262840 0.967133
vt 0.277228 0.950848
vt 0.258342 0.953050
vt 0.862326 0.176781
vt 0.862615 0.181776
vt 0.853319 0.183795
vt 0.852199 0.179405
vt 0.861011 0.172769
vt 0.873579 0.171693
vt 0.874011 0.164594
vt 0.874392 0.155683
vt 0.888471 0.167973
vt 0.891343 0.159780
vt 0.900008 0.173146
vt 0.904886 0.167248
vt 0.918981 0.180197
vt 0.913241 0.158675
vt 0.928895 0.175404
vt 0.929667 0.199930
vt 0.939798 0.198181
vt 0.933898 0.215590
vt 0.944398 0.216035
vt 0.936827 0.227849
vt 0.946966 0.228777
vt 0.939126 0.234270
vt 0.947464 0.236285
vt 0.945796 0.243560
vt 0.954754 0.247873
vt 0.958509 0.238963
vt 0.965310 0.253039
vt 0.971058 0.242349
vt 0.470202 0.266228
vt 0.462437 0.265237
vt 0.463263 0.258634
vt 0.471307 0.256670
vt 0.479256 0.267208
vt 0.480328 0.254020
vt 0.475784 0.279865
vt 0.467228 0.275803
vt 0.462397 0.284607
vt 0.457309 0.292286
vt 0.455190 0.278380
vt 0.446233 0.285644
vt 0.931205 0.276277
vt 0.949139 0.275015
vt 0.934966 0.287852
vt 0.917040 0.287760
vt 0.915760 0.279762
vt 0.929037 0.266776
vt 0.942251 0.265842
vt 0.937528 0.257529
vt 0.949654 0.256548
vt 0.958550 0.263882
vt 0.460011 0.271795
vt 0.942211 0.250326
vt 0.931982 0.251747
vt 0.926471 0.259171
vt 0.923867 0.253110
vt 0.912186 0.268509
vt 0.913899 0.273721
vt 0.901980 0.278036
vt 0.902186 0.283601
vt 0.889593 0.284508
vt 0.890639 0.278501
vt 0.879566 0.281612
vt 0.880621 0.275698
vt 0.892258 0.271470
vt 0.901787 0.272457
vt 0.901311 0.265297
vt 0.911079 0.262262
vt 0.909460 0.256602
vt 0.920459 0.247781
vt 0.927924 0.246890
vt 0.923498 0.242031
vt 0.930618 0.241956
vt 0.935979 0.246143
vt 0.938474 0.240089
vt 0.932613 0.236650
vt 0.932306 0.233077
vt 0.923661 0.231937
vt 0.928912 0.226611
vt 0.925447 0.236397
vt 0.917118 0.232888
vt 0.918435 0.237564
vt 0.917108 0.244112
vt 0.914053 0.239172
vt 0.912910 0.232881
vt 0.330117 0.890485
vt 0.335863 0.888232
vt 0.334722 0.895368
vt 0.328740 0.896745
vt 0.327671 0.892437
vt 0.326180 0.898304
vt 0.321122 0.894306
vt 0.324490 0.899005
vt 0.321319 0.899114
vt 0.319448 0.892138
vt 0.911743 0.226861
vt 0.913470 0.229010
vt 0.908762 0.228164
vt 0.915024 0.227882
vt 0.911374 0.230297
vt 0.342654 0.896341
vt 0.350212 0.889024
vt 0.352739 0.900752
vt 0.365241 0.895923
vt 0.362021 0.909929
vt 0.375538 0.905752
vt 0.368230 0.923358
vt 0.384015 0.921298
vt 0.369768 0.940527
vt 0.383168 0.959979
vt 0.385607 0.940689
vt 0.868674 0.268628
vt 0.855896 0.273854
vt 0.856239 0.267073
vt 0.845358 0.275071
vt 0.856133 0.279813
vt 0.845591 0.281087
vt 0.856052 0.284970
vt 0.844749 0.286666
vt 0.855820 0.290330
vt 0.843916 0.291665
vt 0.855337 0.295235
vt 0.843387 0.297431
vt 0.830693 0.290723
vt 0.830546 0.298313
vt 0.843169 0.303167
vt 0.373165 0.298752
vt 0.370779 0.292270
vt 0.380369 0.294200
vt 0.381876 0.299531
vt 0.375489 0.304919
vt 0.383433 0.304582
vt 0.378522 0.309554
vt 0.370835 0.310982
vt 0.365212 0.305064
vt 0.361847 0.312287
vt 0.356137 0.303810
vt 0.361963 0.297248
vt 0.351103 0.292832
vt 0.359341 0.288155
vt 0.817747 0.280059
vt 0.816538 0.288844
vt 0.831909 0.283928
vt 0.820208 0.272587
vt 0.833047 0.278267
vt 0.347168 0.307346
vt 0.340812 0.298336
vt 0.326537 0.297746
vt 0.333189 0.305777
vt 0.319485 0.306454
vt 0.326228 0.314749
vt 0.312635 0.316377
vt 0.320402 0.324810
vt 0.307029 0.326448
vt 0.315606 0.333649
vt 0.303309 0.338206
vt 0.312294 0.343555
vt 0.301100 0.350191
vt 0.309692 0.353436
vt 0.300468 0.359360
vt 0.308258 0.360873
vt 0.306968 0.366672
vt 0.299789 0.365998
vt 0.299079 0.371345
vt 0.306096 0.371106
vt 0.304894 0.376100
vt 0.298529 0.376736
vt 0.291960 0.377637
vt 0.285829 0.379297
vt 0.288405 0.383189
vt 0.283997 0.384712
vt 0.280604 0.381393
vt 0.280203 0.386918
vt 0.275573 0.384468
vt 0.277856 0.390094
vt 0.921964 0.484999
vt 0.917742 0.481233
vt 0.922837 0.478667
vt 0.926192 0.482608
vt 0.925570 0.487816
vt 0.922089 0.491258
vt 0.917872 0.488613
vt 0.915757 0.498744
vt 0.910358 0.504302
vt 0.914535 0.505380
vt 0.912969 0.513327
vt 0.917284 0.514490
vt 0.919656 0.508108
vt 0.920432 0.515626
vt 0.918524 0.521252
vt 0.915108 0.521406
vt 0.917268 0.527261
vt 0.913979 0.529134
vt 0.911738 0.521278
vt 0.909602 0.512879
vt 0.908846 0.521033
vt 0.907233 0.512549
vt 0.906833 0.520769
vt 0.904275 0.520294
vt 0.904804 0.511709
vt 0.907633 0.507066
vt 0.899573 0.518561
vt 0.899156 0.529577
vt 0.890206 0.526310
vt 0.890826 0.540965
vt 0.901434 0.541973
vt 0.896488 0.556230
vt 0.906380 0.553578
vt 0.910534 0.573750
vt 0.321812 0.427870
vt 0.310302 0.420839
vt 0.321992 0.419868
vt 0.333612 0.420278
vt 0.337214 0.425877
vt 0.322070 0.436022
vt 0.308603 0.428055
vt 0.306997 0.437462
vt 0.298557 0.426653
vt 0.303996 0.450251
vt 0.321017 0.449049
vt 0.318273 0.461677
vt 0.334726 0.459080
vt 0.331974 0.472446
vt 0.315025 0.474678
vt 0.300880 0.462879
vt 0.297673 0.475539
vt 0.282039 0.469394
vt 0.286452 0.457359
vt 0.290218 0.447340
vt 0.349332 0.469826
vt 0.351923 0.456559
vt 0.366027 0.467903
vt 0.379527 0.481603
vt 0.381043 0.466900
vt 0.394391 0.466671
vt 0.382312 0.454115
vt 0.367951 0.454929
vt 0.369725 0.443686
vt 0.383438 0.442886
vt 0.394532 0.453822
vt 0.384343 0.430635
vt 0.372272 0.431886
vt 0.374263 0.423076
vt 0.384988 0.421974
vt 0.375599 0.415022
vt 0.385548 0.414201
vt 0.395256 0.413820
vt 0.385383 0.407023
vt 0.395458 0.406502
vt 0.404903 0.406992
vt 0.395552 0.400215
vt 0.385880 0.400499
vt 0.386095 0.393410
vt 0.375873 0.394976
vt 0.376593 0.401106
vt 0.368156 0.401301
vt 0.367178 0.395594
vt 0.373605 0.389343
vt 0.365186 0.390833
vt 0.369317 0.385304
vt 0.362882 0.387499
vt 0.364879 0.381885
vt 0.360212 0.385277
vt 0.359030 0.378369
vt 0.355896 0.381796
vt 0.351975 0.373492
vt 0.349794 0.377012
vt 0.343507 0.369176
vt 0.341749 0.373035
vt 0.334462 0.366300
vt 0.332822 0.369907
vt 0.324880 0.364344
vt 0.323103 0.368387
vt 0.316412 0.362486
vt 0.314781 0.367246
vt 0.321610 0.371670
vt 0.313698 0.371214
vt 0.312437 0.375497
vt 0.319961 0.375352
vt 0.319018 0.377985
vt 0.328997 0.378590
vt 0.330077 0.376243
vt 0.337317 0.381163
vt 0.338453 0.379093
vt 0.344695 0.384233
vt 0.346237 0.382646
vt 0.349835 0.387767
vt 0.351266 0.386746
vt 0.350987 0.389129
vt 0.352828 0.388661
vt 0.351459 0.390145
vt 0.353559 0.390113
vt 0.351719 0.391405
vt 0.354220 0.391778
vt 0.351159 0.394291
vt 0.354419 0.395175
vt 0.349410 0.398901
vt 0.353576 0.400145
vt 0.347910 0.404986
vt 0.351947 0.405942
vt 0.346443 0.414930
vt 0.353649 0.416450
vt 0.358149 0.406686
vt 0.365030 0.415898
vt 0.367269 0.407163
vt 0.376631 0.407460
vt 0.359264 0.400760
vt 0.359471 0.395528
vt 0.362170 0.424391
vt 0.349122 0.425008
vt 0.358987 0.433242
vt 0.355108 0.444905
vt 0.342123 0.434485
vt 0.337707 0.446853
vt 0.343252 0.412503
vt 0.340664 0.409387
vt 0.332281 0.415164
vt 0.949439 0.583896
vt 0.930216 0.581581
vt 0.935212 0.574100
vt 0.950644 0.578033
vt 0.960496 0.577223
vt 0.951208 0.575710
vt 0.960704 0.574377
vt 0.962689 0.580506
vt 0.974252 0.570333
vt 0.977540 0.578988
vt 0.983922 0.566778
vt 0.972088 0.566358
vt 0.961723 0.568356
vt 0.962077 0.571801
vt 0.950402 0.572173
vt 0.960771 0.573130
vt 0.951233 0.574496
vt 0.937449 0.570423
vt 0.936948 0.571711
vt 0.924179 0.563171
vt 0.922989 0.564159
vt 0.914334 0.551545
vt 0.925591 0.562001
vt 0.915716 0.550851
vt 0.927054 0.559920
vt 0.938258 0.565774
vt 0.938148 0.568593
vt 0.949458 0.569068
vt 0.948470 0.566085
vt 0.960354 0.565247
vt 0.969748 0.562857
vt 0.966800 0.559517
vt 0.973700 0.557386
vt 0.977613 0.560162
vt 0.980622 0.563227
vt 0.983421 0.558098
vt 0.986988 0.560604
vt 0.990251 0.563588
vt 0.993114 0.567355
vt 0.992502 0.561967
vt 0.995024 0.564606
vt 0.989625 0.559146
vt 0.993869 0.559968
vt 0.996199 0.562101
vt 0.990930 0.557528
vt 0.994254 0.556388
vt 0.997256 0.558119
vt 0.991302 0.554387
vt 0.994045 0.543122
vt 0.997539 0.544110
vt 0.991177 0.542061
vt 0.992711 0.528532
vt 0.996475 0.528658
vt 0.990152 0.528645
vt 0.987850 0.515756
vt 0.990244 0.514699
vt 0.993703 0.513928
vt 0.981808 0.501421
vt 0.979626 0.503140
vt 0.973135 0.493545
vt 0.971219 0.496081
vt 0.962027 0.491201
vt 0.962872 0.487793
vt 0.964680 0.484513
vt 0.975939 0.491165
vt 0.311954 0.378662
vt 0.304688 0.379563
vt 0.954740 0.480810
vt 0.298873 0.380490
vt 0.293151 0.381821
vt 0.945314 0.483418
vt 0.944602 0.478954
vt 0.938152 0.482329
vt 0.936481 0.478288
vt 0.931522 0.482169
vt 0.933958 0.485872
vt 0.939495 0.486074
vt 0.936451 0.489599
vt 0.941331 0.489637
vt 0.938277 0.492477
vt 0.943033 0.492728
vt 0.939826 0.495326
vt 0.936036 0.495909
vt 0.934605 0.492794
vt 0.932427 0.493929
vt 0.932529 0.489896
vt 0.929503 0.491370
vt 0.929278 0.486260
vt 0.926602 0.494112
vt 0.929869 0.496140
vt 0.928452 0.500579
vt 0.920837 0.501938
vt 0.929886 0.503465
vt 0.925738 0.505249
vt 0.922885 0.511066
vt 0.929935 0.509500
vt 0.925642 0.512688
vt 0.922568 0.516209
vt 0.920789 0.520580
vt 0.928112 0.520495
vt 0.929878 0.518546
vt 0.935526 0.521732
vt 0.936034 0.520733
vt 0.931422 0.516943
vt 0.936518 0.519911
vt 0.932905 0.515530
vt 0.934025 0.514594
vt 0.933493 0.505820
vt 0.935351 0.513386
vt 0.935831 0.503125
vt 0.937239 0.511228
vt 0.937934 0.518469
vt 0.938770 0.517516
vt 0.948334 0.530497
vt 0.937208 0.519246
vt 0.939966 0.516210
vt 0.941366 0.515013
vt 0.943818 0.514188
vt 0.947381 0.514198
vt 0.951899 0.515774
vt 0.956662 0.518945
vt 0.961069 0.523946
vt 0.964021 0.530052
vt 0.965275 0.535583
vt 0.964701 0.538371
vt 0.964211 0.539659
vt 0.963682 0.540730
vt 0.963091 0.541582
vt 0.962393 0.542730
vt 0.961254 0.544056
vt 0.959132 0.545910
vt 0.955748 0.547387
vt 0.950356 0.546918
vt 0.943963 0.544622
vt 0.939022 0.540554
vt 0.936289 0.535586
vt 0.934467 0.530111
vt 0.934432 0.525655
vt 0.934968 0.523227
vt 0.927429 0.525309
vt 0.926912 0.530748
vt 0.919589 0.526074
vt 0.919205 0.534804
vt 0.917132 0.536343
vt 0.922490 0.544331
vt 0.921104 0.546089
vt 0.915145 0.538196
vt 0.919345 0.548149
vt 0.912835 0.539471
vt 0.911389 0.530189
vt 0.908973 0.530481
vt 0.910787 0.540462
vt 0.907656 0.530469
vt 0.909801 0.540612
vt 0.907589 0.541396
vt 0.905186 0.530589
vt 0.912184 0.552214
vt 0.919348 0.566989
vt 0.917529 0.549688
vt 0.928059 0.557587
vt 0.928803 0.555051
vt 0.938151 0.563213
vt 0.937838 0.560361
vt 0.947704 0.562994
vt 0.958626 0.561914
vt 0.957672 0.559145
vt 0.964991 0.555981
vt 0.970648 0.553035
vt 0.967210 0.549933
vt 0.969301 0.547941
vt 0.974229 0.551254
vt 0.978994 0.555347
vt 0.975901 0.549909
vt 0.970545 0.545941
vt 0.976811 0.548479
vt 0.971719 0.544574
vt 0.977579 0.546726
vt 0.973095 0.542887
vt 0.977912 0.538722
vt 0.974114 0.539969
vt 0.978918 0.531831
vt 0.975085 0.533504
vt 0.978296 0.524072
vt 0.972758 0.525912
vt 0.973694 0.513896
vt 0.968322 0.518386
vt 0.967959 0.507912
vt 0.974974 0.512569
vt 0.969181 0.506572
vt 0.969471 0.505364
vt 0.975612 0.511449
vt 0.981322 0.521908
vt 0.982373 0.520264
vt 0.984540 0.530495
vt 0.983139 0.531339
vt 0.980425 0.523228
vt 0.981610 0.531745
vt 0.982301 0.540446
vt 0.984771 0.540378
vt 0.983774 0.549180
vt 0.987629 0.551807
vt 0.983360 0.552500
vt 0.987393 0.555132
vt 0.982124 0.554107
vt 0.986202 0.556813
vt 0.988298 0.541012
vt 0.986297 0.540304
vt 0.988020 0.528855
vt 0.986222 0.529450
vt 0.983718 0.518864
vt 0.976273 0.509816
vt 0.977041 0.507791
vt 0.985587 0.517189
vt 0.978211 0.505475
vt 0.969823 0.501354
vt 0.969545 0.503509
vt 0.962330 0.499133
vt 0.962239 0.496824
vt 0.970285 0.498845
vt 0.962018 0.494079
vt 0.954532 0.494163
vt 0.954332 0.491419
vt 0.954257 0.488910
vt 0.946872 0.490037
vt 0.947873 0.493096
vt 0.948434 0.495704
vt 0.943902 0.495398
vt 0.948778 0.497549
vt 0.944233 0.497316
vt 0.940111 0.497506
vt 0.944389 0.498561
vt 0.949071 0.498820
vt 0.949070 0.500162
vt 0.944515 0.500055
vt 0.940596 0.499082
vt 0.941181 0.500715
vt 0.936978 0.500030
vt 0.936544 0.498236
vt 0.932340 0.496923
vt 0.932333 0.499428
vt 0.933462 0.501721
vt 0.938698 0.501610
vt 0.938996 0.509106
vt 0.941636 0.507743
vt 0.945542 0.505848
vt 0.949282 0.505237
vt 0.954212 0.501155
vt 0.961139 0.503359
vt 0.955622 0.507015
vt 0.962704 0.511532
vt 0.962387 0.502292
vt 0.955118 0.499820
vt 0.955034 0.498468
vt 0.962418 0.500976
vt 0.954760 0.496534
vt 0.945969 0.486948
vt 0.954440 0.485256
vt 0.963533 0.552791
vt 0.957108 0.555103
vt 0.947951 0.560361
vt 0.949951 0.555568
vt 0.938743 0.558051
vt 0.929367 0.552645
vt 0.940718 0.553394
vt 0.933067 0.546738
vt 0.928783 0.538801
vt 0.929282 0.477986
vt 0.985159 0.499600
vt 0.966595 0.586777
vt 0.358316 0.391457
vt 0.986974 0.572123
vt 0.357341 0.389145
vt 0.356247 0.387311
vt 0.353852 0.384028
vt 0.347922 0.379928
vt 0.340227 0.376103
vt 0.331506 0.372872
vt 0.318582 0.356383
vt 0.321392 0.348350
vt 0.327191 0.359104
vt 0.330140 0.352629
vt 0.336640 0.361647
vt 0.339272 0.355997
vt 0.345558 0.364847
vt 0.348126 0.359960
vt 0.354268 0.368652
vt 0.356390 0.363726
vt 0.364537 0.367881
vt 0.358706 0.359130
vt 0.366612 0.362778
vt 0.374669 0.365988
vt 0.368518 0.357405
vt 0.376305 0.360063
vt 0.383374 0.362356
vt 0.384506 0.355848
vt 0.377678 0.354236
vt 0.385206 0.350106
vt 0.378937 0.348523
vt 0.386299 0.344473
vt 0.380903 0.342526
vt 0.383654 0.337913
vt 0.378601 0.335022
vt 0.375393 0.340387
vt 0.371528 0.331214
vt 0.367881 0.336722
vt 0.365665 0.327585
vt 0.645876 0.945076
vt 0.647204 0.922782
vt 0.655670 0.941179
vt 0.659745 0.951512
vt 0.362326 0.325168
vt 0.360086 0.331682
vt 0.355653 0.320009
vt 0.351856 0.329140
vt 0.357353 0.337334
vt 0.348582 0.336830
vt 0.355368 0.343498
vt 0.345690 0.343493
vt 0.353147 0.348887
vt 0.342072 0.350376
vt 0.350568 0.355011
vt 0.361130 0.354367
vt 0.363141 0.348779
vt 0.370607 0.352002
vt 0.372718 0.346489
vt 0.365073 0.343035
vt 0.333637 0.345780
vt 0.337447 0.338324
vt 0.325094 0.340266
vt 0.329040 0.332186
vt 0.342132 0.329588
vt 0.333751 0.322388
vt 0.347710 0.321812
vt 0.340595 0.313743
vt 0.353592 0.316659
vt 0.665246 0.970784
vt 0.665877 0.979856
vt 0.644313 0.978730
vt 0.640315 0.969659
vt 0.658271 0.963276
vt 0.636959 0.962868
vt 0.638163 0.945143
vt 0.630806 0.958149
vt 0.630592 0.943540
vt 0.624345 0.955110
vt 0.623807 0.943461
vt 0.618859 0.953255
vt 0.615971 0.944165
vt 0.612880 0.933531
vt 0.609234 0.938539
vt 0.606157 0.936370
vt 0.605898 0.940111
vt 0.604872 0.939832
vt 0.602725 0.935643
vt 0.606594 0.929491
vt 0.600336 0.928290
vt 0.601881 0.919628
vt 0.593070 0.919180
vt 0.594218 0.930128
vt 0.585407 0.926478
vt 0.585466 0.916464
vt 0.581911 0.926456
vt 0.578036 0.916639
vt 0.575761 0.927252
vt 0.571042 0.916757
vt 0.570036 0.927938
vt 0.563488 0.917003
vt 0.563405 0.910764
vt 0.571935 0.911004
vt 0.563341 0.904864
vt 0.572870 0.905779
vt 0.579470 0.911260
vt 0.581115 0.906651
vt 0.587291 0.911989
vt 0.589922 0.907547
vt 0.594813 0.912886
vt 0.596026 0.908423
vt 0.603443 0.913587
vt 0.611563 0.916097
vt 0.603917 0.909320
vt 0.615530 0.911126
vt 0.623784 0.927334
vt 0.618669 0.928502
vt 0.610205 0.922092
vt 0.629867 0.925466
vt 0.619255 0.908025
vt 0.603429 0.905829
vt 0.606856 0.894746
vt 0.598091 0.899522
vt 0.594048 0.886516
vt 0.587025 0.895207
vt 0.580480 0.881187
vt 0.576168 0.892263
vt 0.563784 0.878874
vt 0.564407 0.860672
vt 0.548049 0.880086
vt 0.551654 0.891285
vt 0.541636 0.893318
vt 0.544791 0.899754
vt 0.553109 0.898185
vt 0.546894 0.905181
vt 0.554395 0.905006
vt 0.548388 0.909926
vt 0.555240 0.910280
vt 0.549660 0.915396
vt 0.556096 0.916057
vt 0.551536 0.926028
vt 0.556887 0.927235
vt 0.551441 0.936155
vt 0.546080 0.934233
vt 0.545916 0.924767
vt 0.542310 0.931545
vt 0.540429 0.941363
vt 0.543719 0.944165
vt 0.537215 0.951675
vt 0.533738 0.948528
vt 0.529485 0.944189
vt 0.525930 0.946851
vt 0.526427 0.941594
vt 0.524148 0.939957
vt 0.545684 0.954308
vt 0.549422 0.946258
vt 0.553482 0.957791
vt 0.552504 0.961782
vt 0.563067 0.961029
vt 0.563097 0.956845
vt 0.572798 0.958555
vt 0.571194 0.948633
vt 0.577290 0.947456
vt 0.580936 0.955765
vt 0.589440 0.961857
vt 0.592076 0.958538
vt 0.601316 0.963800
vt 0.602669 0.959601
vt 0.613666 0.959690
vt 0.616527 0.963860
vt 0.602526 0.967590
vt 0.619707 0.968933
vt 0.604442 0.971896
vt 0.589843 0.969591
vt 0.589110 0.965445
vt 0.574502 0.966622
vt 0.390110 0.304446
vt 0.391082 0.307619
vt 0.384859 0.308315
vt 0.389510 0.299603
vt 0.395893 0.304336
vt 0.396206 0.299222
vt 0.402878 0.300272
vt 0.401742 0.305141
vt 0.400323 0.308354
vt 0.407002 0.309735
vt 0.408576 0.305825
vt 0.413265 0.310950
vt 0.416450 0.306362
vt 0.410463 0.300714
vt 0.404086 0.295662
vt 0.412234 0.295488
vt 0.419027 0.300234
vt 0.421695 0.293854
vt 0.430182 0.298992
vt 0.433217 0.289960
vt 0.441096 0.294806
vt 0.916511 0.296966
vt 0.901015 0.304257
vt 0.902273 0.296676
vt 0.902341 0.289541
vt 0.889329 0.295498
vt 0.889438 0.290244
vt 0.878085 0.292204
vt 0.878882 0.286802
vt 0.866932 0.291102
vt 0.867535 0.285444
vt 0.867923 0.280006
vt 0.868258 0.275084
vt 0.866381 0.296429
vt 0.877432 0.297174
vt 0.877001 0.302269
vt 0.888735 0.301302
vt 0.887816 0.306996
vt 0.865970 0.300963
vt 0.854874 0.300326
vt 0.865527 0.305677
vt 0.854681 0.305294
vt 0.388720 0.294898
vt 0.396444 0.294471
vt 0.876268 0.307142
vt 0.536032 0.967828
vt 0.521676 0.968993
vt 0.551202 0.965825
vt 0.562869 0.965314
vt 0.395624 0.307716
vt 0.573565 0.962494
vt 0.611891 0.958120
vt 0.603437 0.958040
vt 0.609340 0.954886
vt 0.611851 0.948817
vt 0.607353 0.949527
vt 0.608708 0.945802
vt 0.610166 0.943559
vt 0.607010 0.943198
vt 0.607430 0.942302
vt 0.606794 0.940814
vt 0.606086 0.941729
vt 0.606049 0.941364
vt 0.605791 0.941180
vt 0.605561 0.941241
vt 0.605548 0.941536
vt 0.605366 0.941333
vt 0.603906 0.939978
vt 0.605067 0.941727
vt 0.605280 0.941822
vt 0.604812 0.942143
vt 0.603117 0.941474
vt 0.603913 0.942654
vt 0.601571 0.944136
vt 0.603229 0.945441
vt 0.604578 0.943068
vt 0.605642 0.943512
vt 0.604973 0.942415
vt 0.605651 0.942553
vt 0.605913 0.943654
vt 0.605876 0.946230
vt 0.606604 0.946283
vt 0.605135 0.949618
vt 0.601737 0.949358
vt 0.604541 0.955090
vt 0.599268 0.953723
vt 0.598305 0.946581
vt 0.593755 0.950656
vt 0.591851 0.939175
vt 0.598506 0.940209
vt 0.599742 0.936055
vt 0.585578 0.933302
vt 0.587166 0.943168
vt 0.581446 0.935854
vt 0.583384 0.945861
vt 0.575600 0.937322
vt 0.570032 0.938596
vt 0.563487 0.928227
vt 0.563401 0.938713
vt 0.556722 0.937944
vt 0.555303 0.947988
vt 0.563207 0.948792
vt 0.589808 0.953640
vt 0.595626 0.956688
vt 0.605705 0.942456
vt 0.605758 0.942072
vt 0.605808 0.941655
vt 0.605513 0.941973
vt 0.542668 0.924616
vt 0.542833 0.914693
vt 0.535493 0.916908
vt 0.541155 0.910075
vt 0.533950 0.910501
vt 0.538695 0.905450
vt 0.532876 0.905955
vt 0.537049 0.902385
vt 0.532379 0.903298
vt 0.531073 0.896909
vt 0.535303 0.884289
vt 0.522806 0.891690
vt 0.526006 0.870741
vt 0.403449 0.339516
vt 0.542680 0.863796
vt 0.399693 0.340535
vt 0.395846 0.345502
vt 0.395788 0.340916
vt 0.391801 0.340673
vt 0.390823 0.345428
vt 0.387994 0.339694
vt 0.586987 0.865327
vt 0.604318 0.873455
vt 0.395855 0.351069
vt 0.390334 0.350675
vt 0.389915 0.356750
vt 0.395865 0.357335
vt 0.389408 0.363195
vt 0.382119 0.367975
vt 0.388600 0.369267
vt 0.387536 0.376168
vt 0.395816 0.370331
vt 0.395777 0.377320
vt 0.395726 0.385139
vt 0.385911 0.384273
vt 0.380588 0.374378
vt 0.376527 0.380860
vt 0.373082 0.371653
vt 0.369796 0.377240
vt 0.362081 0.373508
vt 0.395629 0.392576
vt 0.395865 0.364063
vt 0.525792 0.902960
vt 0.525219 0.906439
vt 0.525497 0.910742
vt 0.526933 0.916886
vt 0.563403 0.898793
vt 0.563509 0.890682
vt 0.574426 0.899003
vt 0.583472 0.901404
vt 0.591715 0.904618
vt 0.596643 0.905800
vt 0.619909 0.886017
vt 0.635500 0.925433
vt 0.633300 0.902163
vt 0.623206 0.974319
vt 0.301928 0.420259
vt 0.294406 0.418312
vt 0.280442 0.394531
vt 0.271969 0.387977
vt 0.881139 0.268903
vt 0.892117 0.265440
vt 0.900412 0.260354
vt 0.908255 0.251095
vt 0.469537 0.247040
vt 0.461850 0.252039
vt 0.456784 0.245828
vt 0.462997 0.238517
vt 0.477631 0.241172
vt 0.469265 0.230528
vt 0.456496 0.223520
vt 0.460289 0.214028
vt 0.439998 0.210714
vt 0.442192 0.200735
vt 0.425847 0.200936
vt 0.424374 0.209448
vt 0.411754 0.202572
vt 0.411167 0.210120
vt 0.423961 0.217029
vt 0.439926 0.218810
vt 0.422660 0.225384
vt 0.436620 0.226855
vt 0.434962 0.236456
vt 0.422239 0.234664
vt 0.410929 0.225767
vt 0.411027 0.217480
vt 0.410774 0.234201
vt 0.397494 0.234621
vt 0.910885 0.117671
vt 0.875324 0.130298
vt 0.875461 0.113607
vt 0.902684 0.133349
vt 0.874832 0.144870
vt 0.896597 0.147612
vt 0.924131 0.148098
vt 0.938712 0.133844
vt 0.942423 0.168567
vt 0.959582 0.160190
vt 0.954208 0.194958
vt 0.970922 0.188293
vt 0.957871 0.215036
vt 0.975232 0.213295
vt 0.447009 0.240057
vt 0.451615 0.231634
vt 0.975010 0.229908
vt 0.959376 0.228926
vt 0.896340 0.178368
vt 0.885989 0.173944
vt 0.820826 0.210148
vt 0.308578 0.992046
vt 0.818539 0.218427
vt 0.816459 0.209091
vt 0.812869 0.220243
vt 0.809417 0.209058
vt 0.313058 0.989915
vt 0.316235 0.987962
vt 0.319446 0.981441
vt 0.318407 0.986211
vt 0.322854 0.981396
vt 0.497048 0.939362
vt 0.502712 0.951294
vt 0.503970 0.939668
vt 0.508409 0.949736
vt 0.515057 0.954990
vt 0.511783 0.940755
vt 0.518949 0.935460
vt 0.520567 0.939360
vt 0.521298 0.937893
vt 0.522237 0.937233
vt 0.523291 0.937010
vt 0.417126 0.372094
vt 0.425478 0.368567
vt 0.420076 0.377745
vt 0.420445 0.385728
vt 0.424718 0.382453
vt 0.426551 0.388019
vt 0.424364 0.391264
vt 0.429750 0.396001
vt 0.430847 0.392013
vt 0.434515 0.395760
vt 0.434722 0.392370
vt 0.437756 0.394958
vt 0.773719 0.539576
vt 0.777982 0.535461
vt 0.768942 0.533419
vt 0.772689 0.530668
vt 0.776660 0.528790
vt 0.782102 0.533203
vt 0.789557 0.538599
vt 0.785925 0.531295
vt 0.792801 0.536115
vt 0.801220 0.541084
vt 0.796545 0.533855
vt 0.803766 0.538377
vt 0.813945 0.542422
vt 0.790436 0.529903
vt 0.785790 0.526438
vt 0.780794 0.527606
vt 0.782981 0.524201
vt 0.778315 0.525507
vt 0.777617 0.523612
vt 0.778341 0.520463
vt 0.774168 0.521784
vt 0.773603 0.524818
vt 0.770770 0.522803
vt 0.770135 0.526268
vt 0.767406 0.523575
vt 0.767330 0.527627
vt 0.437538 0.387432
vt 0.438861 0.388427
vt 0.437775 0.389739
vt 0.436014 0.389274
vt 0.435203 0.384764
vt 0.432785 0.387925
vt 0.433356 0.382551
vt 0.429105 0.385866
vt 0.430457 0.379116
vt 0.427629 0.374241
vt 0.435423 0.369651
vt 0.433551 0.364699
vt 0.441769 0.361295
vt 0.450607 0.357732
vt 0.431750 0.389733
vt 0.435330 0.390706
vt 0.437115 0.392008
vt 0.437336 0.390748
vt 0.770923 0.528518
vt 0.767812 0.530317
vt 0.774429 0.526690
vt 0.807456 0.560832
vt 0.447872 0.410952
vt 0.798496 0.551814
vt 0.392830 0.585145
vt 0.392551 0.606510
vt 0.283060 0.914380
vt 0.277089 0.894589
vt 0.265287 0.907355
vt 0.330298 0.256710
vt 0.476151 0.040151
vt 0.434742 0.034553
vt 0.476305 0.016344
vt 0.436574 0.013796
vt 0.879176 0.085210
vt 0.878799 0.093580
vt 0.864342 0.091660
vt 0.864105 0.083957
vt 0.879673 0.075225
vt 0.897021 0.078136
vt 0.899164 0.065669
vt 0.880419 0.063350
vt 0.901234 0.053386
vt 0.923100 0.058865
vt 0.927717 0.045147
vt 0.946197 0.063892
vt 0.939409 0.075601
vt 0.918163 0.071802
vt 0.959284 0.082925
vt 0.967333 0.072612
vt 0.956169 0.927122
vt 0.955524 0.914202
vt 0.953550 0.052409
vt 0.976067 0.062741
vt 0.958458 0.939931
vt 0.982298 0.050731
vt 0.956029 0.038502
vt 0.986447 0.035721
vt 0.958491 0.021493
vt 0.928853 0.031276
vt 0.929119 0.014141
vt 0.901900 0.026967
vt 0.900983 0.010771
vt 0.878050 0.023885
vt 0.877423 0.008684
vt 0.859673 0.022975
vt 0.861079 0.037163
vt 0.845144 0.036984
vt 0.843585 0.022945
vt 0.858800 0.007303
vt 0.841920 0.006663
vt 0.825861 0.010624
vt 0.828054 0.025971
vt 0.807730 0.015085
vt 0.810367 0.030300
vt 0.785171 0.021769
vt 0.787449 0.037791
vt 0.758052 0.030183
vt 0.761604 0.046966
vt 0.730472 0.042916
vt 0.736476 0.059190
vt 0.705847 0.062241
vt 0.713183 0.076088
vt 0.616183 0.847915
vt 0.604065 0.819480
vt 0.619702 0.818297
vt 0.630036 0.845503
vt 0.629564 0.874302
vt 0.645980 0.869521
vt 0.648847 0.896099
vt 0.669132 0.892785
vt 0.666166 0.913931
vt 0.676301 0.910220
vt 0.683139 0.926994
vt 0.689322 0.918804
vt 0.702370 0.927025
vt 0.696330 0.907965
vt 0.718437 0.924438
vt 0.720274 0.941188
vt 0.700828 0.936136
vt 0.681981 0.879055
vt 0.660356 0.862484
vt 0.672512 0.849878
vt 0.642720 0.838534
vt 0.655312 0.827114
vt 0.683659 0.832339
vt 0.666224 0.814072
vt 0.692843 0.816450
vt 0.674788 0.800792
vt 0.699329 0.800605
vt 0.680254 0.787553
vt 0.689171 0.778482
vt 0.706262 0.787796
vt 0.698080 0.769093
vt 0.681445 0.760274
vt 0.672799 0.768094
vt 0.165822 0.052823
vt 0.116002 0.052230
vt 0.127086 0.021068
vt 0.176734 0.021075
vt 0.218655 0.051151
vt 0.227353 0.019232
vt 0.274578 0.042453
vt 0.279880 0.016076
vt 0.325847 0.036406
vt 0.327520 0.012863
vt 0.368220 0.032842
vt 0.366765 0.011744
vt 0.401802 0.033013
vt 0.401926 0.010629
vt 0.838031 0.086234
vt 0.851737 0.091196
vt 0.839278 0.093891
vt 0.823732 0.090324
vt 0.820796 0.080626
vt 0.835903 0.076979
vt 0.850987 0.083748
vt 0.849746 0.074226
vt 0.863775 0.074525
vt 0.863644 0.062829
vt 0.847946 0.062619
vt 0.862591 0.050276
vt 0.880474 0.051036
vt 0.879340 0.037580
vt 0.846531 0.050469
vt 0.902218 0.040382
vt 0.831318 0.053191
vt 0.829749 0.040115
vt 0.812047 0.043974
vt 0.813868 0.057308
vt 0.789875 0.050938
vt 0.793723 0.063550
vt 0.765534 0.060432
vt 0.773142 0.073004
vt 0.751155 0.082362
vt 0.741549 0.072480
vt 0.732033 0.094666
vt 0.721717 0.086666
vt 0.632623 0.813992
vt 0.642844 0.806135
vt 0.742169 0.103305
vt 0.651967 0.796678
vt 0.760669 0.092464
vt 0.752523 0.112226
vt 0.770844 0.102419
vt 0.774381 0.113668
vt 0.790833 0.105149
vt 0.788040 0.094886
vt 0.807762 0.097076
vt 0.803987 0.086794
vt 0.825698 0.098505
vt 0.781148 0.084780
vt 0.798708 0.075199
vt 0.816828 0.069335
vt 0.810075 0.106203
vt 0.793327 0.115260
vt 0.759107 0.122315
vt 0.658570 0.784906
vt 0.665118 0.775003
vt 0.777388 0.124051
vt 0.833303 0.065623
vt 0.146350 0.094303
vt 0.761609 0.132450
vt 0.097828 0.090113
vt 0.074440 0.132762
vt 0.692315 0.750464
vt 0.703905 0.738212
vt 0.947881 0.976005
vt 0.965189 0.951682
vt 0.976170 0.962694
vt 0.939102 0.964399
vt 0.919599 0.985945
vt 0.056235 0.175932
vt 0.712424 0.724331
vt 0.732765 0.732312
vt 0.721841 0.704562
vt 0.744673 0.713177
vt 0.757535 0.743137
vt 0.769020 0.721977
vt 0.777736 0.749900
vt 0.787071 0.729380
vt 0.798092 0.754779
vt 0.805519 0.736500
vt 0.826041 0.745618
vt 0.831939 0.730977
vt 0.812111 0.721339
vt 0.835761 0.721774
vt 0.856803 0.718709
vt 0.840289 0.711072
vt 0.861831 0.705986
vt 0.878881 0.711474
vt 0.867211 0.692354
vt 0.883754 0.697570
vt 0.871553 0.681385
vt 0.851545 0.685148
vt 0.845613 0.698635
vt 0.828217 0.687702
vt 0.821967 0.700622
vt 0.816632 0.711668
vt 0.800582 0.702924
vt 0.795236 0.713092
vt 0.784438 0.695868
vt 0.792320 0.684853
vt 0.807425 0.691658
vt 0.816008 0.678189
vt 0.802173 0.668367
vt 0.823271 0.664914
vt 0.809884 0.654321
vt 0.829143 0.654903
vt 0.816989 0.644329
vt 0.846976 0.649762
vt 0.840202 0.664113
vt 0.862118 0.658721
vt 0.856108 0.674249
vt 0.835061 0.674393
vt 0.780839 0.661649
vt 0.762451 0.650409
vt 0.761396 0.661078
vt 0.747529 0.658895
vt 0.748438 0.650800
vt 0.748877 0.644044
vt 0.746012 0.638643
vt 0.955416 0.305163
vt 0.949532 0.295577
vt 0.967563 0.297648
vt 0.963256 0.305920
vt 0.956780 0.311570
vt 0.967073 0.311889
vt 0.962261 0.317499
vt 0.960168 0.321649
vt 0.963229 0.323287
vt 0.966675 0.319157
vt 0.967802 0.326490
vt 0.970999 0.324557
vt 0.972689 0.331058
vt 0.969472 0.331200
vt 0.965382 0.327730
vt 0.974230 0.337507
vt 0.977504 0.337297
vt 0.978203 0.351329
vt 0.980458 0.350543
vt 0.982916 0.366627
vt 0.980601 0.368190
vt 0.972850 0.353279
vt 0.975642 0.369761
vt 0.968941 0.355301
vt 0.972368 0.370057
vt 0.969217 0.370868
vt 0.971005 0.380195
vt 0.973957 0.379500
vt 0.975142 0.390103
vt 0.972211 0.390779
vt 0.966249 0.390872
vt 0.965275 0.380765
vt 0.962168 0.390774
vt 0.963627 0.401132
vt 0.967177 0.401779
vt 0.963642 0.412381
vt 0.971940 0.412184
vt 0.972449 0.401326
vt 0.975889 0.411390
vt 0.978747 0.410047
vt 0.975915 0.400508
vt 0.978056 0.399312
vt 0.980659 0.404404
vt 0.980143 0.395769
vt 0.983415 0.402371
vt 0.982749 0.394654
vt 0.985333 0.400706
vt 0.986287 0.395228
vt 0.997149 0.404032
vt 0.986977 0.386182
vt 0.997149 0.384818
vt 0.987089 0.379389
vt 0.994261 0.361887
vt 0.986817 0.365011
vt 0.982715 0.350420
vt 0.981626 0.339347
vt 0.989210 0.332745
vt 0.976424 0.331932
vt 0.755487 0.674311
vt 0.742778 0.670433
vt 0.749570 0.684080
vt 0.765579 0.690068
vt 0.772801 0.678697
vt 0.778243 0.705052
vt 0.758885 0.698318
vt 0.743191 0.692673
vt 0.738919 0.679328
vt 0.982828 0.376242
vt 0.982736 0.385747
vt 0.980506 0.377281
vt 0.979868 0.386392
vt 0.976501 0.378963
vt 0.977417 0.388983
vt 0.734450 0.686456
vt 0.723834 0.696187
vt 0.960401 0.410810
vt 0.959413 0.426470
vt 0.954214 0.420976
vt 0.952442 0.426057
vt 0.958834 0.432685
vt 0.947979 0.432360
vt 0.958173 0.437587
vt 0.953985 0.444648
vt 0.957428 0.443624
vt 0.956177 0.450358
vt 0.950526 0.446864
vt 0.943178 0.438172
vt 0.947868 0.449826
vt 0.954739 0.452072
vt 0.952343 0.454806
vt 0.947910 0.458017
vt 0.936695 0.425884
vt 0.933792 0.421517
vt 0.937848 0.421465
vt 0.946632 0.423541
vt 0.946276 0.418116
vt 0.950370 0.420902
vt 0.949361 0.416408
vt 0.952695 0.416855
vt 0.957663 0.408002
vt 0.957121 0.405961
vt 0.958816 0.399184
vt 0.958081 0.398623
vt 0.957747 0.390652
vt 0.957691 0.390975
vt 0.957116 0.382463
vt 0.956068 0.383150
vt 0.956263 0.391090
vt 0.955035 0.386088
vt 0.953709 0.379091
vt 0.952447 0.382242
vt 0.953950 0.388870
vt 0.948347 0.384919
vt 0.949821 0.391569
vt 0.945240 0.386132
vt 0.946236 0.392598
vt 0.942422 0.386924
vt 0.943813 0.392947
vt 0.933987 0.394723
vt 0.943174 0.398842
vt 0.933823 0.397381
vt 0.941150 0.403409
vt 0.938850 0.407259
vt 0.939869 0.407953
vt 0.943231 0.403448
vt 0.942512 0.408508
vt 0.946021 0.403767
vt 0.949046 0.409134
vt 0.952051 0.403174
vt 0.952673 0.410925
vt 0.955250 0.402023
vt 0.956550 0.404221
vt 0.957212 0.398613
vt 0.955671 0.393433
vt 0.953998 0.396058
vt 0.949065 0.398001
vt 0.946853 0.413793
vt 0.945736 0.398634
vt 0.940263 0.412761
vt 0.939037 0.416812
vt 0.937448 0.411737
vt 0.935537 0.415885
vt 0.938684 0.375488
vt 0.942592 0.374337
vt 0.935301 0.367458
vt 0.931817 0.368148
vt 0.932733 0.365121
vt 0.929715 0.365599
vt 0.930960 0.362546
vt 0.928216 0.363060
vt 0.930204 0.355222
vt 0.925904 0.357340
vt 0.922699 0.354004
vt 0.920830 0.356642
vt 0.918382 0.355868
vt 0.917918 0.354983
vt 0.914787 0.357412
vt 0.917468 0.353936
vt 0.925631 0.349324
vt 0.926291 0.350446
vt 0.927899 0.348654
vt 0.929613 0.349285
vt 0.929755 0.351376
vt 0.932515 0.350388
vt 0.933421 0.352984
vt 0.937169 0.358676
vt 0.937235 0.355863
vt 0.939508 0.355858
vt 0.940900 0.357135
vt 0.939996 0.361120
vt 0.935649 0.362183
vt 0.937718 0.363652
vt 0.940253 0.365879
vt 0.942653 0.363381
vt 0.948333 0.369378
vt 0.949093 0.366344
vt 0.944615 0.360700
vt 0.948611 0.363172
vt 0.950125 0.364989
vt 0.953438 0.375204
vt 0.951798 0.364840
vt 0.948455 0.358534
vt 0.947549 0.358767
vt 0.946679 0.356001
vt 0.945978 0.356367
vt 0.944713 0.353909
vt 0.944148 0.354452
vt 0.942945 0.352339
vt 0.942485 0.352994
vt 0.940016 0.350270
vt 0.935071 0.347081
vt 0.934158 0.347257
vt 0.930665 0.345646
vt 0.933104 0.342124
vt 0.928310 0.340995
vt 0.926056 0.346349
vt 0.916687 0.343511
vt 0.914582 0.350337
vt 0.912021 0.347637
vt 0.910798 0.340018
vt 0.904843 0.345958
vt 0.908124 0.352617
vt 0.910615 0.353644
vt 0.909299 0.355733
vt 0.912400 0.355917
vt 0.914221 0.355141
vt 0.916253 0.351729
vt 0.917060 0.352758
vt 0.914330 0.356364
vt 0.924910 0.348431
vt 0.924752 0.347360
vt 0.928695 0.347579
vt 0.929857 0.346320
vt 0.933020 0.348514
vt 0.939730 0.351159
vt 0.934398 0.350543
vt 0.939243 0.353273
vt 0.934118 0.352666
vt 0.938022 0.354727
vt 0.941209 0.354294
vt 0.942773 0.355510
vt 0.942461 0.358745
vt 0.944461 0.356990
vt 0.946235 0.358948
vt 0.902728 0.335813
vt 0.910702 0.332283
vt 0.918121 0.336053
vt 0.918214 0.330275
vt 0.931029 0.336448
vt 0.932433 0.331556
vt 0.935153 0.338548
vt 0.920064 0.324571
vt 0.949088 0.358033
vt 0.952567 0.364385
vt 0.955061 0.375445
vt 0.955836 0.375084
vt 0.957995 0.382134
vt 0.959562 0.381781
vt 0.959787 0.390705
vt 0.961814 0.381402
vt 0.961075 0.400285
vt 0.957899 0.374187
vt 0.960275 0.372989
vt 0.963850 0.371778
vt 0.964859 0.357100
vt 0.959292 0.359172
vt 0.952329 0.354284
vt 0.956007 0.361506
vt 0.950906 0.356285
vt 0.954257 0.362925
vt 0.946733 0.371941
vt 0.927204 0.365609
vt 0.928822 0.417469
vt 0.980317 0.312913
vt 0.961038 0.324531
vt 0.952262 0.314361
vt 0.949979 0.310020
vt 0.947565 0.313179
vt 0.945168 0.308399
vt 0.818607 0.763299
vt 0.836422 0.770422
vt 0.927339 0.418142
vt 0.915117 0.411533
vt 0.916838 0.408653
vt 0.916288 0.408933
vt 0.915558 0.406812
vt 0.914715 0.407196
vt 0.914746 0.405798
vt 0.912875 0.406784
vt 0.912080 0.406126
vt 0.914030 0.405052
vt 0.914293 0.405404
vt 0.914585 0.404900
vt 0.914895 0.405245
vt 0.915331 0.405725
vt 0.914795 0.404425
vt 0.914305 0.404515
vt 0.914471 0.404059
vt 0.914272 0.403905
vt 0.914156 0.404227
vt 0.913937 0.403975
vt 0.912724 0.402577
vt 0.913606 0.404149
vt 0.912049 0.403319
vt 0.908656 0.399371
vt 0.907906 0.401509
vt 0.906008 0.400340
vt 0.906282 0.398546
vt 0.906173 0.397850
vt 0.905126 0.402731
vt 0.907306 0.403025
vt 0.911677 0.404004
vt 0.911691 0.405075
vt 0.913676 0.404393
vt 0.913792 0.404711
vt 0.071646 0.447888
vt 0.025317 0.480107
vt 0.838319 0.606632
vt 0.174088 0.759730
vt 0.864179 0.894663
vt 0.623347 0.032117
vt 0.475080 0.336172
vt 0.784443 0.510395
vt 0.786699 0.510953
vt 0.788666 0.502255
vt 0.789926 0.502878
vt 0.793528 0.495269
vt 0.793117 0.493936
vt 0.801299 0.485747
vt 0.808781 0.481604
vt 0.801173 0.484043
vt 0.792594 0.492198
vt 0.786371 0.499759
vt 0.787655 0.501193
vt 0.783089 0.509986
vt 0.816714 0.479348
vt 0.834430 0.491289
vt 0.821381 0.486944
vt 0.813603 0.489061
vt 0.860900 0.521376
vt 0.863767 0.512358
vt 0.858149 0.480662
vt 0.863045 0.478982
vt 0.859804 0.474841
vt 0.507828 0.398161
vt 0.506717 0.394665
vt 0.449569 0.556179
vt 0.451138 0.572846
vt 0.453003 0.590701
vt 0.455142 0.610878
vt 0.436508 0.633598
vt 0.458923 0.634283
vt 0.439894 0.662265
vt 0.414588 0.661231
vt 0.416279 0.695968
vt 0.416855 0.735449
vt 0.446835 0.731894
vt 0.448278 0.754961
vt 0.470428 0.695874
vt 0.443895 0.695866
vt 0.463831 0.662746
vt 0.908058 0.377274
vt 0.974743 0.632859
vt 0.984433 0.649209
vt 0.631667 0.655673
vt 0.678610 0.685745
vt 0.649338 0.721578
vt 0.609566 0.684972
vt 0.971657 0.769566
vt 0.970175 0.777980
vt 0.729053 0.345956
vt 0.737024 0.400663
vt 0.971232 0.792294
vt 0.505030 0.377189
vt 0.506631 0.369574
vt 0.497343 0.375755
vt 0.497780 0.369271
vt 0.498446 0.361021
vt 0.508366 0.359928
vt 0.489080 0.362489
vt 0.489482 0.369225
vt 0.489911 0.374671
vt 0.483935 0.379187
vt 0.476800 0.381465
vt 0.806914 0.466552
vt 0.860799 0.468624
vt 0.854660 0.466362
vt 0.847594 0.464928
vt 0.839612 0.463555
vt 0.539140 0.488207
vt 0.523098 0.606282
vt 0.520964 0.622971
vt 0.516959 0.637493
vt 0.756367 0.301673
vt 0.754860 0.306649
vt 0.759372 0.304733
vt 0.759402 0.309193
vt 0.764352 0.306731
vt 0.766070 0.312709
vt 0.757876 0.320041
vt 0.751547 0.315090
vt 0.767857 0.316323
vt 0.760651 0.323076
vt 0.763391 0.326494
vt 0.769350 0.320151
vt 0.771626 0.326555
vt 0.774528 0.323479
vt 0.777406 0.327952
vt 0.773678 0.330296
vt 0.766726 0.332525
vt 0.769025 0.336631
vt 0.764646 0.334983
vt 0.767337 0.338953
vt 0.762723 0.337747
vt 0.765772 0.341499
vt 0.760967 0.340579
vt 0.764312 0.343997
vt 0.759435 0.343710
vt 0.762841 0.346648
vt 0.756846 0.353030
vt 0.760663 0.354711
vt 0.764652 0.348340
vt 0.762780 0.355694
vt 0.761396 0.367725
vt 0.765082 0.356886
vt 0.763911 0.368284
vt 0.764737 0.368527
vt 0.764309 0.375988
vt 0.765387 0.376459
vt 0.766068 0.367962
vt 0.766799 0.371963
vt 0.766842 0.379080
vt 0.766533 0.384421
vt 0.767778 0.386662
vt 0.767684 0.392027
vt 0.770516 0.394857
vt 0.769717 0.397442
vt 0.775113 0.402840
vt 0.769651 0.399220
vt 0.776369 0.408545
vt 0.766924 0.392257
vt 0.773875 0.395157
vt 0.778190 0.400199
vt 0.770137 0.388811
vt 0.768559 0.381652
vt 0.764643 0.384695
vt 0.768860 0.374730
vt 0.772381 0.363279
vt 0.770240 0.361140
vt 0.777395 0.356016
vt 0.774551 0.354099
vt 0.776706 0.351253
vt 0.779296 0.353229
vt 0.782313 0.356506
vt 0.784207 0.353601
vt 0.785709 0.356548
vt 0.787231 0.353500
vt 0.789682 0.355804
vt 0.795096 0.358505
vt 0.795456 0.355094
vt 0.797537 0.357609
vt 0.797384 0.354316
vt 0.799811 0.355567
vt 0.799622 0.352772
vt 0.801550 0.351407
vt 0.799476 0.349232
vt 0.801175 0.347346
vt 0.798658 0.345704
vt 0.799201 0.343405
vt 0.800171 0.342828
vt 0.796830 0.341246
vt 0.796501 0.342198
vt 0.797675 0.344011
vt 0.794392 0.343303
vt 0.792194 0.341111
vt 0.789621 0.344825
vt 0.784991 0.343564
vt 0.788296 0.338332
vt 0.785060 0.339705
vt 0.784962 0.337845
vt 0.786457 0.336958
vt 0.785459 0.335948
vt 0.789274 0.336114
vt 0.788713 0.337114
vt 0.797364 0.338894
vt 0.797122 0.340208
vt 0.783998 0.334812
vt 0.781492 0.337577
vt 0.780207 0.336638
vt 0.782991 0.334221
vt 0.779138 0.336495
vt 0.780174 0.331328
vt 0.776663 0.333593
vt 0.773567 0.340933
vt 0.771002 0.338886
vt 0.771583 0.342677
vt 0.772260 0.343215
vt 0.774619 0.340455
vt 0.772910 0.343831
vt 0.775150 0.341349
vt 0.774469 0.344799
vt 0.776154 0.343390
vt 0.776302 0.345917
vt 0.777546 0.344533
vt 0.778452 0.345551
vt 0.778919 0.348280
vt 0.775148 0.347501
vt 0.780937 0.351357
vt 0.785354 0.350745
vt 0.788135 0.350699
vt 0.789969 0.353022
vt 0.790643 0.350787
vt 0.794033 0.351998
vt 0.794798 0.350869
vt 0.796225 0.352017
vt 0.797506 0.351008
vt 0.796173 0.348606
vt 0.798067 0.348583
vt 0.796061 0.345058
vt 0.792388 0.346100
vt 0.795296 0.352692
vt 0.793624 0.352587
vt 0.781703 0.341998
vt 0.773948 0.349451
vt 0.773129 0.346311
vt 0.771740 0.348117
vt 0.771521 0.345566
vt 0.770106 0.347758
vt 0.770755 0.345056
vt 0.769224 0.347442
vt 0.769928 0.344693
vt 0.769151 0.340974
vt 0.767403 0.343064
vt 0.768296 0.347122
vt 0.765802 0.345752
vt 0.767149 0.349843
vt 0.767957 0.350285
vt 0.768956 0.350388
vt 0.767564 0.357048
vt 0.765959 0.357190
vt 0.768839 0.358279
vt 0.768750 0.354898
vt 0.772174 0.351795
vt 0.770314 0.350357
vt 0.781109 0.341861
vt 0.782254 0.339333
vt 0.780624 0.339962
vt 0.778793 0.320458
vt 0.773237 0.317117
vt 0.778450 0.314267
vt 0.772533 0.313185
vt 0.771789 0.309503
vt 0.800972 0.325604
vt 0.805573 0.354238
vt 0.792349 0.379517
vt 0.788757 0.383300
vt 0.789612 0.385519
vt 0.780852 0.389139
vt 0.778882 0.383553
vt 0.784218 0.392960
vt 0.772035 0.429870
vt 0.824289 0.337688
vt 0.803283 0.405622
vt 0.806701 0.407881
vt 0.053803 0.822061
vt 0.055472 0.825203
vt 0.052700 0.823649
vt 0.050215 0.822255
vt 0.051629 0.820199
vt 0.053440 0.818485
vt 0.051576 0.816092
vt 0.055537 0.817140
vt 0.055204 0.820724
vt 0.056835 0.819688
vt 0.057166 0.823227
vt 0.056222 0.824134
vt 0.058715 0.826274
vt 0.058338 0.826813
vt 0.058077 0.827415
vt 0.054951 0.826401
vt 0.051929 0.825417
vt 0.054669 0.827669
vt 0.051515 0.827304
vt 0.048675 0.826966
vt 0.049212 0.824531
vt 0.046348 0.823615
vt 0.047569 0.820781
vt 0.041217 0.821954
vt 0.042889 0.818146
vt 0.049334 0.818233
vt 0.045271 0.814763
vt 0.048240 0.811872
vt 0.040685 0.810852
vt 0.044571 0.807146
vt 0.051748 0.809615
vt 0.049089 0.804277
vt 0.055636 0.808096
vt 0.054085 0.802383
vt 0.059738 0.807360
vt 0.059320 0.801432
vt 0.064626 0.801628
vt 0.065464 0.795276
vt 0.058879 0.795139
vt 0.058436 0.788673
vt 0.066333 0.789056
vt 0.071912 0.796731
vt 0.073948 0.790808
vt 0.081083 0.794019
vt 0.078381 0.778430
vt 0.087628 0.782946
vt 0.096232 0.788841
vt 0.025646 0.904966
vt 0.034203 0.899107
vt 0.040718 0.910147
vt 0.034503 0.914818
vt 0.029254 0.920477
vt 0.034220 0.924205
vt 0.038668 0.919501
vt 0.042761 0.924136
vt 0.039176 0.928026
vt 0.030787 0.929697
vt 0.036421 0.932501
vt 0.028557 0.935759
vt 0.034625 0.937390
vt 0.033735 0.942495
vt 0.039527 0.942921
vt 0.040236 0.938895
vt 0.045536 0.940360
vt 0.045037 0.943336
vt 0.045094 0.946351
vt 0.050263 0.943736
vt 0.050317 0.945735
vt 0.045764 0.949300
vt 0.050756 0.947669
vt 0.051546 0.949492
vt 0.055990 0.947006
vt 0.055593 0.946095
vt 0.060402 0.944543
vt 0.055379 0.945129
vt 0.055362 0.944135
vt 0.055525 0.943159
vt 0.055890 0.942239
vt 0.056414 0.941401
vt 0.057104 0.940689
vt 0.057913 0.940115
vt 0.058821 0.939723
vt 0.059789 0.939502
vt 0.060783 0.939489
vt 0.061763 0.939661
vt 0.062688 0.940024
vt 0.063529 0.940561
vt 0.064244 0.941257
vt 0.064817 0.942069
vt 0.065211 0.942983
vt 0.065425 0.943956
vt 0.065441 0.944947
vt 0.065270 0.945927
vt 0.064900 0.946848
vt 0.064373 0.947686
vt 0.063684 0.948398
vt 0.062872 0.948968
vt 0.061961 0.949352
vt 0.060994 0.949569
vt 0.060006 0.949576
vt 0.059030 0.949407
vt 0.058107 0.949041
vt 0.057272 0.948509
vt 0.056556 0.947821
vt 0.054117 0.952506
vt 0.055795 0.953576
vt 0.053398 0.958253
vt 0.057637 0.954316
vt 0.059599 0.954678
vt 0.056204 0.959386
vt 0.059180 0.959925
vt 0.058710 0.965421
vt 0.062811 0.965386
vt 0.062200 0.959871
vt 0.066826 0.964507
vt 0.065150 0.959227
vt 0.070596 0.962873
vt 0.067905 0.958021
vt 0.070400 0.956326
vt 0.065361 0.953433
vt 0.066986 0.952293
vt 0.068378 0.950872
vt 0.072487 0.954145
vt 0.076832 0.957611
vt 0.074140 0.951620
vt 0.079078 0.954165
vt 0.081485 0.961298
vt 0.077808 0.965103
vt 0.073953 0.960534
vt 0.073429 0.968064
vt 0.076471 0.973534
vt 0.070520 0.976124
vt 0.068588 0.970120
vt 0.064171 0.977426
vt 0.063466 0.971157
vt 0.058247 0.971274
vt 0.057727 0.977439
vt 0.051390 0.976309
vt 0.053122 0.970277
vt 0.054693 0.964665
vt 0.048251 0.968388
vt 0.050893 0.963151
vt 0.047455 0.960925
vt 0.050877 0.956604
vt 0.048693 0.954532
vt 0.052683 0.951127
vt 0.046991 0.952051
vt 0.042179 0.954742
vt 0.040513 0.950997
vt 0.037056 0.957586
vt 0.040033 0.961923
vt 0.044536 0.958079
vt 0.043835 0.965556
vt 0.039939 0.970411
vt 0.045352 0.973960
vt 0.049659 0.982185
vt 0.057183 0.983723
vt 0.046061 0.994688
vt 0.042559 0.979407
vt 0.036617 0.990715
vt 0.036084 0.975302
vt 0.028277 0.985142
vt 0.020707 0.978300
vt 0.030659 0.969878
vt 0.035377 0.965880
vt 0.031668 0.960640
vt 0.026289 0.963609
vt 0.029044 0.954758
vt 0.034969 0.952792
vt 0.027690 0.948482
vt 0.033846 0.947697
vt 0.039659 0.946998
vt 0.027553 0.942087
vt 0.021334 0.941657
vt 0.022626 0.934145
vt 0.010516 0.931131
vt 0.013740 0.921656
vt 0.025282 0.927022
vt 0.018794 0.912824
vt 0.096545 0.811022
vt 0.103130 0.796753
vt 0.108223 0.805665
vt 0.099163 0.818206
vt 0.091000 0.813677
vt 0.092578 0.804422
vt 0.087571 0.808146
vt 0.087315 0.798717
vt 0.083119 0.803409
vt 0.077883 0.799502
vt 0.078998 0.808047
vt 0.074664 0.804962
vt 0.069810 0.802781
vt 0.067931 0.808432
vt 0.063893 0.807497
vt 0.063199 0.812833
vt 0.060102 0.812766
vt 0.060326 0.815782
vt 0.062822 0.815847
vt 0.060530 0.818644
vt 0.057865 0.816225
vt 0.057059 0.813307
vt 0.054190 0.814445
vt 0.058634 0.818987
vt 0.059483 0.822051
vt 0.058270 0.822531
vt 0.060361 0.825222
vt 0.060763 0.821829
vt 0.062064 0.821853
vt 0.062461 0.818691
vt 0.064336 0.819115
vt 0.065247 0.816402
vt 0.066097 0.819890
vt 0.067512 0.817412
vt 0.069542 0.818839
vt 0.069011 0.814786
vt 0.071523 0.816563
vt 0.073623 0.818807
vt 0.071234 0.820648
vt 0.067666 0.821006
vt 0.068987 0.822403
vt 0.066480 0.824353
vt 0.070002 0.824027
vt 0.072548 0.822743
vt 0.073439 0.825055
vt 0.075235 0.821411
vt 0.080032 0.819018
vt 0.077854 0.815533
vt 0.082585 0.811960
vt 0.085335 0.816462
vt 0.081484 0.822861
vt 0.087115 0.821382
vt 0.082182 0.826907
vt 0.087978 0.826506
vt 0.087836 0.831713
vt 0.094164 0.826138
vt 0.093996 0.832542
vt 0.086690 0.836802
vt 0.092589 0.838803
vt 0.084571 0.841588
vt 0.089929 0.844658
vt 0.081576 0.845905
vt 0.086206 0.849867
vt 0.081640 0.854367
vt 0.090889 0.853862
vt 0.085467 0.859248
vt 0.076228 0.857895
vt 0.079004 0.863331
vt 0.071915 0.866099
vt 0.075493 0.878560
vt 0.064394 0.867626
vt 0.065428 0.880067
vt 0.055426 0.880067
vt 0.066155 0.996195
vt 0.056144 0.996195
vt 0.064883 0.983577
vt 0.076080 0.994271
vt 0.072369 0.981988
vt 0.085550 0.990455
vt 0.079436 0.978998
vt 0.094263 0.984757
vt 0.085790 0.974626
vt 0.091279 0.969182
vt 0.086366 0.965255
vt 0.081778 0.969833
vt 0.089953 0.959818
vt 0.084356 0.956864
vt 0.092329 0.953744
vt 0.086295 0.951953
vt 0.093500 0.947352
vt 0.087239 0.946765
vt 0.093486 0.940826
vt 0.087139 0.941511
vt 0.086092 0.936336
vt 0.081321 0.942152
vt 0.080432 0.938105
vt 0.084006 0.931439
vt 0.078770 0.934297
vt 0.080992 0.927007
vt 0.076395 0.930906
vt 0.073429 0.928004
vt 0.072174 0.934496
vt 0.069963 0.932395
vt 0.067410 0.930735
vt 0.066698 0.936534
vt 0.065007 0.935463
vt 0.063149 0.934723
vt 0.061170 0.934365
vt 0.064566 0.929606
vt 0.061560 0.929092
vt 0.061971 0.923506
vt 0.058515 0.929144
vt 0.057824 0.923622
vt 0.057111 0.917731
vt 0.051932 0.918892
vt 0.053794 0.924545
vt 0.047088 0.921066
vt 0.050031 0.926242
vt 0.046701 0.928645
vt 0.043879 0.931606
vt 0.050314 0.932804
vt 0.048256 0.935014
vt 0.046634 0.937550
vt 0.052390 0.938237
vt 0.051332 0.939926
vt 0.050609 0.941772
vt 0.041697 0.935079
vt 0.053771 0.936809
vt 0.055389 0.935652
vt 0.057220 0.934855
vt 0.055555 0.929831
vt 0.059164 0.934412
vt 0.052798 0.931079
vt 0.043894 0.915622
vt 0.049845 0.912868
vt 0.047827 0.906958
vt 0.055415 0.905218
vt 0.056271 0.911436
vt 0.063293 0.904830
vt 0.062837 0.911277
vt 0.062413 0.917613
vt 0.069351 0.912357
vt 0.067637 0.918546
vt 0.066047 0.924265
vt 0.069932 0.925736
vt 0.072607 0.920435
vt 0.077112 0.923301
vt 0.075545 0.914719
vt 0.071071 0.906310
vt 0.074711 0.893294
vt 0.078388 0.909116
vt 0.084513 0.897415
vt 0.085058 0.913324
vt 0.081097 0.918336
vt 0.090618 0.918898
vt 0.085763 0.922982
vt 0.089531 0.928354
vt 0.095072 0.925355
vt 0.092168 0.934387
vt 0.098109 0.932532
vt 0.099716 0.940122
vt 0.099847 0.947922
vt 0.112496 0.938870
vt 0.110567 0.928797
vt 0.011141 0.812591
vt 0.021957 0.823934
vt 0.009187 0.822650
vt 0.021800 0.831735
vt 0.009190 0.832785
vt 0.010720 0.842988
vt 0.112461 0.949009
vt 0.110899 0.959198
vt 0.098265 0.955518
vt 0.095442 0.962669
vt 0.106855 0.968723
vt 0.101204 0.977121
vt 0.014749 0.852538
vt 0.030326 0.853031
vt 0.020396 0.860952
vt 0.027337 0.868596
vt 0.035803 0.858491
vt 0.042153 0.862870
vt 0.045118 0.857415
vt 0.051067 0.860014
vt 0.049218 0.865873
vt 0.036042 0.874310
vt 0.056698 0.867474
vt 0.045507 0.878136
vt 0.057415 0.861327
vt 0.063858 0.861351
vt 0.070194 0.860234
vt 0.063345 0.855193
vt 0.068473 0.854210
vt 0.073347 0.852334
vt 0.077767 0.849515
vt 0.070724 0.847097
vt 0.066917 0.848601
vt 0.065467 0.843491
vt 0.062888 0.849344
vt 0.062462 0.844020
vt 0.062223 0.841047
vt 0.064657 0.840604
vt 0.068301 0.842357
vt 0.066958 0.839698
vt 0.070876 0.840725
vt 0.069030 0.838369
vt 0.070823 0.836673
vt 0.068669 0.834823
vt 0.072228 0.834644
vt 0.074842 0.836111
vt 0.073231 0.832393
vt 0.069769 0.833248
vt 0.070540 0.831495
vt 0.073787 0.829976
vt 0.076069 0.833317
vt 0.076767 0.830338
vt 0.081125 0.835000
vt 0.082042 0.831007
vt 0.076837 0.827286
vt 0.076344 0.824265
vt 0.073860 0.827497
vt 0.071019 0.827707
vt 0.070960 0.829624
vt 0.067823 0.829241
vt 0.067533 0.830507
vt 0.064567 0.828847
vt 0.067853 0.827945
vt 0.064580 0.828189
vt 0.064473 0.827547
vt 0.067634 0.826665
vt 0.070691 0.825818
vt 0.067169 0.825454
vt 0.064233 0.826936
vt 0.063888 0.826380
vt 0.065582 0.823416
vt 0.063436 0.825907
vt 0.062900 0.825527
vt 0.064525 0.822662
vt 0.063333 0.822138
vt 0.062301 0.825267
vt 0.061660 0.825122
vt 0.061247 0.828453
vt 0.061007 0.825112
vt 0.059752 0.825466
vt 0.059195 0.825815
vt 0.064420 0.829482
vt 0.064157 0.830088
vt 0.067013 0.831692
vt 0.066266 0.832758
vt 0.065331 0.833656
vt 0.067284 0.836145
vt 0.065667 0.837170
vt 0.064234 0.834348
vt 0.063309 0.831078
vt 0.062757 0.831426
vt 0.063782 0.830622
vt 0.062150 0.831666
vt 0.061503 0.831778
vt 0.061757 0.835047
vt 0.063032 0.834823
vt 0.062000 0.838214
vt 0.063883 0.837867
vt 0.060459 0.835027
vt 0.060087 0.838169
vt 0.058213 0.837762
vt 0.059746 0.840998
vt 0.057331 0.840466
vt 0.056459 0.837003
vt 0.055068 0.839480
vt 0.054881 0.835910
vt 0.053027 0.838084
vt 0.053545 0.834527
vt 0.051320 0.836291
vt 0.049983 0.834212
vt 0.048954 0.838166
vt 0.047306 0.835578
vt 0.049067 0.831906
vt 0.052514 0.832907
vt 0.051815 0.831118
vt 0.054867 0.830251
vt 0.051468 0.829225
vt 0.054646 0.828966
vt 0.058030 0.829354
vt 0.058271 0.829964
vt 0.055343 0.831460
vt 0.058622 0.830518
vt 0.056043 0.832556
vt 0.056941 0.833488
vt 0.058005 0.834230
vt 0.059613 0.831365
vt 0.059196 0.834745
vt 0.060214 0.831623
vt 0.060850 0.831771
vt 0.059075 0.830990
vt 0.057922 0.828710
vt 0.057931 0.828052
vt 0.048619 0.829455
vt 0.045666 0.826623
vt 0.045631 0.829706
vt 0.040268 0.830155
vt 0.040321 0.826014
vt 0.035565 0.820179
vt 0.034499 0.825359
vt 0.028168 0.824650
vt 0.029503 0.818215
vt 0.037665 0.815280
vt 0.032152 0.812183
vt 0.035930 0.806818
vt 0.040604 0.802176
vt 0.031092 0.802734
vt 0.036663 0.797166
vt 0.046165 0.798561
vt 0.043335 0.792958
vt 0.050657 0.790154
vt 0.047030 0.777147
vt 0.057538 0.775615
vt 0.068149 0.775696
vt 0.053607 0.891872
vt 0.064198 0.891776
vt 0.052370 0.796203
vt 0.037235 0.781265
vt 0.028625 0.787041
vt 0.020826 0.794127
vt 0.093127 0.903199
vt 0.100926 0.910293
vt 0.026632 0.809182
vt 0.015025 0.802972
vt 0.106709 0.919160
vt 0.023580 0.816351
vt 0.034368 0.830635
vt 0.028146 0.831174
vt 0.029282 0.837579
vt 0.023356 0.839339
vt 0.031657 0.843669
vt 0.026170 0.846506
vt 0.035237 0.849120
vt 0.040128 0.845169
vt 0.043793 0.848985
vt 0.039820 0.853705
vt 0.048166 0.851955
vt 0.051002 0.846772
vt 0.054768 0.848415
vt 0.053006 0.854019
vt 0.058784 0.849298
vt 0.058125 0.855067
vt 0.059400 0.843989
vt 0.056416 0.843318
vt 0.053606 0.842115
vt 0.051080 0.840378
vt 0.047650 0.844425
vt 0.044784 0.841509
vt 0.042544 0.838049
vt 0.037272 0.840725
vt 0.041025 0.834216
vt 0.035367 0.835813
vt 0.046162 0.832736
vt 0.079450 0.838737
vt 0.073092 0.838624
vt 0.077092 0.842055
vt 0.074168 0.844882
vt 0.043410 0.894607
vt 0.068135 0.937938
vt 0.069288 0.939574
vt 0.070081 0.941417
vt 0.075124 0.939795
vt 0.070516 0.943367
vt 0.070555 0.945374
vt 0.075789 0.942775
vt 0.075826 0.945824
vt 0.075268 0.948808
vt 0.070192 0.947345
vt 0.069451 0.949191
vt 0.080609 0.950339
vt 0.081362 0.946285
vt 0.073894 0.937014
vt 0.084913 0.874593
vt 0.100736 0.862227
vt 0.095273 0.847638
vt 0.106384 0.853710
vt 0.015039 0.969701
vt 0.023271 0.956632
vt 0.011229 0.960370
vt 0.021615 0.949259
vt 0.009268 0.950640
vt 0.009187 0.940866
vt 0.100103 0.833364
vt 0.112765 0.825170
vt 0.112156 0.834931
vt 0.100356 0.825755
vt 0.111460 0.815262
vt 0.093205 0.819781
vt 0.110183 0.844492
vt 0.098341 0.840712
vt 0.075033 0.812553
vt 0.071703 0.810140
vt 0.066201 0.813542
vt 0.093217 0.869031
vt 0.063531 0.954214
vt 0.061593 0.954641
vt 0.178120 0.836711
vt 0.176967 0.833366
vt 0.179449 0.835331
vt 0.181667 0.837087
vt 0.179961 0.838875
vt 0.177923 0.840272
vt 0.179375 0.842894
vt 0.175666 0.841265
vt 0.176539 0.837805
vt 0.174783 0.838570
vt 0.174996 0.835042
vt 0.176066 0.834299
vt 0.173404 0.832179
vt 0.173810 0.835558
vt 0.172799 0.832440
vt 0.171781 0.829266
vt 0.173941 0.831806
vt 0.174397 0.831334
vt 0.177667 0.832271
vt 0.180483 0.833716
vt 0.178146 0.831069
vt 0.181189 0.831932
vt 0.183923 0.832717
vt 0.183006 0.835018
vt 0.185661 0.836373
vt 0.184015 0.838945
vt 0.190398 0.838821
vt 0.188161 0.842263
vt 0.181898 0.841155
vt 0.185311 0.845178
vt 0.181974 0.847521
vt 0.189140 0.849695
vt 0.184792 0.852670
vt 0.178224 0.849173
vt 0.179984 0.854758
vt 0.174226 0.850062
vt 0.174881 0.855866
vt 0.170141 0.850167
vt 0.169675 0.855974
vt 0.166102 0.849487
vt 0.164570 0.855069
vt 0.159685 0.853267
vt 0.162926 0.861133
vt 0.156871 0.858891
vt 0.155216 0.850504
vt 0.151388 0.855448
vt 0.151335 0.846913
vt 0.146694 0.850996
vt 0.142823 0.845768
vt 0.142007 0.855149
vt 0.137353 0.848933
vt 0.140077 0.839811
vt 0.134172 0.841823
vt 0.132437 0.834232
vt 0.119131 0.836023
vt 0.121849 0.846212
vt 0.164814 0.996121
vt 0.154602 0.993401
vt 0.159010 0.981044
vt 0.166604 0.982777
vt 0.174489 0.983152
vt 0.167455 0.976561
vt 0.174030 0.976721
vt 0.180529 0.975611
vt 0.178795 0.969483
vt 0.173570 0.970348
vt 0.173149 0.964500
vt 0.177233 0.963762
vt 0.183770 0.967576
vt 0.181098 0.962245
vt 0.188273 0.964697
vt 0.184593 0.959989
vt 0.192150 0.960989
vt 0.187556 0.957093
vt 0.189930 0.953707
vt 0.183339 0.953511
vt 0.185058 0.950995
vt 0.186288 0.948216
vt 0.180454 0.948439
vt 0.181246 0.946598
vt 0.181682 0.944648
vt 0.176591 0.944060
vt 0.176376 0.945033
vt 0.171562 0.943478
vt 0.175983 0.945947
vt 0.175409 0.946760
vt 0.174695 0.947455
vt 0.173853 0.947991
vt 0.172928 0.948354
vt 0.171948 0.948527
vt 0.170953 0.948514
vt 0.169986 0.948293
vt 0.169077 0.947902
vt 0.168268 0.947329
vt 0.167578 0.946618
vt 0.167052 0.945781
vt 0.166686 0.944861
vt 0.166523 0.943886
vt 0.166539 0.942892
vt 0.166753 0.941926
vt 0.167150 0.941015
vt 0.167716 0.940200
vt 0.168433 0.939512
vt 0.169268 0.938979
vt 0.170192 0.938613
vt 0.171168 0.938443
vt 0.172157 0.938451
vt 0.173124 0.938667
vt 0.174037 0.939051
vt 0.174849 0.939620
vt 0.175539 0.940333
vt 0.176066 0.941170
vt 0.176436 0.942091
vt 0.176607 0.943071
vt 0.181722 0.942642
vt 0.181359 0.940672
vt 0.186435 0.939209
vt 0.185307 0.936397
vt 0.180618 0.938827
vt 0.179545 0.937146
vt 0.183656 0.933872
vt 0.188002 0.930406
vt 0.181569 0.931690
vt 0.185124 0.927483
vt 0.188981 0.922912
vt 0.181767 0.925142
vt 0.184601 0.919948
vt 0.187646 0.914475
vt 0.181690 0.911878
vt 0.179757 0.917887
vt 0.175333 0.910572
vt 0.174631 0.916849
vt 0.169404 0.916731
vt 0.173982 0.922629
vt 0.169880 0.922598
vt 0.164261 0.917730
vt 0.165865 0.923368
vt 0.162043 0.924841
vt 0.167362 0.928639
vt 0.164555 0.929765
vt 0.158601 0.927083
vt 0.162030 0.931414
vt 0.159845 0.933488
vt 0.163839 0.936894
vt 0.165275 0.935515
vt 0.162702 0.938529
vt 0.158143 0.935970
vt 0.156915 0.938721
vt 0.161913 0.940353
vt 0.161472 0.942287
vt 0.161421 0.944286
vt 0.156238 0.941671
vt 0.156175 0.944693
vt 0.150666 0.945093
vt 0.151382 0.949119
vt 0.156705 0.947663
vt 0.152852 0.952938
vt 0.157800 0.950469
vt 0.155040 0.956411
vt 0.159421 0.953003
vt 0.161480 0.955210
vt 0.163554 0.949780
vt 0.164936 0.951207
vt 0.166554 0.952362
vt 0.168385 0.953158
vt 0.166720 0.958174
vt 0.170329 0.953599
vt 0.172335 0.953647
vt 0.169678 0.958851
vt 0.172722 0.958932
vt 0.169003 0.964385
vt 0.164967 0.963463
vt 0.161201 0.961770
vt 0.163964 0.956931
vt 0.157867 0.959370
vt 0.153928 0.963879
vt 0.150337 0.959992
vt 0.145382 0.963813
vt 0.141943 0.958324
vt 0.147575 0.955520
vt 0.139705 0.952266
vt 0.145772 0.950632
vt 0.144879 0.945529
vt 0.144988 0.940337
vt 0.150781 0.941009
vt 0.146100 0.935242
vt 0.151679 0.937022
vt 0.153331 0.933278
vt 0.148190 0.930441
vt 0.151167 0.926099
vt 0.155682 0.929938
vt 0.154971 0.922462
vt 0.151066 0.917605
vt 0.156481 0.914050
vt 0.159387 0.919631
vt 0.162527 0.911693
vt 0.160790 0.905810
vt 0.168330 0.904266
vt 0.168878 0.910559
vt 0.176045 0.904414
vt 0.177314 0.891776
vt 0.187255 0.893709
vt 0.183540 0.906008
vt 0.190612 0.909007
vt 0.196735 0.897540
vt 0.205447 0.903254
vt 0.196968 0.913388
vt 0.192953 0.918181
vt 0.197540 0.922763
vt 0.192656 0.926720
vt 0.201123 0.928201
vt 0.195525 0.931154
vt 0.190247 0.933852
vt 0.191775 0.937677
vt 0.186992 0.942191
vt 0.192526 0.941729
vt 0.186954 0.945237
vt 0.192483 0.945858
vt 0.191593 0.949903
vt 0.197248 0.951669
vt 0.195162 0.956561
vt 0.203318 0.953614
vt 0.204640 0.947183
vt 0.198297 0.946498
vt 0.198399 0.941248
vt 0.204658 0.940662
vt 0.211001 0.940093
vt 0.203493 0.934274
vt 0.197459 0.936063
vt 0.209428 0.932502
vt 0.222060 0.928826
vt 0.206611 0.925351
vt 0.202454 0.918837
vt 0.218027 0.919302
vt 0.212384 0.910900
vt 0.196440 0.798346
vt 0.195951 0.782732
vt 0.204384 0.788391
vt 0.212049 0.795360
vt 0.201904 0.803846
vt 0.192517 0.803269
vt 0.187065 0.799674
vt 0.189908 0.794176
vt 0.182735 0.791354
vt 0.186390 0.778696
vt 0.175128 0.789789
vt 0.176173 0.777165
vt 0.166034 0.777165
vt 0.223611 0.939010
vt 0.223636 0.949140
vt 0.210864 0.947885
vt 0.221698 0.959200
vt 0.209252 0.955464
vt 0.206212 0.962634
vt 0.200679 0.959640
vt 0.201761 0.969080
vt 0.196914 0.965006
vt 0.192253 0.969647
vt 0.196208 0.974645
vt 0.186709 0.973259
vt 0.189552 0.978847
vt 0.182252 0.981654
vt 0.185904 0.994646
vt 0.175412 0.996189
vt 0.120576 0.814970
vt 0.132064 0.826354
vt 0.119049 0.825449
vt 0.133548 0.818593
vt 0.139586 0.820310
vt 0.141946 0.814116
vt 0.136351 0.811284
vt 0.140557 0.804624
vt 0.124683 0.805195
vt 0.130443 0.796596
vt 0.137511 0.788810
vt 0.212043 0.977678
vt 0.204266 0.984746
vt 0.146124 0.799061
vt 0.145563 0.808565
vt 0.150205 0.803898
vt 0.154235 0.808657
vt 0.155572 0.800127
vt 0.158664 0.805645
vt 0.161523 0.810874
vt 0.165333 0.809208
vt 0.163563 0.803552
vt 0.169393 0.808319
vt 0.168744 0.802492
vt 0.174021 0.802370
vt 0.168040 0.796157
vt 0.174565 0.796142
vt 0.180973 0.797287
vt 0.179201 0.803379
vt 0.173536 0.808276
vt 0.177595 0.809041
vt 0.176107 0.814180
vt 0.181427 0.810570
vt 0.184113 0.805295
vt 0.188556 0.808164
vt 0.184883 0.812822
vt 0.181531 0.816989
vt 0.183737 0.819123
vt 0.187794 0.815698
vt 0.190135 0.819062
vt 0.192370 0.811844
vt 0.195331 0.816233
vt 0.191770 0.822838
vt 0.197382 0.821089
vt 0.192637 0.826863
vt 0.198410 0.826220
vt 0.198501 0.831439
vt 0.204701 0.825536
vt 0.204708 0.832008
vt 0.197561 0.836593
vt 0.203544 0.838355
vt 0.195637 0.841477
vt 0.201184 0.844394
vt 0.192784 0.845895
vt 0.197622 0.849807
vt 0.193079 0.854362
vt 0.187827 0.858062
vt 0.197057 0.859092
vt 0.190769 0.863453
vt 0.181932 0.860678
vt 0.183778 0.866459
vt 0.176401 0.868099
vt 0.187468 0.878511
vt 0.177730 0.880435
vt 0.168801 0.868365
vt 0.167958 0.880487
vt 0.158247 0.879121
vt 0.121668 0.956893
vt 0.120330 0.947169
vt 0.132477 0.946374
vt 0.133776 0.953879
vt 0.124894 0.966362
vt 0.136438 0.960998
vt 0.129952 0.975193
vt 0.140416 0.967540
vt 0.136813 0.983051
vt 0.145672 0.973197
vt 0.151893 0.977861
vt 0.155068 0.972388
vt 0.149836 0.968513
vt 0.158261 0.966942
vt 0.161024 0.975134
vt 0.163108 0.969108
vt 0.168287 0.970257
vt 0.145383 0.988906
vt 0.132175 0.863961
vt 0.126332 0.855413
vt 0.147657 0.860401
vt 0.140004 0.870812
vt 0.154184 0.864383
vt 0.161295 0.867054
vt 0.148802 0.875878
vt 0.138695 0.945942
vt 0.138827 0.939553
vt 0.132749 0.938778
vt 0.140174 0.933277
vt 0.142795 0.927390
vt 0.137410 0.924425
vt 0.141776 0.918148
vt 0.146502 0.922143
vt 0.147201 0.912714
vt 0.131805 0.909742
vt 0.139377 0.902875
vt 0.147721 0.897284
vt 0.153680 0.908597
vt 0.157178 0.893292
vt 0.206621 0.847203
vt 0.221923 0.843742
vt 0.217906 0.853183
vt 0.202495 0.853674
vt 0.209426 0.840103
vt 0.210994 0.832565
vt 0.223476 0.833641
vt 0.167282 0.891776
vt 0.223512 0.823589
vt 0.210868 0.824833
vt 0.203402 0.819161
vt 0.209281 0.817318
vt 0.221597 0.813617
vt 0.217773 0.804104
vt 0.206285 0.810222
vt 0.200811 0.813188
vt 0.197102 0.807869
vt 0.212296 0.861508
vt 0.205418 0.869067
vt 0.126152 0.918341
vt 0.196813 0.874720
vt 0.134397 0.931405
vt 0.122354 0.927675
vt 0.120411 0.937402
vt 0.169252 0.862151
vt 0.175649 0.862024
vt 0.191919 0.835010
vt 0.186808 0.833538
vt 0.192673 0.830974
vt 0.187346 0.830531
vt 0.187326 0.827464
vt 0.184374 0.830281
vt 0.184334 0.827800
vt 0.186665 0.824474
vt 0.183810 0.825381
vt 0.185469 0.821656
vt 0.182831 0.823112
vt 0.181440 0.821065
vt 0.179261 0.822915
vt 0.177882 0.821573
vt 0.179652 0.819352
vt 0.177575 0.818009
vt 0.178947 0.815333
vt 0.175272 0.817086
vt 0.176264 0.820537
vt 0.175903 0.824067
vt 0.174810 0.823365
vt 0.173602 0.822885
vt 0.174478 0.819834
vt 0.172586 0.819481
vt 0.172822 0.816631
vt 0.173078 0.813642
vt 0.169994 0.813670
vt 0.170332 0.816682
vt 0.166986 0.814345
vt 0.167897 0.817213
vt 0.164150 0.815560
vt 0.165619 0.818210
vt 0.163560 0.819619
vt 0.165416 0.821799
vt 0.161843 0.821426
vt 0.159456 0.819556
vt 0.160495 0.823518
vt 0.164076 0.823195
vt 0.163038 0.824823
vt 0.159575 0.825841
vt 0.157804 0.822164
vt 0.156661 0.825028
vt 0.152983 0.819712
vt 0.151457 0.823593
vt 0.147652 0.817045
vt 0.145753 0.822032
vt 0.144794 0.827258
vt 0.138513 0.826806
vt 0.138639 0.833377
vt 0.144977 0.832557
vt 0.146114 0.837733
vt 0.148275 0.842582
vt 0.151760 0.835877
vt 0.150838 0.831841
vt 0.156171 0.831163
vt 0.150712 0.827690
vt 0.156113 0.828068
vt 0.159126 0.828301
vt 0.159185 0.830796
vt 0.156870 0.834166
vt 0.159732 0.833223
vt 0.158103 0.836979
vt 0.160734 0.835491
vt 0.162150 0.837524
vt 0.163214 0.834084
vt 0.164321 0.835657
vt 0.163949 0.839222
vt 0.162098 0.841601
vt 0.166034 0.840544
vt 0.165710 0.836983
vt 0.167327 0.838004
vt 0.168337 0.841443
vt 0.164689 0.843223
vt 0.167533 0.844342
vt 0.162273 0.848006
vt 0.158807 0.845811
vt 0.159867 0.839495
vt 0.155846 0.842982
vt 0.153452 0.839648
vt 0.170773 0.841873
vt 0.170997 0.839034
vt 0.173249 0.841810
vt 0.173594 0.844791
vt 0.176574 0.844108
vt 0.170547 0.844846
vt 0.172911 0.838983
vt 0.172543 0.835845
vt 0.172163 0.832586
vt 0.171249 0.835869
vt 0.169972 0.835646
vt 0.169112 0.838700
vt 0.168765 0.835177
vt 0.170866 0.832488
vt 0.170257 0.832245
vt 0.171507 0.832597
vt 0.169704 0.831898
vt 0.169233 0.831445
vt 0.166736 0.833583
vt 0.167669 0.834484
vt 0.165988 0.832522
vt 0.168857 0.830907
vt 0.165470 0.831328
vt 0.162446 0.832320
vt 0.165189 0.830058
vt 0.162031 0.830445
vt 0.161987 0.828513
vt 0.165169 0.828757
vt 0.168457 0.829665
vt 0.168447 0.829011
vt 0.168599 0.830306
vt 0.168559 0.828365
vt 0.168803 0.827758
vt 0.165875 0.826266
vt 0.165394 0.827476
vt 0.162334 0.826618
vt 0.166572 0.825164
vt 0.169154 0.827202
vt 0.169614 0.826724
vt 0.167482 0.824225
vt 0.168552 0.823478
vt 0.167006 0.820700
vt 0.168776 0.819934
vt 0.169752 0.822960
vt 0.170756 0.826090
vt 0.171394 0.825945
vt 0.171021 0.822681
vt 0.172318 0.822661
vt 0.170664 0.819524
vt 0.172053 0.825937
vt 0.172696 0.826047
vt 0.173305 0.826289
vt 0.173858 0.826642
vt 0.174328 0.827097
vt 0.176833 0.824969
vt 0.177572 0.826036
vt 0.180350 0.824497
vt 0.181103 0.826255
vt 0.178084 0.827230
vt 0.174702 0.827636
vt 0.174957 0.828238
vt 0.175103 0.828876
vt 0.175107 0.829529
vt 0.178376 0.829794
vt 0.178360 0.828494
vt 0.181542 0.830048
vt 0.181505 0.828132
vt 0.174991 0.830176
vt 0.174748 0.830783
vt 0.170154 0.826349
vt 0.150525 0.812536
vt 0.155245 0.816211
vt 0.161600 0.817318
vt 0.158138 0.813249
vt 0.167325 0.789939
vt 0.161605 0.797485
vt 0.159739 0.791559
vt 0.155975 0.779120
vt 0.146360 0.783005
vt 0.152570 0.794605
vt 0.217834 0.968821
vt 0.195677 0.990520
vt 0.175733 0.958409
vt 0.174314 0.953289
vt 0.178577 0.957274
vt 0.176172 0.952550
vt 0.177864 0.951478
vt 0.179300 0.950075
vt 0.181129 0.955611
vt 0.162495 0.948094
vt 0.161770 0.946248
vt 0.166955 0.934444
vt 0.168796 0.933704
vt 0.170759 0.933342
vt 0.170336 0.928109
vt 0.173359 0.928133
vt 0.172755 0.933376
vt 0.174695 0.933803
vt 0.176314 0.928783
vt 0.176526 0.934584
vt 0.178153 0.935724
vt 0.179073 0.929993
vt 0.177996 0.923507
s 0
f 1574/1 1573/2 1861/3
f 2709/4 2710/5 2944/6
f 1863/7 1573/2 1596/8
f 1596/8 1747/9 1863/7
f 1836/10 1666/11 1667/12
f 1863/7 1747/9 1748/13
f 2946/14 2709/4 2944/6
f 1831/15 1863/7 1748/13
f 1831/15 1748/13 1743/16
f 2732/17 2731/18 2709/4
f 2942/19 3498/20 2784/21
f 1595/22 1596/8 1573/2
f 1853/23 1836/10 1667/12
f 2709/4 2946/14 2732/17
f 1836/10 1831/15 1666/11
f 2931/24 2934/25 2783/26
f 3498/20 1853/23 1667/12
f 2934/25 2942/19 2784/21
f 1573/2 1863/7 1861/3
f 2862/27 2946/14 2863/28
f 1666/11 1831/15 1740/29
f 2863/28 2931/24 2858/30
f 3498/20 1667/12 2784/21
f 2858/30 2931/24 2855/31
f 1831/15 1743/16 1740/29
f 2855/31 2931/24 2783/26
f 2862/27 2732/17 2946/14
f 2783/26 2934/25 2784/21
f 3515/32 2784/21 1667/12
f 2946/14 2931/24 2863/28
f 4/33 2/34 1/35
f 1/35 357/36 4/33
f 4/33 357/36 348/37
f 4/33 348/37 383/38
f 383/38 3/39 4/33
f 383/38 382/40 3/39
f 382/40 1559/41 3/39
f 3/39 1559/41 297/42
f 3/39 297/42 2/34
f 2/34 297/42 296/43
f 2/34 296/43 295/44
f 379/45 2/34 295/44
f 379/45 295/44 381/46
f 379/45 381/46 380/47
f 356/48 379/45 380/47
f 380/47 359/49 356/48
f 356/48 359/49 358/50
f 356/48 358/50 357/36
f 357/36 358/50 351/51
f 358/50 415/52 351/51
f 434/53 351/51 415/52
f 415/52 403/54 434/53
f 403/54 385/55 434/53
f 434/53 385/55 550/56
f 434/53 550/56 350/57
f 349/58 350/57 550/56
f 349/58 550/56 416/59
f 349/58 416/59 417/60
f 349/58 417/60 432/61
f 349/58 432/61 383/38
f 417/60 405/62 432/61
f 432/61 405/62 382/40
f 405/62 1557/63 382/40
f 405/62 406/64 1557/63
f 1557/63 406/64 1560/65
f 1557/63 1560/65 1561/66
f 1557/63 1561/66 1562/67
f 1557/63 1562/67 1559/41
f 1559/41 1562/67 1549/68
f 1549/68 1562/67 436/69
f 1549/68 436/69 172/70
f 172/70 1517/71 1549/68
f 297/42 1549/68 1517/71
f 172/70 173/72 1517/71
f 1519/73 1517/71 173/72
f 1519/73 173/72 387/74
f 1519/73 387/74 388/75
f 1519/73 388/75 1550/76
f 1518/77 1519/73 1550/76
f 1518/77 1550/76 1551/78
f 1551/78 354/79 1518/77
f 296/43 1518/77 354/79
f 296/43 354/79 433/80
f 433/80 354/79 355/81
f 433/80 355/81 381/46
f 381/46 355/81 390/82
f 390/82 355/81 352/83
f 390/82 352/83 359/49
f 384/84 359/49 352/83
f 395/85 384/84 352/83
f 395/85 352/83 353/86
f 394/87 395/85 353/86
f 394/87 353/86 1551/78
f 1553/88 394/87 1551/78
f 1552/89 1553/88 1551/78
f 171/90 1553/88 1552/89
f 312/91 171/90 1552/89
f 312/91 1552/89 425/92
f 425/92 311/93 312/91
f 312/91 311/93 170/94
f 311/93 1567/95 170/94
f 170/94 1567/95 1565/96
f 170/94 1565/96 169/97
f 171/90 170/94 169/97
f 171/90 169/97 168/98
f 168/98 169/97 399/99
f 168/98 399/99 398/100
f 168/98 398/100 1554/101
f 168/98 1554/101 1553/88
f 398/100 1555/102 1554/101
f 394/87 1554/101 1555/102
f 394/87 1555/102 393/103
f 393/103 1555/102 1556/104
f 393/103 1556/104 404/105
f 404/105 392/106 393/103
f 395/85 393/103 392/106
f 404/105 403/54 392/106
f 403/54 404/105 347/107
f 403/54 347/107 284/108
f 402/109 284/108 347/107
f 176/110 402/109 347/107
f 346/111 176/110 347/107
f 347/107 68/112 346/111
f 346/111 68/112 248/113
f 346/111 248/113 400/114
f 400/114 289/115 346/111
f 400/114 401/116 289/115
f 290/117 289/115 401/116
f 290/117 401/116 328/118
f 328/118 457/119 290/117
f 290/117 457/119 456/120
f 290/117 456/120 175/121
f 175/121 456/120 1532/122
f 175/121 1532/122 272/123
f 272/123 178/124 175/121
f 178/124 176/110 175/121
f 289/115 175/121 176/110
f 178/124 177/125 176/110
f 149/126 176/110 177/125
f 153/127 149/126 177/125
f 153/127 152/128 149/126
f 149/126 152/128 151/129
f 149/126 151/129 150/130
f 158/131 150/130 151/129
f 1514/132 158/131 151/129
f 1513/133 1514/132 151/129
f 1560/65 1513/133 151/129
f 1560/65 151/129 1515/134
f 285/135 1514/132 1513/133
f 285/135 1513/133 407/136
f 285/135 407/136 408/137
f 285/135 408/137 386/138
f 284/108 285/135 386/138
f 284/108 386/138 385/55
f 385/55 386/138 416/59
f 285/135 284/108 283/139
f 285/135 283/139 157/140
f 402/109 157/140 283/139
f 402/109 159/141 157/140
f 159/141 158/131 157/140
f 417/60 386/138 408/137
f 405/62 408/137 407/136
f 406/64 407/136 1513/133
f 157/140 1514/132 285/135
f 157/140 158/131 1514/132
f 159/141 150/130 158/131
f 176/110 150/130 159/141
f 1515/134 151/129 152/128
f 1515/134 152/128 1516/142
f 1516/142 435/143 1515/134
f 1561/66 1515/134 435/143
f 1516/142 437/144 435/143
f 437/144 436/69 435/143
f 437/144 428/145 436/69
f 367/146 428/145 437/144
f 367/146 437/144 1509/147
f 1509/147 366/148 367/146
f 366/148 368/149 367/146
f 366/148 125/150 368/149
f 174/151 368/149 125/150
f 174/151 125/150 126/152
f 174/151 126/152 173/72
f 124/153 126/152 125/150
f 1481/154 124/153 125/150
f 251/155 124/153 1481/154
f 251/155 1481/154 1480/156
f 1480/156 533/157 251/155
f 533/157 225/158 251/155
f 251/155 225/158 144/159
f 225/158 65/160 144/159
f 65/160 143/161 144/159
f 144/159 143/161 127/162
f 144/159 127/162 124/153
f 419/163 127/162 143/161
f 512/164 419/163 143/161
f 512/164 143/161 66/165
f 66/165 546/166 512/164
f 544/167 512/164 546/166
f 544/167 546/166 545/168
f 261/169 544/167 545/168
f 261/169 545/168 262/170
f 261/169 262/170 138/171
f 261/169 138/171 135/172
f 261/169 135/172 1563/173
f 135/172 1564/174 1563/173
f 1563/173 1564/174 169/97
f 135/172 136/175 1564/174
f 136/175 1566/176 1564/174
f 1564/174 1566/176 399/99
f 1566/176 438/177 399/99
f 439/178 399/99 438/177
f 438/177 440/179 439/178
f 440/179 1530/180 439/178
f 1555/102 439/178 1530/180
f 440/179 1529/181 1530/180
f 1529/181 5/182 1530/180
f 1556/104 1530/180 5/182
f 1556/104 5/182 67/183
f 67/183 5/182 6/184
f 67/183 6/184 68/112
f 68/112 6/184 7/185
f 8/186 7/185 6/184
f 8/186 247/187 7/185
f 248/113 7/185 247/187
f 248/113 247/187 191/188
f 532/189 191/188 247/187
f 532/189 190/190 191/188
f 190/190 192/191 191/188
f 400/114 191/188 192/191
f 190/190 193/192 192/191
f 193/192 420/193 192/191
f 401/116 192/191 420/193
f 193/192 423/194 420/193
f 423/194 327/195 420/193
f 420/193 327/195 328/118
f 327/195 210/196 328/118
f 327/195 213/197 210/196
f 213/197 211/198 210/196
f 210/196 211/198 217/199
f 210/196 217/199 457/119
f 219/200 217/199 211/198
f 288/201 219/200 211/198
f 288/201 211/198 212/202
f 288/201 212/202 1521/203
f 288/201 1521/203 1522/204
f 293/205 288/201 1522/204
f 293/205 1522/204 292/206
f 294/207 293/205 292/206
f 294/207 292/206 291/208
f 291/208 411/209 294/207
f 294/207 411/209 218/210
f 294/207 218/210 219/200
f 203/211 218/210 411/209
f 203/211 411/209 410/212
f 202/213 203/211 410/212
f 202/213 410/212 1558/214
f 1558/214 215/215 202/213
f 202/213 215/215 214/216
f 202/213 214/216 201/217
f 1531/218 201/217 214/216
f 214/219 729/220 1531/221
f 1531/221 729/220 730/222
f 1531/221 730/222 561/223
f 272/123 1531/218 561/224
f 561/224 562/225 272/123
f 562/225 271/226 272/123
f 562/225 1497/227 271/226
f 271/226 1497/227 504/228
f 271/226 504/228 156/229
f 271/226 156/229 153/127
f 271/226 153/127 178/124
f 156/229 154/230 153/127
f 156/229 155/231 154/230
f 503/232 154/230 155/231
f 503/232 155/231 504/228
f 1516/142 154/230 503/232
f 155/231 156/229 504/228
f 503/232 504/228 1497/227
f 503/232 1497/227 1509/147
f 562/225 366/148 1497/227
f 562/225 1481/154 366/148
f 1481/154 562/225 563/233
f 561/224 563/233 562/225
f 1570/234 563/233 561/224
f 569/235 1570/236 561/223
f 1570/236 569/235 566/237
f 1570/236 566/237 533/238
f 566/237 224/239 533/238
f 566/237 2005/240 224/239
f 2005/240 185/241 224/239
f 224/242 185/243 64/244
f 224/242 64/244 225/158
f 185/243 63/245 64/244
f 66/165 64/244 63/245
f 66/165 65/160 64/244
f 185/243 183/246 63/245
f 183/246 371/247 63/245
f 371/247 546/166 63/245
f 371/247 595/248 546/166
f 595/248 371/247 372/249
f 595/248 372/249 98/250
f 595/248 98/250 99/251
f 595/248 99/251 594/252
f 545/168 595/248 594/252
f 545/168 594/252 42/253
f 41/254 42/253 594/252
f 41/254 43/255 42/253
f 238/256 42/253 43/255
f 92/257 238/256 43/255
f 92/257 43/255 44/258
f 44/258 46/259 92/257
f 141/260 92/257 46/259
f 141/260 46/259 47/261
f 141/260 47/261 431/262
f 140/263 141/260 431/262
f 140/263 431/262 430/264
f 444/265 140/263 430/264
f 444/265 430/264 443/266
f 445/267 444/265 443/266
f 445/267 443/266 442/268
f 182/269 445/267 442/268
f 182/269 442/268 422/270
f 421/271 182/269 422/270
f 1502/272 421/271 422/270
f 1939/273 1502/272 422/270
f 1910/274 1502/272 1939/273
f 277/275 1910/274 1939/273
f 277/275 1939/273 551/276
f 551/276 276/277 277/275
f 277/275 276/277 131/278
f 277/275 131/278 275/279
f 275/279 131/278 128/280
f 275/279 128/280 458/281
f 458/281 1907/282 275/279
f 1910/274 275/279 1907/282
f 1503/283 1910/274 1907/282
f 1503/283 1907/282 1908/284
f 1501/285 1503/283 1908/284
f 1501/285 1908/284 1909/286
f 1499/287 1501/285 1909/286
f 1499/287 1909/286 1498/288
f 145/289 1499/287 1498/288
f 145/289 1498/288 81/290
f 146/291 145/289 81/290
f 146/291 81/290 82/292
f 1945/293 146/291 82/292
f 1945/293 82/292 1944/294
f 1943/295 1945/293 1944/294
f 1956/296 1943/295 1944/294
f 1956/296 1944/294 1960/297
f 120/298 1956/296 1960/297
f 120/298 1960/297 123/299
f 123/299 121/300 120/298
f 1535/301 120/298 121/300
f 1535/301 121/300 414/302
f 1535/301 414/302 1965/303
f 1965/303 1569/304 1535/301
f 1535/301 1569/304 1568/305
f 1535/301 1568/305 1534/306
f 1568/305 1955/307 1534/306
f 1534/306 1955/307 1956/296
f 1568/305 1547/308 1955/307
f 1547/308 1952/309 1955/307
f 1955/307 1952/309 1943/295
f 1946/310 1943/295 1952/309
f 1946/310 1952/309 1953/311
f 1958/312 1946/310 1953/311
f 1958/312 1953/311 1957/313
f 1958/312 1957/313 449/314
f 1958/312 449/314 450/315
f 1959/316 1958/312 450/315
f 1959/316 450/315 505/317
f 300/318 1959/316 505/317
f 300/318 505/317 323/319
f 267/320 300/318 323/319
f 267/320 323/319 266/321
f 265/322 267/320 266/321
f 266/321 455/323 265/322
f 265/322 455/323 181/324
f 265/322 181/324 421/271
f 421/271 268/325 265/322
f 421/271 1500/326 268/325
f 1501/285 268/325 1500/326
f 181/324 455/323 542/327
f 181/324 542/327 180/328
f 179/329 181/324 180/328
f 37/330 179/329 180/328
f 37/330 180/328 40/331
f 37/330 40/331 39/332
f 37/330 39/332 38/333
f 37/330 38/333 418/334
f 37/330 418/334 71/335
f 71/335 418/334 1487/336
f 71/335 1487/336 70/337
f 72/338 71/335 70/337
f 72/338 70/337 69/339
f 69/339 445/267 72/338
f 69/339 70/337 198/340
f 69/339 198/340 139/341
f 139/341 444/265 69/339
f 199/342 139/341 198/340
f 534/343 199/342 198/340
f 534/343 198/340 539/344
f 539/344 1533/345 534/343
f 534/343 1533/345 138/171
f 1533/345 137/346 138/171
f 1533/345 396/347 137/346
f 137/346 396/347 397/348
f 137/346 397/348 784/349
f 137/346 784/349 136/175
f 397/348 459/350 784/349
f 784/349 459/350 1538/351
f 784/349 1538/351 1566/176
f 1537/352 1538/351 459/350
f 1537/352 459/350 460/353
f 1539/354 1537/352 460/353
f 1539/354 460/353 264/355
f 1540/356 1539/354 264/355
f 1540/356 264/355 114/357
f 287/358 1540/356 114/357
f 287/358 114/357 107/359
f 287/358 107/359 115/360
f 287/358 115/360 286/361
f 231/362 287/358 286/361
f 231/362 286/361 230/363
f 161/364 231/362 230/363
f 161/364 230/363 160/365
f 163/366 161/364 160/365
f 318/367 163/366 160/365
f 318/367 160/365 317/368
f 1541/369 318/367 317/368
f 1541/369 317/368 391/370
f 273/371 1541/369 391/370
f 273/371 391/370 249/372
f 274/373 273/371 249/372
f 274/373 249/372 250/374
f 427/375 274/373 250/374
f 427/375 250/374 237/376
f 237/376 213/197 427/375
f 237/376 212/202 213/197
f 234/377 212/202 237/376
f 234/377 237/376 236/378
f 234/377 236/378 235/379
f 1511/380 234/377 235/379
f 235/379 1512/381 1511/380
f 1512/381 1526/382 1511/380
f 1526/382 1523/383 1511/380
f 1522/204 1511/380 1523/383
f 1526/382 1525/384 1523/383
f 1525/384 329/385 1523/383
f 292/206 1523/383 329/385
f 1525/384 332/386 329/385
f 329/385 332/386 331/387
f 329/385 331/387 330/388
f 519/389 329/385 330/388
f 519/389 330/388 51/390
f 165/391 519/389 51/390
f 165/391 51/390 52/392
f 52/392 166/393 165/391
f 378/394 165/391 166/393
f 340/395 378/394 166/393
f 340/395 166/393 343/396
f 343/396 341/397 340/395
f 340/395 341/397 454/398
f 340/395 454/398 1558/214
f 452/399 1558/214 454/398
f 452/399 454/398 453/400
f 306/401 452/399 453/400
f 306/401 453/400 305/402
f 306/401 305/402 304/403
f 306/401 304/403 303/404
f 306/405 303/406 447/407
f 306/405 447/407 807/408
f 306/405 807/408 1922/409
f 1980/410 1922/409 807/408
f 448/411 1980/410 807/408
f 1980/410 448/411 1966/412
f 1980/410 1966/412 1981/413
f 806/414 1980/410 1981/413
f 806/414 1981/413 1982/415
f 805/416 806/414 1982/415
f 805/416 1982/415 1998/417
f 1998/417 804/418 805/416
f 799/419 805/416 804/418
f 1874/420 799/419 804/418
f 1974/421 1874/420 804/418
f 1974/421 804/418 1975/422
f 1978/423 1974/421 1975/422
f 1978/423 1975/422 1979/424
f 1994/425 1978/423 1979/424
f 1994/425 1979/424 1988/426
f 1996/427 1994/425 1988/426
f 1996/427 1988/426 1990/428
f 1882/429 1996/427 1990/428
f 1881/430 1882/429 1990/428
f 1881/430 1990/428 1991/431
f 1881/430 1991/431 1992/432
f 1881/430 1992/432 1880/433
f 1879/434 1881/430 1880/433
f 1879/434 1880/433 1656/435
f 1879/434 1656/435 1657/436
f 1657/436 3880/437 1879/434
f 3880/437 1876/438 1879/434
f 3880/437 3884/439 1876/438
f 3884/439 1877/440 1876/438
f 1876/438 1877/440 1882/429
f 1889/441 1882/429 1877/440
f 1889/441 1877/440 1890/442
f 1892/443 1889/441 1890/442
f 1892/443 1890/442 1891/444
f 2043/445 1892/443 1891/444
f 2043/445 1891/444 2155/446
f 2157/447 2043/445 2155/446
f 2157/447 2155/446 2156/448
f 2153/449 2157/447 2156/448
f 2153/449 2156/448 2158/450
f 2149/451 2153/449 2158/450
f 2149/451 2158/450 2159/452
f 2154/453 2149/451 2159/452
f 2154/453 2159/452 2160/454
f 2035/455 2154/453 2160/454
f 2035/455 2160/454 2161/456
f 1472/457 2035/455 2161/456
f 1472/457 2161/456 2162/458
f 708/459 1472/457 2162/458
f 708/459 2162/458 707/460
f 709/461 708/459 707/460
f 709/461 707/460 706/462
f 706/462 3873/463 709/461
f 709/461 3873/463 3875/464
f 709/461 3875/464 2031/465
f 3875/464 668/466 2031/465
f 2031/465 668/466 669/467
f 2031/465 669/467 1474/468
f 708/459 2031/465 1474/468
f 1473/469 1474/468 669/467
f 1473/469 669/467 2137/470
f 1872/471 1473/469 2137/470
f 1872/471 2137/470 1870/472
f 1873/473 1872/471 1870/472
f 1873/473 1870/472 1869/474
f 1875/475 1873/473 1869/474
f 1875/475 1869/474 1874/420
f 1976/476 1875/475 1874/420
f 1875/475 1976/476 2153/449
f 1873/473 1875/475 2149/451
f 1870/472 799/419 1869/474
f 1870/472 798/477 799/419
f 798/477 800/478 799/419
f 798/477 803/479 800/478
f 803/479 734/480 800/478
f 800/478 734/480 806/414
f 734/480 1922/409 806/414
f 734/480 735/481 1922/409
f 452/482 1922/409 735/481
f 452/482 735/481 215/483
f 215/483 735/481 736/484
f 733/485 736/484 735/481
f 736/484 733/485 732/486
f 736/484 732/486 729/220
f 729/220 732/486 731/487
f 2023/488 731/487 732/486
f 2023/488 732/486 2024/489
f 2022/490 2023/488 2024/489
f 2022/490 2024/489 2025/491
f 2143/492 2022/490 2025/491
f 2143/492 2025/491 2142/493
f 571/494 2143/492 2142/493
f 571/494 2142/493 694/495
f 695/496 571/494 694/495
f 671/497 695/496 694/495
f 671/497 694/495 670/498
f 668/466 671/497 670/498
f 3865/499 671/497 668/466
f 3865/499 3866/500 671/497
f 2139/501 3866/500 3865/499
f 2139/501 3865/499 3875/464
f 2139/501 3875/464 18/502
f 1430/503 2139/501 18/502
f 1430/503 18/502 19/504
f 19/504 1426/505 1430/503
f 1430/503 1426/505 1432/506
f 1430/503 1432/506 1431/507
f 1430/503 1431/507 2140/508
f 1431/507 2141/509 2140/508
f 2140/508 2141/509 3893/510
f 2140/508 3893/510 3866/500
f 3866/500 3893/510 695/496
f 3893/510 570/511 695/496
f 3893/510 3894/512 570/511
f 3897/513 570/511 3894/512
f 2044/514 3897/513 3894/512
f 2044/514 3894/512 2046/515
f 1438/516 2044/514 2046/515
f 1438/516 2046/515 1439/517
f 1439/517 1434/518 1438/516
f 1438/516 1434/518 1403/519
f 1438/516 1403/519 1405/520
f 1404/521 1405/520 1403/519
f 1404/521 1403/519 1402/522
f 930/523 1404/521 1402/522
f 930/523 1402/522 929/524
f 940/525 930/523 929/524
f 940/525 929/524 928/526
f 1389/527 940/525 928/526
f 1389/527 928/526 1388/528
f 1390/529 1389/527 1388/528
f 1390/529 1388/528 1391/530
f 1397/531 1390/529 1391/530
f 1397/531 1391/530 1392/532
f 1398/533 1397/531 1392/532
f 1398/533 1392/532 1399/534
f 1400/535 1398/533 1399/534
f 987/536 1400/537 1399/538
f 987/536 1399/538 980/539
f 981/540 987/536 980/539
f 978/541 981/540 980/539
f 978/541 980/539 979/542
f 971/543 978/541 979/542
f 971/543 979/542 970/544
f 968/545 971/543 970/544
f 968/545 970/544 969/546
f 972/547 968/545 969/546
f 972/547 969/546 973/548
f 973/548 1163/549 972/547
f 972/547 1163/549 967/550
f 972/547 967/550 966/551
f 925/552 966/551 967/550
f 1153/553 925/552 967/550
f 1153/553 967/550 1156/554
f 1154/555 1153/553 1156/554
f 1154/555 1156/554 1155/556
f 1171/557 1154/555 1155/556
f 1171/557 1155/556 1176/558
f 1145/559 1171/557 1176/558
f 1145/559 1176/558 1147/560
f 1147/560 1143/561 1145/559
f 1145/559 1143/561 1148/562
f 1145/559 1148/562 1136/563
f 1145/559 1136/563 1114/564
f 1109/565 1114/564 1136/563
f 1135/566 1109/565 1136/563
f 1109/565 1135/566 1133/567
f 1109/565 1133/567 1102/568
f 1102/568 1097/569 1109/565
f 1102/568 1094/570 1097/569
f 1094/570 949/571 1097/569
f 1097/569 949/571 1115/572
f 1097/569 1115/572 1114/564
f 1114/564 1115/572 1154/555
f 949/571 924/573 1115/572
f 1115/572 924/573 1153/553
f 949/571 923/574 924/573
f 923/574 925/552 924/573
f 923/574 927/575 925/552
f 923/574 950/576 927/575
f 927/575 950/576 965/577
f 927/575 965/577 966/551
f 966/551 965/577 968/545
f 950/576 964/578 965/577
f 965/577 964/578 971/543
f 950/576 951/579 964/578
f 951/579 963/580 964/578
f 964/578 963/580 978/541
f 951/579 953/581 963/580
f 953/581 961/582 963/580
f 963/580 961/582 981/540
f 961/582 986/583 981/540
f 961/582 962/584 986/583
f 962/584 919/585 986/583
f 986/583 919/585 920/586
f 986/583 920/586 987/536
f 907/587 920/586 919/585
f 899/588 907/587 919/585
f 899/588 900/589 907/587
f 900/589 910/590 907/587
f 910/590 908/591 907/587
f 910/590 909/592 908/591
f 1377/593 908/591 909/592
f 1377/593 909/592 1386/594
f 1379/595 1377/596 1386/597
f 1379/595 1386/597 1385/598
f 1385/598 2104/599 1379/595
f 1379/595 2104/599 2106/600
f 1379/595 2106/600 1384/601
f 2112/602 1384/601 2106/600
f 3882/603 2112/602 2106/600
f 3882/603 2106/600 3901/604
f 2108/605 3882/603 3901/604
f 2108/605 3901/604 499/606
f 2100/607 2108/605 499/606
f 2100/607 499/606 500/608
f 2100/607 500/608 2095/609
f 2100/607 2095/609 2099/610
f 2097/611 2100/607 2099/610
f 2097/611 2099/610 2098/612
f 2102/613 2097/611 2098/612
f 2102/613 2098/612 2101/614
f 592/615 2102/613 2101/614
f 592/615 2101/614 1576/616
f 592/615 1576/616 1575/617
f 592/615 1575/617 591/618
f 590/619 592/615 591/618
f 590/619 591/618 689/620
f 590/619 689/620 684/621
f 3868/622 590/619 684/621
f 3868/622 684/621 3899/623
f 2109/624 3868/622 3899/623
f 2109/624 3899/623 944/625
f 940/525 2109/624 944/625
f 3885/626 944/625 3899/623
f 943/627 3885/626 3899/623
f 683/628 3885/626 943/627
f 682/629 683/628 943/627
f 682/629 943/627 1089/630
f 1571/631 682/629 1089/630
f 1571/631 1089/630 1093/632
f 1093/632 3754/633 1571/631
f 1571/631 3754/633 2010/634
f 1571/631 2010/634 1572/635
f 1572/635 2010/634 2011/636
f 1572/635 2011/636 2144/637
f 681/638 1572/635 2144/637
f 681/638 2144/637 572/639
f 572/639 680/640 681/638
f 683/628 681/638 680/640
f 680/640 3876/641 683/628
f 680/640 3878/642 3876/641
f 3878/642 2047/643 3876/641
f 3876/641 2047/643 945/644
f 3876/641 945/644 3885/626
f 2047/643 930/523 945/644
f 944/625 945/644 930/523
f 3878/642 2045/645 2047/643
f 2045/645 1404/521 2047/643
f 2045/645 3878/642 3897/513
f 3878/642 573/646 3897/513
f 3878/642 680/640 573/646
f 572/639 573/646 680/640
f 573/646 572/639 571/494
f 573/646 571/494 570/511
f 572/639 2144/637 2143/492
f 1572/635 681/638 682/629
f 2144/637 2011/636 2022/490
f 2010/634 2012/647 2011/636
f 2011/636 2012/647 2023/488
f 2010/634 2013/648 2012/647
f 2013/648 568/649 2012/647
f 2012/647 568/649 731/487
f 730/222 731/487 568/649
f 730/222 568/649 569/235
f 569/235 568/649 567/650
f 2013/648 567/650 568/649
f 2013/648 3757/651 567/650
f 3758/652 567/650 3757/651
f 3758/652 3757/651 3578/653
f 3578/653 3654/654 3758/652
f 2005/240 3758/652 3654/654
f 2005/240 3654/654 2176/655
f 3653/656 2176/655 3654/654
f 3653/656 3654/654 3579/657
f 3653/656 3579/657 3580/658
f 3653/656 3580/658 3651/659
f 3694/660 3653/656 3651/659
f 3694/660 3651/659 3692/661
f 786/662 3694/660 3692/661
f 786/662 3692/661 785/663
f 796/664 786/662 785/663
f 785/663 498/665 796/664
f 553/666 796/664 498/665
f 560/667 553/666 498/665
f 560/667 498/665 374/668
f 374/668 1899/669 560/667
f 560/670 1899/671 3187/672
f 560/670 3187/672 559/673
f 559/673 3187/672 3188/674
f 559/673 3188/674 737/675
f 737/675 554/676 559/673
f 553/677 559/673 554/676
f 554/676 1902/678 553/677
f 554/676 2116/679 1902/678
f 2116/679 1903/680 1902/678
f 1902/681 1903/682 787/683
f 1902/681 787/683 796/664
f 3761/684 787/683 1903/682
f 3761/684 1903/682 233/685
f 1923/686 3761/684 233/685
f 1923/686 233/685 216/687
f 216/688 1924/689 1923/690
f 1925/691 1923/690 1924/689
f 1900/692 1925/691 1924/689
f 1900/692 1924/689 1901/693
f 1901/693 129/694 1900/692
f 1900/692 129/694 130/695
f 1900/692 130/695 278/696
f 276/277 278/696 130/695
f 280/697 278/696 276/277
f 280/697 276/277 552/698
f 280/697 552/698 1940/699
f 309/700 280/697 1940/699
f 309/700 1940/699 308/701
f 310/702 309/700 308/701
f 310/702 308/701 307/703
f 1920/704 310/702 307/703
f 1920/704 307/703 1929/705
f 1921/706 1920/704 1929/705
f 1921/706 1929/705 1928/707
f 1921/706 1928/707 1927/708
f 1921/706 1927/708 1919/709
f 1918/710 1919/709 1927/708
f 1918/710 1927/708 1926/711
f 1916/712 1918/710 1926/711
f 1916/712 1926/711 1925/691
f 278/696 1916/712 1925/691
f 279/713 1916/712 278/696
f 279/713 1915/714 1916/712
f 310/702 1915/714 279/713
f 1915/714 1918/710 1916/712
f 1926/711 1927/708 1923/690
f 1927/708 727/715 1923/690
f 1915/714 1919/709 1918/710
f 1920/704 1919/709 1915/714
f 1927/708 1928/707 727/715
f 727/715 1928/707 1929/705
f 727/715 1929/705 728/716
f 728/716 184/717 727/715
f 727/718 184/719 2000/720
f 727/718 2000/720 1999/721
f 727/718 1999/721 3761/684
f 2000/720 786/662 1999/721
f 787/683 1999/721 786/662
f 184/719 2176/655 2000/720
f 184/719 185/241 2176/655
f 728/716 246/722 184/717
f 97/723 184/717 246/722
f 97/723 246/722 100/724
f 100/724 98/250 97/723
f 100/724 246/722 45/725
f 100/724 45/725 44/258
f 100/724 44/258 41/254
f 100/724 41/254 99/251
f 183/246 184/717 97/723
f 372/249 183/246 97/723
f 728/716 45/725 246/722
f 728/716 48/726 45/725
f 48/726 46/259 45/725
f 1929/705 48/726 728/716
f 1920/704 1921/706 1919/709
f 1929/705 307/703 48/726
f 47/261 48/726 307/703
f 310/702 1920/704 1915/714
f 47/261 307/703 308/701
f 279/713 309/700 310/702
f 308/701 1940/699 431/262
f 279/713 280/697 309/700
f 1940/699 552/698 430/264
f 280/697 279/713 278/696
f 131/278 130/695 129/694
f 1901/693 94/727 129/694
f 128/280 129/694 94/727
f 128/280 94/727 95/728
f 96/729 95/728 94/727
f 96/729 94/727 93/730
f 96/729 93/730 216/688
f 96/729 216/688 54/731
f 549/732 96/729 54/731
f 549/732 54/731 55/733
f 1905/734 549/732 55/733
f 1905/734 55/733 1906/735
f 1905/734 1906/735 1908/284
f 56/736 1906/735 55/733
f 53/737 56/736 55/733
f 56/736 53/737 270/738
f 56/736 270/738 269/739
f 269/739 1954/740 56/736
f 269/739 1482/741 1954/740
f 1498/288 1954/740 1482/741
f 269/739 84/742 1482/741
f 1482/741 84/742 81/290
f 81/290 84/742 83/743
f 84/742 1484/744 83/743
f 123/299 83/743 1484/744
f 1484/744 122/745 123/299
f 1484/744 270/738 122/745
f 647/746 122/747 270/748
f 270/748 754/749 647/746
f 749/750 647/746 754/749
f 196/751 749/750 754/749
f 196/751 754/749 232/752
f 195/753 196/751 232/752
f 195/753 232/752 233/754
f 233/754 1898/755 195/753
f 1897/756 195/753 1898/755
f 2163/757 1897/756 1898/755
f 2163/757 1898/755 2116/679
f 738/758 2163/757 2116/679
f 14/759 2163/757 738/758
f 13/760 14/759 738/758
f 13/760 738/758 737/675
f 16/761 13/760 737/675
f 13/760 16/761 15/762
f 15/762 16/761 3197/763
f 15/762 3197/763 3200/764
f 1887/765 15/762 3200/764
f 1887/765 3200/764 3201/766
f 3210/767 1887/765 3201/766
f 3209/768 3210/767 3201/766
f 3209/768 3201/766 3202/769
f 3247/770 3209/768 3202/769
f 3202/769 3246/771 3247/770
f 3238/772 3247/770 3246/771
f 3233/773 3238/772 3246/771
f 3233/773 3246/771 3245/774
f 3245/774 3232/775 3233/773
f 3232/775 3234/776 3233/773
f 3237/777 3233/773 3234/776
f 3234/776 3281/778 3237/777
f 3281/778 3236/779 3237/777
f 3236/779 3238/772 3237/777
f 3236/779 3239/780 3238/772
f 3251/781 3239/780 3236/779
f 3236/779 3260/782 3251/781
f 3260/782 3276/783 3251/781
f 3252/784 3251/781 3276/783
f 3252/784 3276/783 3291/785
f 3248/786 3252/784 3291/785
f 3248/786 3291/785 3223/787
f 3209/768 3248/786 3223/787
f 3209/768 3223/787 3224/788
f 3312/789 3224/788 3223/787
f 3312/789 3223/787 3349/790
f 3312/789 3349/790 3348/791
f 3312/789 3348/791 3305/792
f 3312/789 3305/792 3304/793
f 3312/789 3304/793 3313/794
f 3313/794 3304/793 2965/795
f 3313/794 2965/795 3013/796
f 3283/797 3313/794 3013/796
f 3283/797 3013/796 2152/798
f 3283/797 2152/798 1949/799
f 3283/797 1949/799 3210/767
f 3210/767 3224/788 3283/797
f 2152/798 1950/800 1949/799
f 1949/799 1950/800 1327/801
f 1949/799 1327/801 1887/765
f 1950/800 12/802 1327/801
f 1326/803 1327/801 12/802
f 1904/804 1326/803 12/802
f 1904/804 12/802 9/805
f 1494/806 1904/804 9/805
f 1494/806 9/805 540/807
f 1494/806 540/807 541/808
f 1494/806 541/808 1495/809
f 194/810 1494/806 1495/809
f 194/810 1495/809 197/811
f 194/810 197/811 196/751
f 1495/809 1947/812 197/811
f 197/811 1947/812 749/750
f 1947/812 646/813 749/750
f 1947/812 1948/814 646/813
f 1948/814 649/815 646/813
f 646/813 649/815 648/816
f 646/813 648/816 647/746
f 649/815 413/817 648/816
f 122/747 648/816 413/817
f 122/747 413/817 121/818
f 649/815 1951/819 413/817
f 1951/819 412/820 413/817
f 414/821 413/817 412/820
f 412/820 303/822 414/821
f 414/302 303/404 1545/823
f 1951/819 446/824 412/820
f 446/824 447/825 412/820
f 446/824 448/826 447/825
f 448/826 446/824 1967/827
f 446/824 1971/828 1967/827
f 1967/827 1971/828 1970/829
f 1967/827 1970/829 1969/830
f 1966/831 1967/827 1969/830
f 1966/831 1969/830 1968/832
f 2039/833 1968/832 1969/830
f 2040/834 2039/833 1969/830
f 1456/835 2039/833 2040/834
f 1456/835 2040/834 1455/836
f 1455/836 1457/837 1456/835
f 1456/835 1457/837 1880/838
f 1455/836 1458/839 1457/837
f 1458/839 1868/840 1457/837
f 1457/837 1868/840 1656/841
f 1868/840 3540/842 1656/841
f 3526/843 1656/435 3540/844
f 3526/843 3540/844 2773/845
f 3526/843 2773/845 2774/846
f 3526/843 2774/846 3769/847
f 3526/843 3769/847 3786/848
f 3898/849 3526/843 3786/848
f 645/850 3898/849 3786/848
f 645/850 3786/848 3559/851
f 3560/852 645/850 3559/851
f 3560/852 3559/851 2134/853
f 3560/852 2134/853 2133/854
f 3568/855 3560/852 2133/854
f 3568/855 2133/854 2928/856
f 2972/857 3568/855 2928/856
f 2971/858 2972/857 2928/856
f 2971/858 2928/856 2960/859
f 3784/860 2971/858 2960/859
f 3784/860 2960/859 3766/861
f 2968/862 3784/860 3766/861
f 2968/862 3766/861 2959/863
f 2967/864 2968/862 2959/863
f 2967/864 2959/863 2964/865
f 2964/865 3052/866 2967/864
f 2967/864 3052/866 3053/867
f 2967/864 3053/867 2970/868
f 3051/869 2970/868 3053/867
f 3050/870 3051/869 3053/867
f 3038/871 3051/869 3050/870
f 3039/872 3038/871 3050/870
f 3039/872 3050/870 3044/873
f 3044/873 3043/874 3039/872
f 3042/875 3039/872 3043/874
f 3042/875 3043/874 3041/876
f 2263/877 3042/875 3041/876
f 2263/877 3041/876 3040/878
f 3040/878 2997/879 2263/877
f 2216/880 2263/877 2997/879
f 2216/880 2997/879 2217/881
f 2215/882 2216/880 2217/881
f 2215/882 2217/881 2218/883
f 2218/883 2214/884 2215/882
f 3064/885 2215/882 2214/884
f 3063/886 3064/885 2214/884
f 3063/886 2214/884 2213/887
f 3060/888 3063/886 2213/887
f 3060/888 2213/887 1963/889
f 3061/890 3060/888 1963/889
f 3061/890 1963/889 1962/891
f 3486/892 3061/890 1962/891
f 3487/893 3486/892 1962/891
f 1961/894 3487/893 1962/891
f 1962/891 1964/895 1961/894
f 2706/896 1961/894 1964/895
f 1936/897 2706/896 1964/895
f 1936/897 1964/895 2212/898
f 2212/898 2667/899 1936/897
f 1051/900 1936/901 2667/902
f 1051/900 2667/902 2668/903
f 857/904 1051/900 2668/903
f 857/904 2668/903 1328/905
f 1078/906 857/904 1328/905
f 1078/906 1328/905 1329/907
f 1138/908 1078/906 1329/907
f 1138/908 1329/907 915/909
f 1137/910 1138/908 915/909
f 1137/910 915/909 918/911
f 1281/912 1137/910 918/911
f 977/913 1281/912 918/911
f 977/913 918/911 917/914
f 917/914 974/915 977/913
f 974/915 976/916 977/913
f 976/916 1006/917 977/913
f 1006/917 976/916 938/918
f 939/919 1006/917 938/918
f 938/918 662/920 939/919
f 939/919 662/920 1033/921
f 939/919 1033/921 1032/922
f 939/919 1032/922 1241/923
f 939/919 1241/923 1005/924
f 1241/923 1052/925 1005/924
f 1005/924 1052/925 1053/926
f 1005/924 1053/926 1006/917
f 1006/917 1053/926 1281/912
f 1053/926 1278/927 1281/912
f 1053/926 1277/928 1278/927
f 1277/928 1137/910 1278/927
f 1277/928 1274/929 1137/910
f 877/930 1274/929 1277/928
f 1052/925 877/930 1277/928
f 2677/931 877/930 1052/925
f 2677/931 874/932 877/930
f 874/932 876/933 877/930
f 874/932 875/934 876/933
f 1254/935 876/933 875/934
f 1254/935 875/934 999/936
f 1167/937 1254/935 999/936
f 1167/937 999/936 618/938
f 1168/939 1167/937 618/938
f 1168/939 618/938 617/940
f 1258/941 1168/939 617/940
f 1258/941 617/940 2692/942
f 1247/943 1258/941 2692/942
f 1247/943 2692/942 2691/944
f 1248/945 1247/943 2691/944
f 1248/945 2691/944 2690/946
f 1248/945 2690/946 2689/947
f 1248/945 2689/947 2687/948
f 1248/945 2687/948 1179/949
f 1248/945 1179/949 1249/950
f 1178/951 1249/950 1179/949
f 1179/949 1181/952 1178/951
f 1178/951 1181/952 1240/953
f 1178/951 1240/953 1189/954
f 1189/954 1232/955 1178/951
f 1189/954 1188/956 1232/955
f 1188/956 1269/957 1232/955
f 1232/955 1269/957 1246/958
f 1232/955 1246/958 1249/950
f 1247/943 1249/950 1246/958
f 1269/957 1257/959 1246/958
f 1246/958 1257/959 1258/941
f 1269/957 1292/960 1257/959
f 1257/959 1292/960 1235/961
f 1257/959 1235/961 1071/962
f 1257/959 1071/962 1168/939
f 1256/963 1168/939 1071/962
f 1256/963 1071/962 1070/964
f 1256/963 1070/964 831/965
f 1256/963 831/965 833/966
f 858/967 1256/963 833/966
f 858/967 833/966 812/968
f 811/969 858/967 812/968
f 811/969 812/968 813/970
f 811/969 813/970 814/971
f 814/971 818/972 811/969
f 859/973 811/969 818/972
f 859/973 818/972 860/974
f 858/967 859/973 860/974
f 858/967 860/974 857/904
f 1077/975 858/967 857/904
f 1167/937 858/967 1077/975
f 1050/976 860/974 818/972
f 1050/976 818/972 821/977
f 1762/978 1050/976 821/977
f 820/979 1762/978 821/977
f 819/980 820/979 821/977
f 1761/981 820/979 819/980
f 2652/982 1761/981 819/980
f 2652/982 819/980 814/971
f 2651/983 2652/982 814/971
f 2652/982 2651/983 1296/984
f 2652/982 1296/984 1298/985
f 1297/986 1298/985 1296/984
f 2698/987 1297/986 1296/984
f 2698/987 1296/984 2697/988
f 2698/987 2697/988 2693/989
f 2698/987 2693/989 2695/990
f 2685/991 2698/987 2695/990
f 2685/991 2695/990 1085/992
f 1085/992 2653/993 2685/991
f 2653/993 854/994 2685/991
f 2685/991 854/994 1297/986
f 854/994 1282/995 1297/986
f 854/994 856/996 1282/995
f 1282/995 856/996 1206/997
f 1282/995 1206/997 1205/998
f 1298/985 1282/995 1205/998
f 1298/985 1205/998 2645/999
f 1298/985 2645/999 1761/981
f 2633/1000 1761/981 2645/999
f 2645/999 1204/1001 2633/1000
f 1204/1001 1937/1002 2633/1000
f 1050/976 2633/1000 1937/1002
f 1050/976 1937/1002 1051/900
f 1204/1001 2618/1003 1937/1002
f 1938/1004 1937/1002 2618/1003
f 1938/1004 2618/1003 2617/1005
f 2706/1006 1938/1004 2617/1005
f 1854/1007 2706/1006 2617/1005
f 1854/1007 2617/1005 1010/1008
f 935/1009 1854/1007 1010/1008
f 1010/1008 793/1010 935/1009
f 935/1009 793/1010 615/1011
f 935/1009 615/1011 614/1012
f 934/1013 935/1009 614/1012
f 934/1013 614/1012 869/1014
f 869/1015 3057/1016 934/1017
f 934/1017 3057/1016 1961/894
f 934/1017 1961/894 1854/1018
f 869/1015 3184/1019 3057/1016
f 3057/1016 3184/1019 3426/1020
f 3057/1016 3426/1020 3487/893
f 3426/1020 3382/1021 3487/893
f 3426/1020 3383/1022 3382/1021
f 3383/1022 3385/1023 3382/1021
f 3382/1021 3385/1023 3481/1024
f 3382/1021 3481/1024 3486/892
f 3486/892 3481/1024 3483/1025
f 3486/892 3483/1025 3485/1026
f 3485/1026 3483/1025 3482/1027
f 3485/1026 3482/1027 3484/1028
f 3061/890 3485/1026 3484/1028
f 3061/890 3484/1028 3058/1029
f 3058/1029 3484/1028 2707/1030
f 3058/1029 2707/1030 2708/1031
f 3059/1032 3058/1029 2708/1031
f 3059/1032 2708/1031 3163/1033
f 3062/1034 3059/1032 3163/1033
f 3062/1034 3163/1033 3162/1035
f 3065/1036 3062/1034 3162/1035
f 3065/1036 3162/1035 3161/1037
f 2257/1038 3065/1036 3161/1037
f 2257/1038 3161/1037 3157/1039
f 3157/1039 2953/1040 2257/1038
f 2953/1040 2258/1041 2257/1038
f 2257/1038 2258/1041 2259/1042
f 2257/1038 2259/1042 2260/1043
f 2260/1043 2259/1042 2216/880
f 2258/1041 2262/1044 2259/1042
f 2259/1042 2262/1044 2263/877
f 2258/1041 2261/1045 2262/1044
f 2261/1045 3054/1046 2262/1044
f 3042/875 2262/1044 3054/1046
f 2261/1045 3035/1047 3054/1046
f 3054/1046 3035/1047 3039/872
f 3034/1048 3035/1047 2261/1045
f 3034/1048 2261/1045 2956/1049
f 3036/1050 3034/1048 2956/1049
f 3036/1050 2956/1049 2957/1051
f 2957/1051 3165/1052 3036/1050
f 3169/1053 3036/1050 3165/1052
f 3168/1054 3169/1053 3165/1052
f 3168/1054 3165/1052 3170/1055
f 3724/1056 3168/1054 3170/1055
f 3724/1056 3170/1055 3779/1057
f 2014/1058 3724/1056 3779/1057
f 2014/1058 3779/1057 2201/1059
f 2201/1059 2015/1060 2014/1058
f 2014/1058 2015/1060 2016/1061
f 2014/1058 2016/1061 2017/1062
f 2017/1062 2016/1061 2032/1063
f 2017/1062 2032/1063 2033/1064
f 3720/1065 2017/1062 2033/1064
f 3720/1065 2033/1064 3759/1066
f 3167/1067 3720/1065 3759/1066
f 3167/1067 3759/1066 2969/1068
f 2969/1068 3078/1069 3167/1067
f 3167/1067 3078/1069 3169/1053
f 3078/1069 3037/1070 3169/1053
f 3078/1069 3051/869 3037/1070
f 2969/1068 2970/868 3078/1069
f 2968/862 2970/868 2969/1068
f 2969/1068 3759/1066 3784/860
f 3168/1054 3720/1065 3167/1067
f 3759/1066 2033/1064 2971/858
f 3724/1056 2017/1062 3720/1065
f 2972/857 2033/1064 2032/1063
f 2032/1063 3499/1071 2972/857
f 2032/1063 3533/1072 3499/1071
f 604/1073 3499/1071 3533/1072
f 3533/1072 584/1074 604/1073
f 589/1075 604/1073 584/1074
f 582/1076 589/1075 584/1074
f 582/1076 584/1074 583/1077
f 710/1078 582/1076 583/1077
f 710/1078 583/1077 713/1079
f 633/1080 710/1078 713/1079
f 633/1080 713/1079 632/1081
f 632/1081 577/1082 633/1080
f 3889/1083 633/1080 577/1082
f 3886/1084 3889/1083 577/1082
f 3886/1084 577/1082 574/1085
f 3909/1086 3886/1084 574/1085
f 3909/1086 574/1085 692/1087
f 3870/1088 3909/1086 692/1087
f 3870/1088 692/1087 628/1089
f 3872/1090 3870/1088 628/1089
f 3872/1090 628/1089 629/1091
f 629/1091 3914/1092 3872/1090
f 3872/1090 3914/1092 3900/1093
f 3872/1090 3900/1093 706/462
f 3914/1092 2135/1094 3900/1093
f 3900/1093 2135/1094 17/1095
f 3900/1093 17/1095 3873/463
f 3873/463 17/1095 18/502
f 2135/1094 28/1096 17/1095
f 17/1095 28/1096 19/504
f 1429/1097 19/504 28/1096
f 1429/1097 28/1096 1449/1098
f 1428/1099 1429/1097 1449/1098
f 1428/1099 1449/1098 1450/1100
f 1450/1101 1227/1102 1428/1103
f 1475/1104 1428/1103 1227/1102
f 1460/1105 1475/1104 1227/1102
f 1460/1105 1227/1102 1015/1106
f 1015/1106 1459/1107 1460/1105
f 1460/1105 1459/1107 1462/1108
f 1460/1105 1462/1108 1461/1109
f 1461/1109 1462/1108 1463/1110
f 1461/1109 1463/1110 1464/1111
f 1464/1111 1476/1112 1461/1109
f 1461/1109 1476/1112 1475/1104
f 1476/1112 1427/1113 1475/1104
f 1476/1112 1433/1114 1427/1113
f 1426/505 1427/1115 1433/1116
f 1429/1097 1427/1115 1426/505
f 1477/1117 1433/1114 1476/1112
f 1477/1117 1441/1118 1433/1114
f 1432/506 1433/1116 1441/1119
f 1432/506 1441/1119 1440/1120
f 1442/1121 1432/506 1440/1120
f 1442/1121 1440/1120 1437/1122
f 1442/1121 1437/1122 1439/517
f 1440/1120 1436/1123 1437/1122
f 1437/1122 1436/1123 1435/1124
f 1437/1122 1435/1124 1434/518
f 1479/1125 1435/1126 1436/1127
f 1479/1125 1436/1127 1478/1128
f 1465/1129 1479/1125 1478/1128
f 1465/1129 1478/1128 1477/1117
f 1465/1129 1477/1117 1464/1111
f 1464/1111 1466/1130 1465/1129
f 1467/1131 1465/1129 1466/1130
f 1467/1131 1466/1130 1190/1132
f 1467/1131 1190/1132 1182/1133
f 1182/1133 1468/1134 1467/1131
f 1182/1133 1165/1135 1468/1134
f 1468/1134 1165/1135 1435/1126
f 1403/519 1435/1124 1165/1136
f 1164/1137 1165/1135 1182/1133
f 1164/1137 1182/1133 1177/1138
f 1183/1139 1164/1137 1177/1138
f 1184/1140 1183/1139 1177/1138
f 1184/1140 1177/1138 1185/1141
f 1195/1142 1184/1140 1185/1141
f 1195/1142 1185/1141 1191/1143
f 1034/1144 1195/1142 1191/1143
f 1034/1144 1191/1143 1023/1145
f 1024/1146 1034/1144 1023/1145
f 1024/1146 1023/1145 1020/1147
f 1035/1148 1024/1146 1020/1147
f 1035/1148 1020/1147 1044/1149
f 1346/1150 1035/1148 1044/1149
f 1346/1150 1044/1149 1352/1151
f 3853/1152 1346/1150 1352/1151
f 1351/1153 3853/1152 1352/1151
f 1352/1151 1045/1154 1351/1153
f 1016/1155 1351/1153 1045/1154
f 1459/1107 1016/1155 1045/1154
f 1459/1107 1045/1154 1021/1156
f 1044/1149 1021/1156 1045/1154
f 1016/1155 1013/1157 1351/1153
f 1013/1157 3861/1158 1351/1153
f 1013/1157 3859/1159 3861/1158
f 3859/1159 1349/1160 3861/1158
f 3861/1158 1349/1160 1347/1161
f 3861/1158 1347/1161 3853/1152
f 3853/1152 1347/1161 1343/1162
f 3853/1152 1343/1162 3857/1163
f 1343/1162 3856/1164 3857/1163
f 3857/1163 3856/1164 1345/1165
f 3857/1163 1345/1165 1346/1150
f 3856/1164 1295/1166 1345/1165
f 1219/1167 1345/1165 1295/1166
f 1219/1167 1295/1166 1225/1168
f 1225/1168 1217/1169 1219/1167
f 1219/1167 1217/1169 1024/1146
f 1225/1168 1218/1170 1217/1169
f 1218/1170 1203/1171 1217/1169
f 1217/1169 1203/1171 1034/1144
f 1218/1170 1060/1172 1203/1171
f 1060/1172 1202/1173 1203/1171
f 1203/1171 1202/1173 1195/1142
f 1060/1172 1061/1174 1202/1173
f 1061/1174 1201/1175 1202/1173
f 1202/1173 1201/1175 1184/1140
f 1061/1174 1063/1176 1201/1175
f 1201/1175 1063/1176 1152/1177
f 1201/1175 1152/1177 1196/1178
f 1201/1175 1196/1178 1183/1139
f 1183/1139 1196/1178 1176/558
f 1196/1178 1152/1177 1147/560
f 1144/1179 1147/560 1152/1177
f 1144/1179 1152/1177 1151/1180
f 1076/1181 1144/1179 1151/1180
f 1076/1181 1151/1180 1069/1182
f 1076/1181 1069/1182 3930/1183
f 1086/1184 1076/1181 3930/1183
f 1087/1185 1086/1184 3930/1183
f 1130/1186 1087/1185 3930/1183
f 1129/1187 1130/1186 3930/1183
f 1118/1188 1129/1187 3930/1183
f 1117/1189 1118/1188 3930/1183
f 1128/1190 1117/1189 3930/1183
f 1003/1191 1128/1190 3930/1183
f 1002/1192 1003/1191 3930/1183
f 1008/1193 1002/1192 3930/1183
f 1011/1194 1008/1193 3930/1183
f 841/1195 1011/1194 3930/1183
f 838/1196 841/1195 3930/1183
f 839/1197 838/1196 3930/1183
f 848/1198 839/1197 3930/1183
f 3825/1199 848/1198 3930/1183
f 847/1200 3825/1199 3930/1183
f 1243/1201 847/1200 3930/1183
f 1242/1202 1243/1201 3930/1183
f 1288/1203 1242/1202 3930/1183
f 1285/1204 1288/1203 3930/1183
f 3863/1205 1285/1204 3930/1183
f 1230/1206 3863/1205 3930/1183
f 1229/1207 1230/1206 3930/1183
f 1322/1208 1229/1207 3930/1183
f 1066/1209 1322/1208 3930/1183
f 1065/1210 1066/1209 3930/1183
f 1064/1211 1065/1210 3930/1183
f 1064/1211 1046/1212 1065/1210
f 1065/1210 1046/1212 1047/1213
f 1061/1174 1047/1213 1046/1212
f 1064/1211 1062/1214 1046/1212
f 1063/1176 1046/1212 1062/1214
f 1151/1180 1063/1176 1062/1214
f 1069/1182 1062/1214 1064/1211
f 1065/1210 1047/1213 1066/1209
f 1066/1209 1047/1213 1321/1215
f 1060/1172 1321/1215 1047/1213
f 1066/1209 1321/1215 1322/1208
f 1322/1208 1321/1215 1228/1216
f 1218/1170 1228/1216 1321/1215
f 1322/1208 1228/1216 1229/1207
f 1231/1217 1229/1207 1228/1216
f 1231/1217 1228/1216 1225/1168
f 1231/1217 1230/1206 1229/1207
f 3863/1205 1230/1206 1231/1217
f 3863/1205 1231/1217 3862/1218
f 3862/1218 1231/1217 1295/1166
f 3862/1218 1295/1166 3854/1219
f 1284/1220 3862/1218 3854/1219
f 1284/1220 3854/1219 1293/1221
f 1293/1221 1290/1222 1284/1220
f 1284/1220 1290/1222 1288/1203
f 1293/1221 1294/1223 1290/1222
f 1294/1223 1234/1224 1290/1222
f 1290/1222 1234/1224 1242/1202
f 1294/1223 1245/1225 1234/1224
f 1233/1226 1234/1224 1245/1225
f 1233/1226 1245/1225 1244/1227
f 843/1228 1233/1226 1244/1227
f 843/1228 1244/1227 878/1229
f 3836/1230 843/1228 878/1229
f 3836/1230 878/1229 3828/1231
f 866/1232 3836/1230 3828/1231
f 3828/1231 1358/1233 866/1232
f 866/1232 1358/1233 1356/1234
f 866/1232 1356/1234 865/1235
f 865/1235 842/1236 866/1232
f 865/1235 849/1237 842/1236
f 849/1237 848/1198 842/1236
f 849/1237 865/1235 1357/1238
f 849/1237 1357/1238 1362/1239
f 839/1197 849/1237 1362/1239
f 1362/1239 1357/1238 826/1240
f 1362/1239 826/1240 1012/1241
f 838/1196 1362/1239 1012/1241
f 1012/1241 826/1240 827/1242
f 1012/1241 827/1242 1009/1243
f 841/1195 1012/1241 1009/1243
f 1009/1243 827/1242 993/1244
f 1009/1243 993/1244 1007/1245
f 1011/1194 1009/1243 1007/1245
f 994/1246 1007/1245 993/1244
f 992/1247 994/1246 993/1244
f 992/1247 995/1248 994/1246
f 1000/1249 994/1246 995/1248
f 1000/1249 995/1248 996/1250
f 817/1251 1000/1249 996/1250
f 817/1251 996/1250 815/1252
f 817/1251 815/1252 808/1253
f 817/1251 808/1253 816/1254
f 816/1254 1127/1255 817/1251
f 816/1254 1116/1256 1127/1255
f 1127/1255 1116/1256 1117/1189
f 822/1257 1116/1256 816/1254
f 816/1254 823/1258 822/1257
f 822/1257 823/1258 1094/570
f 823/1258 948/1259 1094/570
f 823/1258 824/1260 948/1259
f 946/1261 948/1259 824/1260
f 946/1261 824/1260 947/1262
f 946/1261 947/1262 951/579
f 952/1263 951/579 947/1262
f 809/1264 952/1263 947/1262
f 810/1265 952/1263 809/1264
f 815/1252 810/1265 809/1264
f 810/1265 955/1266 952/1263
f 955/1266 953/581 952/1263
f 955/1266 954/1267 953/581
f 955/1266 960/1268 954/1267
f 954/1267 960/1268 962/584
f 960/1268 899/588 962/584
f 960/1268 886/1269 899/588
f 956/1270 886/1269 960/1268
f 956/1270 885/1271 886/1269
f 885/1271 880/1272 886/1269
f 900/589 886/1269 880/1272
f 903/1273 900/589 880/1272
f 903/1273 880/1272 881/1274
f 881/1274 904/1275 903/1273
f 1373/1276 903/1273 904/1275
f 1373/1276 904/1275 905/1277
f 1373/1276 905/1277 1375/1278
f 1374/1279 1373/1276 1375/1278
f 1374/1279 1375/1278 1376/1280
f 1420/1281 1374/1279 1376/1280
f 1420/1281 1376/1280 1422/1282
f 1421/1283 1420/1284 1422/1285
f 1421/1283 1422/1285 1423/1286
f 2114/1287 1421/1283 1423/1286
f 2114/1287 1423/1286 2115/1288
f 3892/1289 2114/1287 2115/1288
f 3892/1289 2115/1288 3903/1290
f 630/1291 3892/1289 3903/1290
f 630/1291 3903/1290 624/1292
f 624/1292 631/1293 630/1291
f 630/1291 631/1293 725/1294
f 630/1291 725/1294 726/1295
f 726/1295 725/1294 501/1296
f 726/1295 501/1296 502/1297
f 3908/1298 726/1295 502/1297
f 3908/1298 502/1297 3896/1299
f 2105/1300 3908/1298 3896/1299
f 2105/1300 3896/1299 2104/599
f 2104/599 3896/1299 3901/604
f 3908/1298 2105/1300 2114/1287
f 3896/1299 502/1297 499/606
f 726/1295 3908/1298 3892/1289
f 502/1297 501/1296 500/608
f 725/1294 2096/1301 501/1296
f 501/1296 2096/1301 2095/609
f 2095/609 2096/1301 2076/1302
f 2095/609 2076/1302 2077/1303
f 2074/1304 2077/1303 2076/1302
f 2061/1305 2074/1304 2076/1302
f 2061/1305 2076/1302 2064/1306
f 2052/1307 2061/1305 2064/1306
f 2052/1307 2064/1306 2051/1308
f 2050/1309 2052/1307 2051/1308
f 2050/1309 2051/1308 2049/1310
f 2054/1311 2050/1309 2049/1310
f 2054/1311 2049/1310 1645/1312
f 2054/1311 1645/1312 1644/1313
f 2054/1311 1644/1313 2118/1314
f 2053/1315 2054/1311 2118/1314
f 2053/1315 2118/1314 2117/1316
f 2053/1315 2117/1316 2069/1317
f 2053/1315 2069/1317 2057/1318
f 2055/1319 2053/1315 2057/1318
f 2055/1319 2057/1318 2056/1320
f 2063/1321 2055/1319 2056/1320
f 2063/1321 2056/1320 2060/1322
f 2062/1323 2063/1321 2060/1322
f 2062/1323 2060/1322 2059/1324
f 2059/1324 2072/1325 2062/1323
f 2062/1323 2072/1325 2074/1304
f 2072/1325 2075/1326 2074/1304
f 2072/1325 2073/1327 2075/1326
f 2093/1328 2075/1326 2073/1327
f 2093/1328 2073/1327 2078/1329
f 2081/1330 2093/1328 2078/1329
f 2081/1330 2078/1329 2079/1331
f 2079/1331 2082/1332 2081/1330
f 2081/1330 2082/1332 2084/1333
f 2081/1330 2084/1333 2083/1334
f 2101/614 2083/1334 2084/1333
f 2082/1332 3672/1335 2084/1333
f 1576/616 2084/1333 3672/1335
f 3728/1336 1576/616 3672/1335
f 3728/1336 3672/1335 3673/1337
f 3727/1338 3728/1336 3673/1337
f 3727/1338 3673/1337 3718/1339
f 3726/1340 3727/1338 3718/1339
f 3726/1340 3718/1339 3723/1341
f 3589/1342 3726/1340 3723/1341
f 3589/1342 3723/1341 3741/1343
f 3741/1343 3588/1344 3589/1342
f 3589/1342 3588/1344 3584/1345
f 3589/1342 3584/1345 3585/1346
f 3585/1346 3584/1345 3582/1347
f 3585/1346 3582/1347 3583/1348
f 3583/1348 3731/1349 3585/1346
f 3585/1346 3731/1349 3726/1340
f 3583/1348 3740/1350 3731/1349
f 3740/1350 3729/1351 3731/1349
f 3727/1338 3731/1349 3729/1351
f 3740/1350 3739/1352 3729/1351
f 3739/1352 3735/1353 3729/1351
f 3729/1351 3735/1353 3728/1336
f 3739/1352 3738/1354 3735/1353
f 1575/617 3735/1353 3738/1354
f 1575/617 3738/1354 1088/1355
f 1088/1355 3738/1354 3746/1356
f 1088/1355 3746/1356 1093/632
f 1093/632 689/620 1088/1355
f 3753/1357 3746/1356 3738/1354
f 3755/1358 3746/1356 3753/1357
f 3757/651 3755/1358 3753/1357
f 3757/651 3753/1357 3743/1359
f 3739/1352 3743/1359 3753/1357
f 3755/1358 3754/633 3746/1356
f 2013/648 3754/633 3755/1358
f 3753/1357 3738/1354 3739/1352
f 3739/1352 3740/1350 3743/1359
f 3740/1350 3581/1360 3743/1359
f 3743/1359 3581/1360 3578/653
f 3581/1360 3579/657 3578/653
f 3740/1350 3583/1348 3581/1360
f 3583/1348 3580/658 3581/1360
f 3583/1348 3582/1347 3580/658
f 3650/1361 3582/1347 3584/1345
f 3650/1361 3584/1345 3647/1362
f 3686/1363 3650/1361 3647/1362
f 3686/1363 3647/1362 3682/1364
f 497/1365 3686/1363 3682/1364
f 497/1365 3682/1364 650/1366
f 373/1367 497/1365 650/1366
f 373/1367 650/1366 651/1368
f 376/1369 373/1367 651/1368
f 376/1369 651/1368 1387/1370
f 3203/1371 376/1372 1387/1373
f 3203/1371 1387/1373 3190/1374
f 3190/1374 3206/1375 3203/1371
f 3203/1371 3206/1375 3205/1376
f 3203/1371 3205/1376 3204/1377
f 3204/1377 3205/1376 3208/1378
f 3204/1377 3208/1378 3207/1379
f 3207/1379 375/1380 3204/1377
f 3204/1377 375/1380 376/1372
f 3207/1379 1899/1381 375/1380
f 3194/1382 1899/671 3207/1383
f 3194/1382 3207/1383 3208/1384
f 3194/1382 3208/1384 3193/1385
f 3193/1385 3195/1386 3194/1382
f 3195/1386 3187/672 3194/1382
f 3193/1385 3196/1387 3195/1386
f 3196/1387 3197/763 3195/1386
f 3196/1387 3198/1388 3197/763
f 3267/1389 3198/1388 3196/1387
f 3196/1387 3268/1390 3267/1389
f 3267/1389 3268/1390 3241/1391
f 3267/1389 3241/1391 3232/775
f 3232/775 3241/1391 3240/1392
f 3232/775 3240/1392 3235/1393
f 3240/1392 3226/1394 3235/1393
f 3235/1393 3226/1394 3280/1395
f 3235/1393 3280/1395 3234/776
f 3226/1394 3273/1396 3280/1395
f 3274/1397 3280/1395 3273/1396
f 3274/1397 3275/1398 3280/1395
f 3275/1398 3281/778 3280/1395
f 3275/1398 3231/1399 3281/778
f 3228/1400 3281/778 3231/1399
f 3228/1400 3231/1399 3230/1401
f 3228/1400 3230/1401 3229/1402
f 3228/1400 3229/1402 3262/1403
f 3228/1400 3262/1403 3263/1404
f 3260/782 3263/1404 3262/1403
f 3260/782 3262/1403 3261/1405
f 3261/1405 3250/1406 3260/782
f 3261/1405 3249/1407 3250/1406
f 3360/1408 3250/1406 3249/1407
f 3360/1408 3359/1409 3250/1406
f 3359/1409 3276/783 3250/1406
f 3359/1409 3350/1410 3276/783
f 3276/783 3350/1410 3351/1411
f 3350/1410 3340/1412 3351/1411
f 3348/791 3351/1411 3340/1412
f 3339/1413 3348/791 3340/1412
f 3337/1414 3339/1413 3340/1412
f 3337/1414 3338/1415 3339/1413
f 3338/1415 3334/1416 3339/1413
f 3347/1417 3339/1413 3334/1416
f 3347/1417 3334/1416 3346/1418
f 3346/1418 3302/1419 3347/1417
f 3305/792 3347/1417 3302/1419
f 3346/1418 3301/1420 3302/1419
f 3303/1421 3302/1419 3301/1420
f 3303/1421 3301/1420 3300/1422
f 222/1423 3303/1421 3300/1422
f 222/1423 3300/1422 223/1424
f 220/1425 222/1423 223/1424
f 223/1424 2219/1426 220/1425
f 2220/1427 220/1425 2219/1426
f 2219/1426 1933/1428 2220/1427
f 2220/1427 1933/1428 3143/1429
f 2220/1427 3143/1429 3175/1430
f 221/1431 2220/1427 3175/1430
f 221/1431 3175/1430 2484/1432
f 2484/1432 2485/1433 221/1431
f 222/1423 221/1431 2485/1433
f 222/1423 2485/1433 2965/795
f 2484/1432 113/1434 2485/1433
f 3014/1435 2485/1433 113/1434
f 3014/1435 113/1434 112/1436
f 2037/1437 3014/1435 112/1436
f 2037/1437 112/1436 3563/1438
f 2037/1437 3563/1438 11/1439
f 2037/1437 11/1439 1950/800
f 3563/1438 10/1440 11/1439
f 9/805 11/1439 10/1440
f 9/805 10/1440 334/1441
f 10/1440 3570/1442 334/1441
f 334/1441 3570/1442 3571/1443
f 334/1441 3571/1443 335/1444
f 335/1444 540/807 334/1441
f 335/1444 3571/1443 3567/1445
f 335/1444 3567/1445 581/1446
f 541/808 335/1444 581/1446
f 541/808 581/1446 578/1447
f 578/1447 581/1446 580/1448
f 578/1447 580/1448 579/1449
f 1424/1450 578/1447 579/1449
f 1424/1450 579/1449 1017/1451
f 1424/1450 1017/1451 1948/814
f 1018/1452 1948/814 1017/1451
f 1017/1451 1019/1453 1018/1452
f 1018/1452 1019/1453 747/1454
f 1018/1452 747/1454 1425/1455
f 1425/1455 2042/1456 1018/1452
f 1425/1455 2030/1457 2042/1456
f 2042/1456 2030/1457 1951/819
f 1971/828 1951/819 2030/1457
f 1971/828 2030/1457 2027/1458
f 2026/1459 1971/828 2027/1458
f 1471/1460 2026/1459 2027/1458
f 1471/1460 2027/1458 1888/1461
f 1309/1462 1471/1460 1888/1461
f 1309/1462 1888/1461 748/1463
f 1300/1464 1309/1462 748/1463
f 1300/1464 748/1463 741/1465
f 741/1465 3523/1466 1300/1464
f 1300/1464 3523/1466 3524/1467
f 1300/1464 3524/1467 1299/1468
f 1299/1468 3524/1467 3558/1469
f 1299/1468 3558/1469 2034/1470
f 2034/1470 1310/1471 1299/1468
f 1299/1468 1310/1471 1309/1462
f 2034/1470 1325/1472 1310/1471
f 1325/1472 1323/1473 1310/1471
f 1310/1471 1323/1473 1471/1460
f 1325/1472 1324/1474 1323/1473
f 1324/1474 2041/1475 1323/1473
f 1323/1473 2041/1475 2026/1459
f 2041/1475 1970/829 2026/1459
f 2041/1475 2040/834 1970/829
f 2040/834 2041/1475 2036/1476
f 1324/1474 2036/1476 2041/1475
f 1324/1474 2038/1477 2036/1476
f 2036/1476 2038/1477 1458/839
f 2038/1477 1655/1478 1458/839
f 2038/1477 1654/1479 1655/1478
f 1654/1479 3575/1480 1655/1478
f 1655/1478 3575/1480 3531/1481
f 1655/1478 3531/1481 1868/840
f 2772/1482 3531/1481 3575/1480
f 2771/1483 2772/1482 3575/1480
f 2771/1483 3575/1480 3546/1484
f 3070/1485 2771/1483 3546/1484
f 3070/1485 3546/1484 3558/1469
f 2475/1486 3070/1485 3558/1469
f 3070/1485 2475/1486 2478/1487
f 3070/1485 2478/1487 2483/1488
f 2481/1489 2483/1488 2478/1487
f 2478/1487 2608/1490 2481/1489
f 2481/1489 2608/1490 3066/1491
f 2481/1489 3066/1491 3076/1492
f 3076/1492 2482/1493 2481/1489
f 3076/1492 3072/1494 2482/1493
f 2482/1493 3072/1494 3073/1495
f 2482/1493 3073/1495 2483/1488
f 2483/1488 3073/1495 2771/1483
f 3072/1494 2595/1496 3073/1495
f 3073/1495 2595/1496 2772/1482
f 2595/1496 2951/1497 2772/1482
f 2595/1496 2594/1498 2951/1497
f 2594/1498 2773/1499 2951/1497
f 2594/1498 2962/1500 2773/1499
f 2961/1501 2773/845 2962/1502
f 2961/1501 2962/1502 2963/1503
f 2961/1501 2963/1503 2958/1504
f 2958/1504 3737/1505 2961/1501
f 2774/846 2961/1501 3737/1505
f 2958/1504 3747/1506 3737/1505
f 3747/1506 2131/1507 3737/1505
f 3769/847 3737/1505 2131/1507
f 3769/847 2131/1507 2134/853
f 3747/1506 2132/1508 2131/1507
f 2131/1507 2132/1508 2133/854
f 2132/1508 3747/1506 3766/861
f 3747/1506 2958/1504 2959/863
f 2958/1504 2963/1503 2964/865
f 2963/1503 3046/1509 2964/865
f 2963/1503 3047/1510 3046/1509
f 3046/1509 3047/1510 3045/1511
f 3046/1509 3045/1511 3044/873
f 3052/866 3046/1509 3044/873
f 3047/1510 3049/1512 3045/1511
f 3043/874 3045/1511 3049/1512
f 3043/874 3049/1512 3028/1513
f 3074/1514 3028/1515 3049/1516
f 3048/1517 3074/1514 3049/1516
f 3048/1517 2593/1518 3074/1514
f 2593/1518 3075/1519 3074/1514
f 3075/1519 3029/1520 3074/1514
f 3075/1519 3030/1521 3029/1520
f 3027/1522 3029/1520 3030/1521
f 3027/1522 3030/1521 3031/1523
f 1311/1524 3027/1522 3031/1523
f 1311/1524 3031/1523 3015/1525
f 3015/1525 1266/1526 1311/1524
f 1311/1524 1266/1526 1312/1527
f 1311/1524 1312/1527 1313/1528
f 1313/1529 1312/1530 2264/1531
f 1313/1529 2264/1531 3040/878
f 3040/878 3026/1532 1313/1529
f 1313/1528 3026/1533 3027/1522
f 1312/1530 1101/1534 2264/1531
f 2997/879 2264/1531 1101/1534
f 2997/879 1101/1534 1317/1535
f 1318/1536 1317/1537 1101/1538
f 1318/1536 1101/1538 1100/1539
f 1100/1539 2989/1540 1318/1536
f 2990/1541 1318/1536 2989/1540
f 1123/1542 2990/1541 2989/1540
f 1123/1542 2989/1540 1124/1543
f 1122/1544 1123/1542 1124/1543
f 1122/1544 1124/1543 1121/1545
f 1121/1545 3017/1546 1122/1544
f 3021/1547 1122/1544 3017/1546
f 3022/1548 3021/1547 3017/1546
f 3022/1548 3017/1546 3010/1549
f 3023/1550 3022/1548 3010/1549
f 3023/1550 3010/1549 3009/1551
f 3023/1550 3009/1551 795/1552
f 3023/1550 795/1552 1092/1553
f 1763/1554 3023/1550 1092/1553
f 1763/1554 1092/1553 1125/1555
f 611/1556 1763/1554 1125/1555
f 611/1556 1125/1555 612/1557
f 612/1557 523/1558 611/1556
f 1208/1559 611/1556 523/1558
f 1207/1560 1208/1559 523/1558
f 1207/1560 523/1558 526/1561
f 1207/1560 526/1561 1197/1562
f 1207/1560 1197/1562 2629/1563
f 1839/1564 1207/1560 2629/1563
f 1839/1564 2629/1563 1840/1565
f 1823/1566 1839/1564 1840/1565
f 1823/1566 1840/1565 644/1567
f 644/1567 1335/1568 1823/1566
f 870/1569 1823/1566 1335/1568
f 870/1569 1335/1568 1489/1570
f 1489/1570 871/1571 870/1569
f 870/1569 871/1571 872/1572
f 870/1569 872/1572 873/1573
f 1316/1574 873/1573 872/1572
f 872/1572 1315/1575 1316/1574
f 1316/1574 1315/1575 1763/1554
f 872/1572 1314/1576 1315/1575
f 1314/1576 3022/1548 1315/1575
f 1316/1574 1208/1559 873/1573
f 1208/1559 1839/1564 873/1573
f 871/1571 1314/1576 872/1572
f 871/1571 1784/1577 1314/1576
f 1784/1577 3021/1547 1314/1576
f 1784/1577 1787/1578 3021/1547
f 1785/1579 1787/1578 1784/1577
f 1784/1577 2656/1580 1785/1579
f 1785/1579 2656/1580 1835/1581
f 1785/1579 1835/1581 1834/1582
f 1786/1583 1785/1579 1834/1582
f 1786/1583 1834/1582 3033/1584
f 1123/1542 1786/1583 3033/1584
f 3033/1584 1834/1582 1159/1585
f 3033/1584 1159/1585 1158/1586
f 2990/1541 3033/1584 1158/1586
f 2990/1541 1158/1586 1319/1587
f 1319/1587 1158/1586 1157/1588
f 1319/1587 1157/1588 2694/1589
f 1317/1537 1319/1587 2694/1589
f 922/1590 1317/1537 2694/1589
f 922/1590 2694/1589 895/1591
f 921/1592 922/1590 895/1591
f 921/1592 895/1591 894/1593
f 2667/902 921/1592 894/1593
f 2211/1594 921/1595 2667/899
f 2211/1594 2218/883 921/1595
f 894/1593 895/1591 896/1596
f 894/1593 896/1596 893/1597
f 2668/903 894/1593 893/1597
f 893/1597 896/1596 932/1598
f 893/1597 932/1598 931/1599
f 1328/905 893/1597 931/1599
f 931/1599 932/1598 933/1600
f 931/1599 933/1600 916/1601
f 915/909 931/1599 916/1601
f 916/1601 933/1600 1075/1602
f 916/1601 1075/1602 917/914
f 1075/1602 2657/1603 917/914
f 1075/1602 2658/1604 2657/1603
f 2658/1604 2647/1605 2657/1603
f 2647/1605 974/915 2657/1603
f 2647/1605 975/1606 974/915
f 975/1606 2647/1605 2648/1607
f 975/1606 2648/1607 1146/1608
f 975/1606 1146/1608 976/916
f 2648/1607 2646/1609 1146/1608
f 937/1610 1146/1608 2646/1609
f 937/1610 2646/1609 936/1611
f 936/1611 688/1612 937/1610
f 660/1613 937/1610 688/1612
f 1095/1614 660/1613 688/1612
f 1095/1614 688/1612 687/1615
f 1096/1616 1095/1614 687/1615
f 1096/1616 687/1615 1263/1617
f 1263/1617 1886/1618 1096/1616
f 1096/1616 1886/1618 1134/1619
f 1096/1616 1134/1619 661/1620
f 1134/1619 662/920 661/1620
f 659/1621 661/1620 662/920
f 659/1621 660/1613 661/1620
f 1886/1618 1131/1622 1134/1619
f 1131/1622 1033/921 1134/1619
f 1131/1622 985/1623 1033/921
f 1132/1624 985/1623 1131/1622
f 1132/1624 983/1625 985/1623
f 983/1625 984/1626 985/1623
f 985/1623 984/1626 1032/922
f 1119/1627 1032/922 984/1626
f 834/1628 1119/1627 984/1626
f 834/1628 984/1626 941/1629
f 941/1629 835/1630 834/1628
f 835/1630 837/1631 834/1628
f 834/1628 837/1631 1120/1632
f 837/1631 1846/1633 1120/1632
f 1120/1632 1846/1633 874/932
f 837/1631 27/1634 1846/1633
f 998/1635 1846/1633 27/1634
f 998/1635 27/1634 26/1636
f 998/1635 26/1636 999/936
f 25/1637 26/1636 27/1634
f 25/1637 27/1634 24/1638
f 617/940 25/1637 24/1638
f 618/938 26/1636 25/1637
f 875/934 1846/1633 998/1635
f 24/1638 27/1634 837/1631
f 24/1638 837/1631 836/1639
f 24/1638 836/1639 2665/1640
f 24/1638 2665/1640 2666/1641
f 2692/942 24/1638 2666/1641
f 2666/1641 2665/1640 1303/1642
f 2666/1641 1303/1642 1302/1643
f 2691/944 2666/1641 1302/1643
f 2691/944 1302/1643 1252/1644
f 1302/1643 1253/1645 1252/1644
f 850/1646 1252/1644 1253/1645
f 850/1646 1253/1645 851/1647
f 851/1647 853/1648 850/1646
f 2689/947 850/1646 853/1648
f 2689/947 853/1648 2688/1649
f 2688/1649 853/1648 1108/1650
f 2688/1649 1108/1650 1279/1651
f 2686/1652 2688/1649 1279/1651
f 2686/1652 1279/1651 1238/1653
f 1238/1653 2655/1654 2686/1652
f 2654/1655 2686/1652 2655/1654
f 2653/993 2654/1655 2655/1654
f 855/1656 2653/993 2655/1654
f 855/1656 2655/1654 1237/1657
f 1237/1657 744/1658 855/1656
f 855/1656 744/1658 856/996
f 743/1659 856/996 744/1658
f 742/1660 743/1659 744/1658
f 742/1660 744/1658 745/1661
f 745/1661 793/1010 742/1660
f 745/1661 792/1662 793/1010
f 1273/1663 792/1662 745/1661
f 1273/1663 745/1661 1239/1664
f 1273/1663 1239/1664 1280/1665
f 1273/1663 1280/1665 2703/1666
f 1829/1667 1273/1663 2703/1666
f 1829/1667 2703/1666 2701/1668
f 2701/1668 1883/1669 1829/1667
f 1883/1669 1885/1670 1829/1667
f 616/1671 1829/1667 1885/1670
f 616/1671 1885/1670 613/1672
f 614/1012 616/1671 613/1672
f 1885/1670 1209/1673 613/1672
f 1209/1673 867/1674 613/1672
f 613/1672 867/1674 869/1014
f 867/1674 868/1675 869/1014
f 867/1674 676/1676 868/1675
f 997/1677 868/1675 676/1676
f 997/1677 676/1676 679/1678
f 585/1679 997/1677 679/1678
f 585/1679 679/1678 558/1680
f 558/1680 586/1681 585/1679
f 586/1681 588/1682 585/1679
f 585/1679 588/1682 2210/1683
f 588/1682 3004/1684 2210/1683
f 2209/1685 2210/1683 3004/1684
f 2209/1685 3004/1684 3003/1686
f 3002/1687 2209/1685 3003/1686
f 3002/1687 3003/1686 2996/1688
f 3002/1687 2996/1688 2994/1689
f 2993/1690 3002/1687 2994/1689
f 2991/1691 2993/1690 2994/1689
f 2995/1692 2991/1691 2994/1689
f 1106/1693 2991/1691 2995/1692
f 1103/1694 1106/1693 2995/1692
f 1103/1694 2995/1692 3004/1684
f 3004/1684 2995/1692 2996/1688
f 1104/1695 1106/1693 1103/1694
f 587/1696 1104/1695 1103/1694
f 587/1696 1103/1694 588/1682
f 1287/1697 1104/1695 587/1696
f 790/1698 1287/1697 587/1696
f 790/1698 587/1696 586/1681
f 790/1698 586/1681 663/1699
f 790/1698 663/1699 791/1700
f 789/1701 790/1698 791/1700
f 789/1701 791/1700 788/1702
f 788/1702 1307/1703 789/1701
f 1307/1703 1286/1704 789/1701
f 789/1701 1286/1704 1287/1697
f 1286/1704 3006/1705 1287/1697
f 1286/1704 1931/1706 3006/1705
f 1931/1706 1059/1707 3006/1705
f 3006/1705 1059/1707 1105/1708
f 3006/1705 1105/1708 1104/1695
f 1058/1709 1105/1708 1059/1707
f 1057/1710 1058/1709 1059/1707
f 1057/1710 1059/1707 1055/1711
f 752/1712 1057/1710 1055/1711
f 752/1712 1055/1711 753/1713
f 751/1714 752/1712 753/1713
f 751/1714 753/1713 750/1715
f 665/1716 751/1714 750/1715
f 665/1716 750/1715 666/1717
f 665/1716 666/1717 667/1718
f 665/1716 667/1718 664/1719
f 2979/1720 665/1716 664/1719
f 2979/1720 664/1719 2999/1721
f 2999/1721 2978/1722 2979/1720
f 751/1714 2979/1720 2978/1722
f 2999/1721 3000/1723 2978/1722
f 3000/1723 1057/1710 2978/1722
f 3000/1723 2992/1724 1057/1710
f 3001/1725 2992/1724 3000/1723
f 2998/1726 3001/1725 3000/1723
f 3001/1725 2998/1726 3002/1687
f 3001/1725 2993/1690 2992/1724
f 2998/1726 3000/1723 2999/1721
f 926/1727 2998/1726 2999/1721
f 2998/1728 926/1729 958/1730
f 2998/1728 958/1730 3489/1731
f 2209/1732 2998/1728 3489/1731
f 2209/1732 3489/1731 3055/1733
f 3056/1734 2209/1732 3055/1733
f 2253/1735 3056/1734 3055/1733
f 2254/1736 2253/1735 3055/1733
f 2253/1735 2254/1736 2255/1737
f 2253/1735 2255/1737 2252/1738
f 3451/1739 2253/1735 2252/1738
f 3450/1740 3451/1739 2252/1738
f 3450/1740 2252/1738 1727/1741
f 3449/1742 3450/1740 1727/1741
f 3449/1742 1727/1741 2150/1743
f 3448/1744 3449/1742 2150/1743
f 3448/1744 2150/1743 1941/1745
f 3453/1746 3448/1744 1941/1745
f 3463/1747 3453/1746 1941/1745
f 3463/1747 1941/1745 1360/1748
f 3464/1749 3463/1747 1360/1748
f 3464/1749 1360/1748 3497/1750
f 3464/1749 3497/1750 463/1751
f 3464/1749 463/1751 3714/1752
f 3464/1749 3714/1752 3710/1753
f 3464/1749 3710/1753 3462/1754
f 3464/1749 3462/1754 3461/1755
f 3462/1754 3459/1756 3461/1755
f 3459/1756 3454/1757 3461/1755
f 3461/1755 3454/1757 3453/1746
f 3454/1757 3447/1758 3453/1746
f 3454/1757 3446/1759 3447/1758
f 3446/1759 3420/1760 3447/1758
f 3420/1760 3448/1744 3447/1758
f 3420/1760 3421/1761 3448/1744
f 3419/1762 3421/1761 3420/1760
f 3393/1763 3419/1762 3420/1760
f 3393/1763 3420/1760 3418/1764
f 3417/1765 3393/1763 3418/1764
f 3445/1766 3417/1765 3418/1764
f 3445/1766 3418/1764 3446/1759
f 3455/1767 3445/1766 3446/1759
f 3456/1768 3445/1766 3455/1767
f 3457/1769 3456/1768 3455/1767
f 3457/1769 3455/1767 3459/1756
f 3459/1756 3458/1770 3457/1769
f 3443/1771 3457/1769 3458/1770
f 3704/1772 3443/1771 3458/1770
f 3708/1773 3704/1772 3458/1770
f 3708/1773 3458/1770 3460/1774
f 3462/1754 3708/1773 3460/1774
f 3699/1775 3704/1772 3708/1773
f 3708/1773 3698/1776 3699/1775
f 3699/1775 3698/1776 3679/1777
f 3699/1775 3679/1777 3678/1778
f 3702/1779 3699/1775 3678/1778
f 3702/1779 3678/1778 3677/1780
f 3702/1779 3677/1780 3674/1781
f 3702/1779 3674/1781 3704/1772
f 3674/1781 3677/1780 3635/1782
f 3674/1781 3635/1782 3631/1783
f 3631/1783 3443/1771 3674/1781
f 3631/1783 3415/1784 3443/1771
f 3443/1771 3415/1784 3414/1785
f 3443/1771 3414/1785 3442/1786
f 3442/1786 3414/1785 3416/1787
f 3442/1786 3416/1787 3444/1788
f 3442/1786 3444/1788 3456/1768
f 3444/1788 3416/1787 3417/1765
f 3416/1787 3394/1789 3417/1765
f 3416/1787 3396/1790 3394/1789
f 3395/1791 3394/1789 3396/1790
f 3395/1791 3396/1790 3397/1792
f 3409/1793 3395/1791 3397/1792
f 3409/1793 3397/1792 3407/1794
f 3408/1795 3409/1793 3407/1794
f 3408/1795 3407/1794 3406/1796
f 3429/1797 3408/1795 3406/1796
f 3429/1797 3406/1796 3427/1798
f 3429/1797 3427/1798 2904/1799
f 3429/1797 2904/1799 2902/1800
f 3430/1801 3429/1797 2902/1800
f 3430/1801 2902/1800 2876/1802
f 2875/1803 3430/1801 2876/1802
f 2876/1802 2878/1804 2875/1803
f 2733/1805 2875/1803 2878/1804
f 2733/1805 2878/1804 2734/1806
f 2734/1806 2736/1807 2733/1805
f 3432/1808 2733/1805 2736/1807
f 2736/1807 3435/1809 3432/1808
f 3438/1810 3432/1808 3435/1809
f 3434/1811 3438/1810 3435/1809
f 2825/1812 3434/1811 3435/1809
f 2825/1812 3435/1809 2824/1813
f 2823/1814 2825/1812 2824/1813
f 2823/1814 2824/1813 2819/1815
f 3793/1816 2823/1817 2819/1818
f 3793/1816 2819/1818 3798/1819
f 2822/1820 3793/1816 3798/1819
f 2822/1820 3798/1819 2821/1821
f 2822/1820 2821/1821 2828/1822
f 2822/1820 2828/1822 2830/1823
f 2832/1824 2822/1820 2830/1823
f 2833/1825 2832/1824 2830/1823
f 2833/1825 2830/1823 2831/1826
f 2831/1826 2848/1827 2833/1825
f 2833/1825 2848/1827 2849/1828
f 2833/1825 2849/1828 2834/1829
f 2852/1830 2834/1829 2849/1828
f 2854/1831 2852/1830 2849/1828
f 2854/1831 2849/1828 2838/1832
f 2838/1832 2864/1833 2854/1831
f 2856/1834 2854/1831 2864/1833
f 2781/1835 2856/1836 2864/1837
f 2781/1835 2864/1837 2859/1838
f 2859/1838 2782/1839 2781/1835
f 2777/1840 2781/1835 2782/1839
f 2783/26 2777/1840 2782/1839
f 2783/26 2782/1839 2855/31
f 2857/1841 2855/31 2782/1839
f 2857/1841 2858/30 2855/31
f 2861/1842 2858/30 2857/1841
f 2843/1843 2861/1842 2857/1841
f 2843/1843 2857/1841 2859/1838
f 2837/1844 2843/1843 2859/1838
f 2843/1843 2837/1844 2836/1845
f 2843/1843 2836/1845 2842/1846
f 2842/1846 2836/1845 2840/1847
f 2842/1846 2840/1847 2727/1848
f 2860/1849 2842/1846 2727/1848
f 2860/1849 2727/1848 2726/1850
f 2862/27 2860/1849 2726/1850
f 2862/27 2726/1850 2732/17
f 2732/17 2726/1850 2725/1851
f 2732/17 2725/1851 2731/18
f 2731/18 2725/1851 2729/1852
f 2731/18 2729/1852 2709/4
f 2709/4 2729/1852 2873/1853
f 2709/4 2873/1853 2710/5
f 2943/1854 2710/5 2873/1853
f 2943/1854 2873/1853 2874/1855
f 2943/1854 2874/1855 2889/1856
f 2945/1857 2943/1854 2889/1856
f 2945/1857 2889/1856 2888/1858
f 2932/1859 2945/1857 2888/1858
f 2932/1859 2888/1858 2887/1860
f 2887/1860 2933/1861 2932/1859
f 2932/1859 2933/1861 2934/25
f 2932/1859 2934/25 2931/24
f 2942/19 2934/25 2933/1861
f 2942/19 2933/1861 2941/1862
f 3498/20 2942/19 2941/1862
f 3498/20 2941/1862 3501/1863
f 1852/1864 3498/20 3501/1863
f 1847/1865 1852/1864 3501/1863
f 1847/1865 3501/1863 3513/1866
f 1837/1867 1847/1865 3513/1866
f 1837/1867 3513/1866 3514/1868
f 1837/1869 3514/1870 3510/1871
f 1837/1869 3510/1871 1849/1872
f 1828/1873 1837/1869 1849/1872
f 1828/1873 1849/1872 1827/1874
f 1779/1875 1828/1873 1827/1874
f 1779/1875 1827/1874 1790/1876
f 1778/1877 1779/1875 1790/1876
f 1778/1877 1790/1876 1788/1878
f 1789/1879 1778/1877 1788/1878
f 1793/1880 1789/1879 1788/1878
f 1788/1878 1794/1881 1793/1880
f 1793/1880 1794/1881 1795/1882
f 1793/1880 1795/1882 1776/1883
f 1776/1883 1792/1884 1793/1880
f 1776/1883 1777/1885 1792/1884
f 1777/1885 1759/1886 1792/1884
f 1792/1884 1759/1886 1584/1887
f 1792/1884 1584/1887 1789/1879
f 1584/1887 1783/1888 1789/1879
f 1584/1887 1581/1889 1783/1888
f 1581/1890 1782/1891 1783/1892
f 1783/1892 1782/1891 1781/1893
f 1783/1892 1781/1893 1778/1894
f 1778/1894 1781/1893 1780/1895
f 1781/1893 1832/1896 1780/1895
f 1833/1897 1780/1895 1832/1896
f 1836/10 1833/1897 1832/1896
f 1836/10 1832/1896 1831/15
f 1862/1898 1831/15 1832/1896
f 1862/1898 1863/7 1831/15
f 1855/1899 1863/7 1862/1898
f 1782/1891 1855/1899 1862/1898
f 1766/1900 1855/1899 1782/1891
f 1766/1900 1765/1901 1855/1899
f 1855/1899 1765/1901 1574/1
f 1855/1899 1574/1 1861/3
f 1765/1901 1573/2 1574/1
f 1765/1901 1593/1902 1573/2
f 1593/1902 1595/22 1573/2
f 1593/1902 1589/1903 1595/22
f 1589/1903 1596/8 1595/22
f 1589/1903 1590/1904 1596/8
f 1590/1904 1747/9 1596/8
f 1590/1904 1745/1905 1747/9
f 1745/1905 1748/13 1747/9
f 1745/1905 1746/1906 1748/13
f 1746/1906 1743/16 1748/13
f 1746/1906 1742/1907 1743/16
f 1742/1907 1740/29 1743/16
f 1742/1907 1665/1908 1740/29
f 1665/1908 1666/11 1740/29
f 1665/1908 1660/1909 1666/11
f 1660/1909 1667/12 1666/11
f 1660/1909 1661/1910 1667/12
f 1661/1910 3515/32 1667/12
f 1661/1910 3550/1911 3515/32
f 3515/32 3550/1911 2778/1912
f 3515/32 2778/1912 2784/21
f 2784/21 2778/1912 2777/1840
f 2778/1912 2780/1913 2777/1840
f 2778/1912 2779/1914 2780/1913
f 2779/1914 2785/1915 2780/1913
f 2780/1913 2785/1915 2856/1836
f 2785/1916 2853/1917 2856/1834
f 2785/1916 2788/1918 2853/1917
f 2788/1918 2850/1919 2853/1917
f 2853/1917 2850/1919 2852/1830
f 2850/1919 2851/1920 2852/1830
f 2850/1919 2814/1921 2851/1920
f 2814/1921 2865/1922 2851/1920
f 2851/1920 2865/1922 2835/1923
f 2851/1920 2835/1923 2834/1829
f 2834/1829 2835/1923 2832/1824
f 2835/1923 2827/1924 2832/1824
f 2835/1923 2818/1925 2827/1924
f 2818/1925 3792/1926 2827/1924
f 3793/1816 2827/1924 3792/1926
f 2818/1925 3796/1927 3792/1926
f 3796/1927 2826/1928 3792/1926
f 2823/1817 3792/1926 2826/1928
f 3796/1927 2817/1929 2826/1928
f 2826/1930 2817/1931 2721/1932
f 2826/1930 2721/1932 2724/1933
f 2825/1812 2826/1930 2724/1933
f 2721/1932 2723/1934 2724/1933
f 2724/1933 2723/1934 3434/1811
f 2723/1934 3439/1935 3434/1811
f 2723/1934 3115/1936 3439/1935
f 3436/1937 3439/1935 3115/1936
f 3436/1937 3115/1936 3117/1938
f 3440/1939 3436/1937 3117/1938
f 3440/1939 3117/1938 3119/1940
f 2712/1941 3440/1939 3119/1940
f 2712/1941 3119/1940 3128/1942
f 2020/1943 2712/1941 3128/1942
f 2020/1943 3128/1942 3129/1944
f 2021/1945 2020/1943 3129/1944
f 2021/1945 3129/1944 3130/1946
f 3711/1947 2021/1945 3130/1946
f 3711/1947 3130/1946 3785/1948
f 3711/1947 3785/1948 3140/1949
f 3711/1947 3140/1949 3137/1950
f 3712/1951 3711/1947 3137/1950
f 3712/1951 3137/1950 3136/1952
f 3771/1953 3712/1951 3136/1952
f 3771/1953 3136/1952 2322/1954
f 3748/1955 3771/1953 2322/1954
f 3748/1955 2322/1954 2323/1956
f 3732/1957 3748/1955 2323/1956
f 3732/1957 2323/1956 3082/1958
f 3734/1959 3732/1957 3082/1958
f 3734/1959 3082/1958 3080/1960
f 3768/1961 3734/1959 3080/1960
f 3768/1961 3080/1960 3079/1962
f 3765/1963 3768/1961 3079/1962
f 3765/1963 3079/1962 3081/1964
f 3160/1965 3765/1963 3081/1964
f 2579/1966 3160/1965 3081/1964
f 2579/1966 3081/1964 2576/1967
f 2574/1968 2579/1966 2576/1967
f 2571/1969 2574/1968 2576/1967
f 2571/1969 2576/1967 2575/1970
f 2544/1971 2571/1969 2575/1970
f 2544/1971 2575/1970 2546/1972
f 2545/1973 2544/1971 2546/1972
f 3080/1960 2545/1973 2546/1972
f 2545/1973 2543/1974 2544/1971
f 2543/1974 2434/1975 2544/1971
f 2544/1971 2434/1975 2572/1976
f 2572/1977 2434/1978 2605/1979
f 2572/1977 2605/1979 2616/1980
f 2573/1981 2572/1977 2616/1980
f 2573/1981 2616/1980 2615/1982
f 2615/1982 2578/1983 2573/1981
f 2573/1984 2578/1985 2577/1986
f 2573/1984 2577/1986 2574/1968
f 2578/1985 2569/1987 2577/1986
f 2579/1966 2577/1986 2569/1987
f 2579/1966 2569/1987 2568/1988
f 2569/1987 2567/1989 2568/1988
f 2567/1989 3159/1990 2568/1988
f 2568/1988 3159/1990 3160/1965
f 3159/1990 3764/1991 3160/1965
f 3159/1990 3709/1992 3764/1991
f 3709/1992 2190/1993 3764/1991
f 3764/1991 2190/1993 1983/1994
f 3764/1991 1983/1994 3765/1963
f 2190/1993 1984/1995 1983/1994
f 1984/1995 1986/1996 1983/1994
f 1983/1994 1986/1996 3768/1961
f 1984/1995 1985/1997 1986/1996
f 1985/1997 2181/1998 1986/1996
f 1986/1996 2181/1998 3734/1959
f 1985/1997 2182/1999 2181/1998
f 2182/1999 2184/2000 2181/1998
f 2181/1998 2184/2000 3732/1957
f 2182/1999 2183/2001 2184/2000
f 2183/2001 2321/2002 2184/2000
f 2184/2000 2321/2002 3748/1955
f 2183/2001 2401/2003 2321/2002
f 2401/2003 2185/2004 2321/2002
f 2321/2002 2185/2004 3771/1953
f 2401/2003 2186/2005 2185/2004
f 2186/2005 2018/2006 2185/2004
f 2185/2004 2018/2006 3712/1951
f 2186/2005 2019/2007 2018/2006
f 2018/2006 2019/2007 2020/1943
f 2711/2008 2020/1943 2019/2007
f 2400/2009 2711/2008 2019/2007
f 3477/2010 2711/2008 2400/2009
f 3482/1027 3477/2010 2400/2009
f 3482/1027 2400/2009 2402/2011
f 2186/2005 2402/2011 2400/2009
f 3477/2010 3476/2012 2711/2008
f 3476/2012 2712/1941 2711/2008
f 3476/2012 3473/2013 2712/1941
f 3474/2014 3473/2013 3476/2012
f 3478/2015 3474/2014 3476/2012
f 3479/2016 3474/2014 3478/2015
f 3481/1024 3479/2016 3478/2015
f 3479/2016 3475/2017 3474/2014
f 3475/2017 3472/2018 3474/2014
f 3475/2017 3471/2019 3472/2018
f 3471/2019 3468/2020 3472/2018
f 3472/2018 3468/2020 3441/2021
f 3472/2018 3441/2021 3473/2013
f 3473/2013 3441/2021 3440/1939
f 3468/2020 3437/2022 3441/2021
f 3441/2021 3437/2022 3436/1937
f 3468/2020 3467/2023 3437/2022
f 3467/2023 3438/1810 3437/2022
f 3437/2022 3438/1810 3439/1935
f 3467/2023 3470/2024 3438/1810
f 3470/2024 3467/2023 3466/2025
f 3470/2024 3466/2025 3465/2026
f 3470/2024 3465/2026 3433/2027
f 3470/2024 3433/2027 3432/1808
f 3465/2026 3431/2028 3433/2027
f 2875/1803 3433/2027 3431/2028
f 3465/2026 3412/2029 3431/2028
f 3431/2028 3412/2029 3410/2030
f 3431/2028 3410/2030 3430/1801
f 3430/1801 3410/2030 3408/1795
f 3412/2029 3411/2031 3410/2030
f 3410/2030 3411/2031 3409/1793
f 3412/2029 3413/2032 3411/2031
f 3392/2033 3411/2031 3413/2032
f 3392/2033 3413/2032 3480/2034
f 3419/1762 3392/2033 3480/2034
f 3390/2035 3419/1762 3480/2034
f 3390/2035 3480/2034 3391/2036
f 3388/2037 3390/2035 3391/2036
f 3388/2037 3391/2036 3389/2038
f 3386/2039 3388/2037 3389/2038
f 3386/2039 3389/2038 3387/2040
f 3384/2041 3386/2039 3387/2040
f 3384/2041 3387/2040 3385/1023
f 3385/1023 3387/2040 3479/2016
f 3386/2039 3384/2041 3424/2042
f 3386/2039 3424/2042 3423/2043
f 3423/2043 3424/2042 3451/1739
f 3424/2042 3452/2044 3451/1739
f 3424/2042 3425/2045 3452/2044
f 3425/2045 3056/1734 3452/2044
f 3425/2045 3184/1019 3056/1734
f 3184/1019 868/2046 3056/1734
f 3384/2041 3425/2045 3424/2042
f 3384/2041 3383/1022 3425/2045
f 3387/2040 3389/2038 3475/2017
f 3388/2037 3386/2039 3423/2043
f 3388/2037 3423/2043 3422/2047
f 3422/2047 3423/2043 3450/1740
f 3389/2038 3391/2036 3471/2019
f 3469/2048 3471/2019 3391/2036
f 3390/2035 3388/2037 3422/2047
f 3390/2035 3422/2047 3421/1761
f 3421/1761 3422/2047 3449/1742
f 3469/2048 3391/2036 3480/2034
f 3466/2025 3469/2048 3480/2034
f 3466/2025 3480/2034 3413/2032
f 3411/2031 3392/2033 3395/1791
f 3465/2026 3413/2032 3412/2029
f 3465/2026 3466/2025 3413/2032
f 3467/2023 3469/2048 3466/2025
f 3467/2023 3468/2020 3469/2048
f 3471/2019 3469/2048 3468/2020
f 3389/2038 3471/2019 3475/2017
f 3387/2040 3475/2017 3479/2016
f 3474/2014 3472/2018 3473/2013
f 3478/2015 3476/2012 3477/2010
f 3483/1025 3478/2015 3477/2010
f 2400/2009 2019/2007 2186/2005
f 2186/2005 2401/2003 2402/2011
f 2707/1030 2402/2011 2401/2003
f 2707/1030 2401/2003 2183/2001
f 2708/1031 2183/2001 2182/1999
f 3163/1033 2182/1999 1985/1997
f 3162/1035 1985/1997 1984/1995
f 2190/1993 2189/2049 1984/1995
f 3161/1037 1984/1995 2189/2049
f 2169/2050 2189/2049 2190/1993
f 2169/2050 2168/2051 2189/2049
f 3157/1039 2189/2049 2168/2051
f 3156/2052 3157/1039 2168/2051
f 3156/2052 2168/2051 2167/2053
f 2610/2054 3156/2052 2167/2053
f 2610/2054 2167/2053 2611/2055
f 2609/2056 2610/2054 2611/2055
f 2609/2056 2611/2055 2199/2057
f 3174/2058 2609/2056 2199/2057
f 3174/2058 2199/2057 2198/2059
f 3783/2060 3174/2058 2198/2059
f 3783/2060 2198/2059 3719/2061
f 2187/2062 3783/2060 3719/2061
f 2187/2062 3719/2061 2091/2063
f 2091/2063 2188/2064 2187/2062
f 2187/2062 2188/2064 2002/2065
f 2187/2062 2002/2065 2001/2066
f 2001/2066 2002/2065 2003/2067
f 2001/2066 2003/2067 2004/2068
f 2004/2068 3749/2069 2001/2066
f 2001/2066 3749/2069 3783/2060
f 2004/2068 3752/2070 3749/2069
f 3752/2070 3173/2071 3749/2069
f 3749/2069 3173/2071 3174/2058
f 3752/2070 3172/2072 3173/2071
f 3172/2072 3071/2073 3173/2071
f 3173/2071 3071/2073 2609/2056
f 3172/2072 3166/2074 3071/2073
f 2954/2075 3071/2073 3166/2074
f 2954/2075 3166/2074 2955/2076
f 2953/1040 2954/2075 2955/2076
f 2953/1040 2955/2076 2952/2077
f 2952/2077 2955/2076 2957/1051
f 2955/2076 3164/2078 2957/1051
f 2954/2075 2953/1040 3156/2052
f 2955/2076 3166/2074 3164/2078
f 3171/2079 3164/2078 3166/2074
f 3170/1055 3164/2078 3171/2079
f 2610/2054 3071/2073 2954/2075
f 3171/2079 3166/2074 3172/2072
f 3756/2080 3171/2079 3172/2072
f 3779/1057 3171/2079 3756/2080
f 3756/2080 3172/2072 3752/2070
f 2130/2081 3756/2080 3752/2070
f 2201/1059 3756/2080 2130/2081
f 2130/2081 2202/2082 2201/1059
f 2130/2081 2129/2083 2202/2082
f 3569/2084 2202/2082 2129/2083
f 3569/2084 2129/2083 3520/2085
f 3569/2084 3520/2085 632/1081
f 576/2086 632/1081 3520/2085
f 576/2086 3520/2085 3555/2087
f 3555/2087 575/2088 576/2086
f 574/1085 576/2086 575/2088
f 3555/2087 3521/2089 575/2088
f 3521/2089 693/2090 575/2088
f 692/1087 575/2088 693/2090
f 3521/2089 3506/2091 693/2090
f 3506/2091 627/2092 693/2090
f 628/1089 693/2090 627/2092
f 3506/2091 3551/2093 627/2092
f 3551/2093 626/2094 627/2092
f 629/1091 627/2092 626/2094
f 626/2094 3879/2095 629/1091
f 626/2094 3877/2096 3879/2095
f 3877/2096 673/2097 3879/2095
f 3879/2095 673/2097 3864/2098
f 3879/2095 3864/2098 3914/1092
f 673/2097 3869/2099 3864/2098
f 3864/2098 3869/2099 2136/2100
f 3864/2098 2136/2100 2135/1094
f 3869/2099 3850/2101 2136/2100
f 2136/2100 3850/2101 3860/2102
f 2136/2100 3860/2102 28/1096
f 3850/2101 1447/2103 3860/2102
f 3860/2102 1447/2103 1443/2104
f 3860/2102 1443/2104 3848/2105
f 3860/2102 3848/2105 1449/1098
f 1443/2104 3849/2106 3848/2105
f 3848/2105 3849/2106 1450/1100
f 1226/2107 1450/1101 3849/2108
f 1226/2107 3849/2108 3855/2109
f 1014/2110 1226/2107 3855/2109
f 1014/2110 3855/2109 3858/2111
f 3858/2111 1013/1157 1014/2110
f 3858/2111 3855/2109 1470/2112
f 3858/2111 1470/2112 1453/2113
f 3858/2111 1453/2113 1451/2114
f 3858/2111 1451/2114 3859/1159
f 1453/2113 1452/2115 1451/2114
f 1452/2115 1349/1160 1451/2114
f 1452/2115 1350/2116 1349/1160
f 1349/1160 1350/2116 1348/2117
f 1367/2118 1348/2117 1350/2116
f 1454/2119 1367/2118 1350/2116
f 1454/2119 1445/2120 1367/2118
f 1415/2121 1367/2118 1445/2120
f 1415/2121 1445/2120 1446/2122
f 1414/2123 1415/2124 1446/2125
f 1414/2123 1446/2125 1448/2126
f 2119/2127 1414/2123 1448/2126
f 2122/2128 2119/2127 1448/2126
f 2122/2128 1448/2126 1447/2103
f 3881/2129 2119/2127 2122/2128
f 3913/2130 3881/2129 2122/2128
f 3913/2130 2122/2128 3850/2101
f 3852/2131 3881/2129 3913/2130
f 674/2132 3852/2131 3913/2130
f 674/2132 3913/2130 3869/2099
f 675/2133 3852/2131 674/2132
f 672/2134 675/2133 674/2132
f 672/2134 674/2132 673/2097
f 675/2133 672/2134 3541/2135
f 675/2133 3541/2135 3496/2136
f 3496/2136 3851/2137 675/2133
f 3496/2136 3705/2138 3851/2137
f 3705/2138 714/2139 3851/2137
f 3851/2137 714/2139 715/2140
f 3851/2137 715/2140 3852/2131
f 714/2139 716/2141 715/2140
f 715/2140 716/2141 3888/2142
f 715/2140 3888/2142 3881/2129
f 716/2141 3887/2143 3888/2142
f 3888/2142 3887/2143 2120/2144
f 3888/2142 2120/2144 2119/2127
f 3902/2145 2120/2144 3887/2143
f 705/2146 3902/2145 3887/2143
f 705/2146 3887/2143 2121/2147
f 705/2146 2121/2147 1650/2148
f 705/2146 1650/2148 704/2149
f 698/2150 705/2146 704/2149
f 698/2150 704/2149 703/2151
f 3831/2152 698/2150 703/2151
f 3842/2153 3831/2152 703/2151
f 3842/2153 703/2151 739/2154
f 3843/2155 3842/2153 739/2154
f 3843/2155 739/2154 740/2156
f 3843/2155 740/2156 1896/2157
f 3843/2155 1896/2157 3815/2158
f 1644/1313 3843/2155 3815/2158
f 3815/2158 1896/2157 1686/2159
f 3815/2158 1686/2159 3817/2160
f 2118/1314 3815/2158 3817/2160
f 3817/2160 1686/2159 1685/2161
f 3817/2160 1685/2161 3812/2162
f 2117/1316 3817/2160 3812/2162
f 3812/2162 1685/2161 1758/2163
f 3812/2162 1758/2163 3835/2164
f 2069/1317 3812/2162 3835/2164
f 2069/1317 3835/2164 2068/2165
f 2067/2166 2069/1317 2068/2165
f 1825/2167 2067/2166 2068/2165
f 1825/2167 2068/2165 1824/2168
f 1824/2169 1649/2170 1825/2171
f 1647/2172 1825/2171 1649/2170
f 3832/2173 1647/2172 1649/2170
f 3832/2173 1649/2170 3830/2174
f 1646/2175 3832/2173 3830/2174
f 1646/2175 3830/2174 1648/2176
f 760/2177 1646/2175 1648/2176
f 760/2177 1648/2176 488/2178
f 759/2179 760/2177 488/2178
f 759/2179 488/2178 489/2180
f 776/2181 759/2179 489/2180
f 774/2182 776/2181 489/2180
f 774/2182 489/2180 486/2183
f 771/2184 774/2182 486/2183
f 771/2184 486/2183 483/2185
f 771/2184 483/2185 484/2186
f 771/2184 484/2186 492/2187
f 492/2187 475/2188 771/2184
f 492/2187 474/2189 475/2188
f 473/2190 475/2188 474/2189
f 474/2189 769/2191 473/2190
f 769/2191 2171/2192 473/2190
f 2171/2192 476/2193 473/2190
f 2171/2192 2165/2194 476/2193
f 773/2195 476/2193 2165/2194
f 468/2196 773/2195 2165/2194
f 467/2197 468/2196 2165/2194
f 2165/2194 2164/2198 467/2197
f 764/2199 467/2197 2164/2198
f 2164/2198 756/2200 764/2199
f 495/2201 764/2199 756/2200
f 758/2202 495/2201 756/2200
f 3577/2203 758/2202 756/2200
f 3577/2203 756/2200 2170/2204
f 2172/2205 3577/2203 2170/2204
f 2172/2205 2170/2204 2171/2192
f 763/2206 3577/2203 2172/2205
f 763/2206 2172/2205 2175/2207
f 763/2206 2175/2207 2174/2208
f 763/2206 2174/2208 762/2209
f 757/2210 763/2206 762/2209
f 757/2210 762/2209 761/2211
f 495/2201 757/2210 761/2211
f 495/2201 761/2211 494/2212
f 493/2213 495/2201 494/2212
f 479/2214 493/2213 494/2212
f 494/2212 471/2215 479/2214
f 472/2216 479/2214 471/2215
f 472/2216 471/2215 470/2217
f 472/2216 470/2217 469/2218
f 1681/2219 472/2216 469/2218
f 1681/2219 469/2218 1683/2220
f 1681/2219 1683/2220 1682/2221
f 3811/2222 1681/2219 1682/2221
f 3811/2222 1682/2221 3846/2223
f 1680/2224 3811/2222 3846/2223
f 1680/2224 3846/2223 1684/2225
f 1680/2224 1684/2225 1678/2226
f 1680/2224 1678/2226 1679/2227
f 1679/2227 1618/2228 1680/2224
f 3814/2229 1680/2224 1618/2228
f 3819/2230 3814/2229 1618/2228
f 3819/2230 1618/2228 1611/2231
f 3818/2232 3819/2230 1611/2231
f 3818/2232 1611/2231 1609/2233
f 1647/2172 3818/2232 1609/2233
f 1609/2233 2066/2234 1647/2172
f 1609/2233 1610/2235 2066/2234
f 2065/2236 2066/2237 1610/2238
f 2065/2236 1610/2238 1607/2239
f 2065/2236 1607/2239 2060/1322
f 1610/2238 1608/2240 1607/2239
f 2058/2241 1607/2239 1608/2240
f 2058/2242 1608/2243 1612/2244
f 1619/2245 2058/2242 1612/2244
f 1619/2245 1612/2244 1611/2231
f 1613/2246 1619/2245 1611/2231
f 1619/2245 1613/2246 1625/2247
f 1619/2245 1625/2247 1624/2248
f 1624/2249 1625/2250 1673/2251
f 1624/2249 1673/2251 1672/2252
f 1672/2252 1605/2253 1624/2249
f 2058/2242 1624/2248 1605/2254
f 2058/2241 1605/2253 1606/2255
f 2058/2241 1606/2255 2059/1324
f 1601/2256 1606/2255 1605/2253
f 1601/2256 1605/2253 1604/2257
f 1604/2257 1602/2258 1601/2256
f 1601/2256 1602/2258 2078/1329
f 1604/2257 1603/2259 1602/2258
f 1603/2259 1586/2260 1602/2258
f 1602/2258 1586/2260 2079/1331
f 1586/2260 2080/2261 2079/1331
f 1586/2260 1587/2262 2080/2261
f 1587/2262 3671/2263 2080/2261
f 2080/2261 3671/2263 3666/2264
f 2080/2261 3666/2264 2082/1332
f 3671/2263 3667/2265 3666/2264
f 3666/2264 3667/2265 3673/1337
f 3671/2263 3668/2266 3667/2265
f 3668/2266 3717/2267 3667/2265
f 3667/2265 3717/2267 3718/1339
f 3668/2266 3725/2268 3717/2267
f 3716/2269 3717/2267 3725/2268
f 3716/2269 3725/2268 3715/2270
f 3630/2271 3716/2269 3715/2270
f 3630/2271 3715/2270 3629/2272
f 3629/2272 3627/2273 3630/2271
f 3630/2271 3627/2273 3594/2274
f 3630/2271 3594/2274 3741/1343
f 3638/2275 3741/1343 3594/2274
f 3638/2275 3594/2274 3595/2276
f 3644/2277 3638/2275 3595/2276
f 3644/2277 3595/2276 3637/2278
f 3679/1777 3644/2277 3637/2278
f 3679/1777 3680/2279 3644/2277
f 3681/2280 3644/2277 3680/2279
f 3696/2281 3681/2280 3680/2279
f 3698/1776 3696/2281 3680/2279
f 3710/1753 3696/2281 3698/1776
f 3696/2281 564/2282 3681/2280
f 650/1366 3681/2280 564/2282
f 3714/1752 564/2282 3696/2281
f 3681/2280 3645/2283 3644/2277
f 3682/1364 3645/2283 3681/2280
f 3636/2284 3637/2278 3595/2276
f 3636/2284 3595/2276 3596/2285
f 3635/1782 3636/2284 3596/2285
f 3635/1782 3596/2285 3599/2286
f 3597/2287 3599/2286 3596/2285
f 3594/2274 3597/2287 3596/2285
f 3597/2287 3600/2288 3599/2286
f 3601/2289 3599/2286 3600/2288
f 3601/2289 3600/2288 3602/2290
f 3400/2291 3601/2289 3602/2290
f 3400/2291 3602/2290 3401/2292
f 3400/2291 3401/2292 3399/2293
f 3400/2291 3399/2293 3398/2294
f 3415/1784 3400/2291 3398/2294
f 3398/2294 3399/2293 3397/1792
f 3404/2295 3399/2293 3401/2292
f 3404/2295 3401/2292 3405/2296
f 3403/2297 3404/2295 3405/2296
f 3403/2297 3405/2296 3402/2298
f 3428/2299 3403/2297 3402/2298
f 3428/2299 3402/2298 3488/2300
f 2947/2301 3428/2299 3488/2300
f 2947/2301 3488/2300 3500/2302
f 3500/2302 2948/2303 2947/2301
f 2903/2304 2947/2301 2948/2303
f 3799/2305 2903/2306 2948/2307
f 3799/2305 2948/2307 3801/2308
f 2905/2309 3799/2305 3801/2308
f 2905/2309 3801/2308 2950/2310
f 2906/2311 2905/2309 2950/2310
f 2906/2311 2950/2310 2949/2312
f 2907/2313 2906/2311 2949/2312
f 2907/2313 2949/2312 2940/2314
f 2940/2314 2908/2315 2907/2313
f 2907/2313 2908/2315 2897/2316
f 2907/2313 2897/2316 2898/2317
f 2898/2317 2897/2316 2896/2318
f 2898/2317 2896/2318 2883/2319
f 2899/2320 2898/2317 2883/2319
f 2899/2320 2883/2319 2882/2321
f 2900/2322 2899/2320 2882/2321
f 2900/2322 2882/2321 2879/2323
f 3797/2324 2900/2322 2879/2323
f 3797/2324 2879/2323 3807/2325
f 2901/2326 3797/2324 3807/2325
f 2901/2326 3807/2325 2877/2327
f 2876/1802 2901/2328 2877/2329
f 2877/2327 3807/2325 3806/2330
f 2877/2327 3806/2330 2878/2331
f 3797/2324 2901/2326 2903/2306
f 2901/2328 2904/1799 2903/2304
f 3806/2330 3807/2325 2879/2323
f 3806/2330 2879/2323 2880/2332
f 3806/2330 2880/2332 2872/2333
f 3806/2330 2872/2333 3794/2334
f 2734/2335 3806/2330 3794/2334
f 3794/2334 2735/2336 2734/2335
f 3794/2334 3800/2337 2735/2336
f 2819/1818 2735/2336 3800/2337
f 2820/2338 3800/2337 3794/2334
f 3798/1819 3800/2337 2820/2338
f 2820/2338 3794/2334 2872/2333
f 2872/2333 2713/2339 2820/2338
f 2821/1821 2820/2338 2713/2339
f 2872/2333 2714/2340 2713/2339
f 2714/2340 2716/2341 2713/2339
f 2713/2339 2716/2341 2829/2342
f 2713/2339 2829/2342 2828/1822
f 2828/1822 2829/2342 2831/1826
f 2829/2342 2847/2343 2831/1826
f 2829/2342 2846/2344 2847/2343
f 2846/2344 2841/2345 2847/2343
f 2847/2343 2841/2345 2839/2346
f 2847/2343 2839/2346 2848/1827
f 2848/1827 2839/2346 2838/1832
f 2837/2347 2838/1832 2839/2346
f 2836/2348 2839/2346 2841/2345
f 2846/2344 2845/2349 2841/2345
f 2840/2350 2841/2345 2845/2349
f 2840/2350 2845/2349 2844/2351
f 2718/2352 2844/2351 2845/2349
f 2718/2352 2845/2349 2719/2353
f 2717/2354 2718/2352 2719/2353
f 2717/2354 2719/2353 2720/2355
f 2890/2356 2717/2354 2720/2355
f 2890/2356 2720/2355 2892/2357
f 2885/2358 2890/2356 2892/2357
f 2885/2358 2892/2357 2891/2359
f 2893/2360 2885/2358 2891/2359
f 2897/2316 2893/2360 2891/2359
f 2893/2360 2886/2361 2885/2358
f 2885/2362 2886/2363 2887/1860
f 2886/2363 2937/2364 2887/1860
f 2886/2363 2930/2365 2937/2364
f 2930/2365 2936/2366 2937/2364
f 2941/1862 2937/2364 2936/2366
f 2930/2365 2935/2367 2936/2366
f 2935/2367 3513/1866 2936/2366
f 2938/2368 2935/2369 2930/2370
f 2938/2368 2930/2370 2929/2371
f 2939/2372 2938/2368 2929/2371
f 2939/2372 2929/2371 2908/2315
f 2908/2315 2929/2371 2893/2360
f 3505/2373 2938/2368 2939/2372
f 3507/2374 3505/2373 2939/2372
f 3507/2374 2939/2372 2940/2314
f 2940/2314 3504/2375 3507/2374
f 1851/2376 3507/2374 3504/2375
f 1851/2376 3504/2375 1866/2377
f 1804/2378 1851/2376 1866/2377
f 1804/2378 1866/2377 1803/2379
f 1795/1882 1804/2378 1803/2379
f 1795/1882 1803/2379 1796/2380
f 1796/2380 1803/2379 1802/2381
f 1796/2380 1802/2381 1797/2382
f 1775/2383 1796/2380 1797/2382
f 1775/2383 1797/2382 1771/2384
f 1774/2385 1775/2383 1771/2384
f 1774/2385 1771/2384 1772/2386
f 1578/2387 1774/2385 1772/2386
f 1578/2387 1772/2386 1764/2388
f 1577/2389 1578/2387 1764/2388
f 1577/2389 1764/2388 1703/2390
f 1704/2391 1577/2389 1703/2390
f 3921/2392 1704/2391 1703/2390
f 3921/2392 1703/2390 3923/2393
f 1702/2394 3921/2392 3923/2393
f 1702/2394 3923/2393 1599/2395
f 1707/2396 1702/2397 1599/2398
f 1707/2396 1599/2398 1600/2399
f 3665/2400 1707/2396 1600/2399
f 3665/2400 1600/2399 3661/2401
f 3668/2266 3665/2400 3661/2401
f 3664/2402 3665/2400 3668/2266
f 1708/2403 3665/2400 3664/2402
f 1588/2404 1708/2403 3664/2402
f 1588/2404 3664/2402 1587/2262
f 1585/2405 1588/2404 1587/2262
f 1709/2406 1588/2404 1585/2405
f 1709/2406 1585/2405 1700/2407
f 3919/2408 1709/2409 1700/2410
f 1700/2410 3918/2411 3919/2408
f 3919/2408 3918/2411 1698/2412
f 3919/2408 1698/2412 1701/2413
f 1701/2413 3915/2414 3919/2408
f 1701/2413 1710/2415 3915/2414
f 1710/2415 3916/2416 3915/2414
f 3915/2414 3916/2416 1706/2417
f 3915/2414 1706/2417 1709/2409
f 1709/2406 1706/2418 1708/2403
f 1706/2418 1707/2396 1708/2403
f 3916/2416 1702/2394 1706/2417
f 1710/2415 1705/2419 3916/2416
f 1705/2419 3921/2392 3916/2416
f 1715/2420 1705/2419 1710/2415
f 1718/2421 1715/2420 1710/2415
f 1717/2422 1715/2420 1718/2421
f 1736/2423 1717/2422 1718/2421
f 1736/2423 1718/2421 1750/2424
f 1697/2425 1736/2423 1750/2424
f 1697/2425 1750/2424 1696/2426
f 1696/2426 1695/2427 1697/2425
f 1751/2428 1697/2425 1695/2427
f 1695/2427 1752/2429 1751/2428
f 1751/2428 1752/2429 1670/2430
f 1751/2428 1670/2430 1671/2431
f 1671/2431 1735/2432 1751/2428
f 1671/2431 1738/2433 1735/2432
f 1738/2433 1737/2434 1735/2432
f 1735/2432 1737/2434 1736/2423
f 1738/2433 1739/2435 1737/2434
f 1739/2435 1734/2436 1737/2434
f 1737/2434 1734/2436 1717/2422
f 1734/2436 1716/2437 1717/2422
f 1734/2436 1733/2438 1716/2437
f 1733/2438 1714/2439 1716/2437
f 1716/2437 1714/2439 1713/2440
f 1716/2437 1713/2440 1715/2420
f 1714/2439 1711/2441 1713/2440
f 1705/2419 1713/2440 1711/2441
f 1705/2419 1711/2441 1704/2391
f 1714/2439 1712/2442 1711/2441
f 1712/2442 1577/2389 1711/2441
f 1712/2442 1580/2443 1577/2389
f 1712/2442 1731/2444 1580/2443
f 1731/2444 1579/2445 1580/2443
f 1580/2443 1579/2445 1578/2387
f 1731/2444 1759/1886 1579/2445
f 1732/2446 1731/2444 1712/2442
f 1724/2447 1731/2444 1732/2446
f 1722/2448 1724/2447 1732/2446
f 1722/2448 1732/2446 1733/2438
f 1721/2449 1722/2448 1733/2438
f 1722/2448 1721/2449 1720/2450
f 1722/2448 1720/2450 1719/2451
f 1719/2452 1720/2453 1726/2454
f 1719/2452 1726/2454 1725/2455
f 1723/2456 1719/2452 1725/2455
f 1723/2456 1725/2455 1591/2457
f 1729/2458 1723/2456 1591/2457
f 1729/2458 1591/2457 1592/2459
f 1594/2460 1729/2458 1592/2459
f 1594/2460 1592/2459 1589/1903
f 1594/2460 1582/2461 1729/2458
f 1582/2462 1730/2463 1729/2464
f 1582/2462 1583/2465 1730/2463
f 1731/2444 1730/2463 1583/2465
f 1584/1887 1731/2444 1583/2465
f 1581/1889 1583/2465 1582/2462
f 1766/1900 1581/1890 1582/2461
f 1766/1900 1582/2461 1594/2460
f 1766/1900 1594/2460 1593/1902
f 1592/2459 1591/2457 1590/1904
f 1730/2463 1723/2466 1729/2464
f 1730/2463 1724/2447 1723/2466
f 1591/2457 1725/2455 1745/1905
f 1724/2447 1719/2451 1723/2466
f 1725/2455 1726/2454 1746/1906
f 1720/2453 1744/2467 1726/2454
f 1726/2454 1744/2467 1742/1907
f 1720/2453 1749/2468 1744/2467
f 1664/2469 1744/2467 1749/2468
f 1664/2469 1749/2468 1741/2470
f 1663/2471 1664/2469 1741/2470
f 1663/2471 1741/2470 1668/2472
f 1668/2472 1662/2473 1663/2471
f 1663/2471 1662/2473 1661/1910
f 1668/2472 1669/2474 1662/2473
f 1669/2474 3548/2475 1662/2473
f 1662/2473 3548/2475 3550/1911
f 3550/1911 3548/2475 2779/1914
f 3548/2475 2786/2476 2779/1914
f 3548/2475 3534/2477 2786/2476
f 3534/2478 2787/2479 2786/2480
f 2786/2480 2787/2479 2788/1918
f 2866/2481 2788/1918 2787/2479
f 2866/2481 2787/2479 2867/2482
f 2812/2483 2866/2481 2867/2482
f 2812/2483 2867/2482 2775/2484
f 2811/2485 2812/2483 2775/2484
f 2811/2485 2775/2484 2776/2486
f 2804/2487 2811/2485 2776/2486
f 2804/2487 2776/2486 2805/2488
f 2805/2488 3803/2489 2804/2487
f 3805/2490 2804/2487 3803/2489
f 2808/2491 3805/2490 3803/2489
f 2808/2491 3803/2489 2807/2492
f 3492/2493 2808/2494 2807/2495
f 3492/2493 2807/2495 3493/2496
f 2791/2497 3492/2493 3493/2496
f 2791/2497 3493/2496 2792/2498
f 2792/2498 2794/2499 2791/2497
f 2791/2497 2794/2499 2753/2500
f 2791/2497 2753/2500 2790/2501
f 2790/2501 2753/2500 2752/2502
f 2790/2501 2752/2502 2789/2503
f 3491/2504 2790/2501 2789/2503
f 3491/2504 2789/2503 3490/2505
f 2816/2506 3491/2504 3490/2505
f 2816/2506 3490/2505 2817/1931
f 2817/1929 3795/2507 2816/2508
f 3805/2490 2816/2508 3795/2507
f 2809/2509 3805/2490 3795/2507
f 2809/2509 3795/2507 2815/2510
f 2813/2511 2809/2509 2815/2510
f 2813/2511 2815/2510 2865/1922
f 2865/1922 2815/2510 2818/1925
f 2809/2509 2813/2511 2811/2485
f 3796/1927 2815/2510 3795/2507
f 2808/2494 3491/2504 2816/2506
f 3490/2505 2789/2503 2740/2512
f 3490/2505 2740/2512 2739/2513
f 3490/2505 2739/2513 2721/1932
f 2722/2514 2721/1932 2739/2513
f 2722/2514 2739/2513 2738/2515
f 3114/2516 2722/2514 2738/2515
f 3114/2516 2738/2515 3113/2517
f 3116/2518 3114/2516 3113/2517
f 3116/2518 3113/2517 3120/2519
f 3118/2520 3116/2518 3120/2519
f 3118/2520 3120/2519 3121/2521
f 3125/2522 3118/2520 3121/2521
f 3125/2522 3121/2521 3126/2523
f 3124/2524 3125/2522 3126/2523
f 3124/2524 3126/2523 3127/2525
f 3134/2526 3124/2524 3127/2525
f 3134/2526 3127/2525 3135/2527
f 3134/2526 3135/2527 3744/2528
f 3134/2526 3744/2528 3745/2529
f 3785/1948 3134/2526 3745/2529
f 3785/1948 3745/2529 3138/2530
f 3745/2529 3139/2531 3138/2530
f 3138/2530 3139/2531 2542/2532
f 3138/2530 2542/2532 2539/2533
f 3140/1949 3138/2530 2539/2533
f 3140/1949 2539/2533 2538/2534
f 2535/2535 3140/1949 2538/2534
f 2538/2534 2536/2536 2535/2535
f 2535/2535 2536/2536 2533/2537
f 2535/2535 2533/2537 2534/2538
f 2534/2538 3137/1950 2535/2535
f 2534/2538 2533/2537 2317/2539
f 2534/2538 2317/2539 2320/2540
f 2320/2540 3136/1952 2534/2538
f 2318/2541 2320/2540 2317/2539
f 2436/2542 2318/2543 2317/2544
f 2436/2542 2317/2544 2349/2545
f 2349/2545 2432/2546 2436/2542
f 2436/2542 2432/2546 2431/2547
f 2436/2542 2431/2547 2435/2548
f 2435/2548 2431/2547 2433/2549
f 2435/2548 2433/2549 2434/1978
f 2440/2550 2434/1978 2433/2549
f 2440/2550 2433/2549 2439/2551
f 2443/2552 2440/2550 2439/2551
f 2442/2553 2443/2552 2439/2551
f 2442/2553 2439/2551 2441/2554
f 2441/2554 2449/2555 2442/2553
f 2442/2553 2449/2555 2450/2556
f 2442/2553 2450/2556 2447/2557
f 2447/2557 2450/2556 2451/2558
f 2447/2557 2451/2558 2383/2559
f 2383/2559 2445/2560 2447/2557
f 2447/2557 2445/2560 2443/2552
f 2445/2560 2444/2561 2443/2552
f 2445/2560 2446/2562 2444/2561
f 2603/2563 2444/2561 2446/2562
f 2603/2563 2446/2562 2600/2564
f 2603/2563 2600/2564 2601/2565
f 2603/2563 2601/2565 2602/2566
f 2604/2567 2603/2563 2602/2566
f 2604/2567 2602/2566 2605/1979
f 2440/2550 2604/2567 2605/1979
f 2444/2561 2604/2567 2440/2550
f 2602/2566 2601/2565 2614/2568
f 2602/2566 2614/2568 2615/1982
f 2601/2565 2613/2569 2614/2568
f 2614/2568 2613/2569 2570/2570
f 2614/2568 2570/2570 2578/1983
f 2564/2571 2570/2570 2613/2569
f 2564/2571 2613/2569 2612/2572
f 2565/2573 2564/2571 2612/2572
f 2565/2573 2612/2572 2457/2574
f 2457/2574 2587/2575 2565/2573
f 2586/2576 2565/2577 2587/2578
f 2587/2578 3675/2579 2586/2576
f 2586/2576 3675/2579 3697/2580
f 2586/2576 3697/2580 339/2581
f 339/2581 2566/2582 2586/2576
f 339/2581 338/2583 2566/2582
f 2563/2584 2566/2582 338/2583
f 2563/2584 338/2583 2567/1989
f 337/2585 2567/1989 338/2583
f 336/2586 337/2585 338/2583
f 3722/2587 337/2585 336/2586
f 336/2586 3774/2588 3722/2587
f 3722/2587 3774/2588 2197/2589
f 3722/2587 2197/2589 2200/2590
f 2200/2590 3730/2591 3722/2587
f 2200/2590 3069/2592 3730/2591
f 3730/2591 3069/2592 2166/2593
f 3730/2591 2166/2593 3707/2594
f 3730/2591 3707/2594 3158/2595
f 3730/2591 3158/2595 337/2585
f 3158/2595 3707/2594 3709/1992
f 3707/2594 2169/2050 3709/1992
f 3707/2594 2166/2593 2169/2050
f 3069/2592 2167/2053 2166/2593
f 2199/2057 3069/2592 2200/2590
f 2198/2059 2200/2590 2197/2589
f 3774/2588 3721/2596 2197/2589
f 3719/2061 2197/2589 3721/2596
f 3774/2588 3790/2597 3721/2596
f 3790/2597 2092/2598 3721/2596
f 2091/2063 3721/2596 2092/2598
f 2090/2599 2091/2063 2092/2598
f 2090/2599 2092/2598 2089/2600
f 3551/2093 2090/2599 2089/2600
f 3551/2093 2089/2600 3525/2601
f 3733/2602 3525/2601 2089/2600
f 2089/2600 3736/2603 3733/2602
f 3733/2602 3736/2603 2178/2604
f 3733/2602 2178/2604 2177/2605
f 2177/2605 3787/2606 3733/2602
f 2177/2605 3541/2135 3787/2606
f 3541/2135 2177/2605 2180/2607
f 2177/2605 2179/2608 2180/2607
f 2180/2607 2179/2608 3685/2609
f 2180/2607 3685/2609 3684/2610
f 3496/2136 2180/2607 3684/2610
f 3684/2610 3685/2609 2204/2611
f 3684/2610 2204/2611 2203/2612
f 3705/2138 3684/2610 2203/2612
f 3705/2138 2203/2612 3573/2613
f 3573/2613 2203/2612 2206/2614
f 3573/2613 2206/2614 3556/2615
f 3573/2613 3556/2615 724/2616
f 3573/2613 724/2616 714/2139
f 3556/2615 1650/2148 724/2616
f 3556/2615 3543/2617 1650/2148
f 2767/2618 3543/2617 3556/2615
f 2195/2619 3543/2617 2767/2618
f 2196/2620 2195/2619 2767/2618
f 2196/2620 2767/2618 3148/2621
f 2196/2620 3148/2621 3750/2622
f 2196/2620 3750/2622 3776/2623
f 2193/2624 2196/2620 3776/2623
f 2193/2624 3776/2623 3781/2625
f 3604/2626 2193/2624 3781/2625
f 3604/2626 3781/2625 3788/2627
f 2192/2628 3604/2626 3788/2627
f 2192/2628 3788/2627 3780/2629
f 2086/2630 2192/2628 3780/2629
f 2086/2630 3780/2629 3778/2631
f 2087/2632 2086/2630 3778/2631
f 2087/2632 3778/2631 3777/2633
f 2124/2634 2087/2632 3777/2633
f 2124/2634 3777/2633 3760/2635
f 2208/2636 2124/2634 3760/2635
f 2208/2636 3760/2635 3782/2637
f 1756/2638 2208/2636 3782/2637
f 1756/2638 3782/2637 3767/2639
f 1753/2640 1756/2638 3767/2639
f 1753/2640 3767/2639 3775/2641
f 3135/2527 1753/2640 3775/2641
f 3775/2641 3767/2639 3131/2642
f 3775/2641 3131/2642 3133/2643
f 3744/2528 3775/2641 3133/2643
f 3744/2528 3133/2643 3139/2531
f 3139/2531 3133/2643 2529/2644
f 3133/2643 2528/2645 2529/2644
f 2526/2646 2529/2644 2528/2645
f 2531/2647 2526/2646 2528/2645
f 2531/2647 2528/2645 2530/2648
f 2557/2649 2531/2647 2530/2648
f 2557/2649 2530/2648 2558/2650
f 2559/2651 2557/2649 2558/2650
f 2559/2651 2558/2650 2560/2652
f 2554/2653 2559/2651 2560/2652
f 2554/2653 2560/2652 2556/2654
f 2553/2655 2554/2653 2556/2654
f 2553/2655 2556/2654 2555/2656
f 3590/2657 2553/2655 2555/2656
f 3590/2657 2555/2656 3593/2658
f 2548/2659 3590/2657 3593/2658
f 2548/2659 3593/2658 2550/2660
f 2547/2661 2548/2659 2550/2660
f 2547/2661 2550/2660 2549/2662
f 2552/2663 2547/2661 2549/2662
f 2552/2663 2549/2662 2551/2664
f 2583/2665 2552/2663 2551/2664
f 2583/2665 2551/2664 2585/2666
f 2584/2667 2583/2665 2585/2666
f 3149/2668 2584/2667 2585/2666
f 3149/2668 2585/2666 3146/2669
f 3742/2670 3149/2668 3146/2669
f 3742/2670 3146/2669 3751/2671
f 2204/2611 3742/2670 3751/2671
f 2204/2611 3751/2671 2205/2672
f 2205/2672 3751/2671 3750/2622
f 3751/2671 3147/2673 3750/2622
f 3751/2671 3146/2669 3147/2673
f 3146/2669 2551/2664 3147/2673
f 3153/2674 3147/2673 2551/2664
f 3776/2623 3147/2673 3153/2674
f 3789/2675 3149/2668 3742/2670
f 3685/2609 3789/2675 3742/2670
f 3789/2675 3683/2676 3149/2668
f 3713/2677 3683/2676 3789/2675
f 2179/2608 3713/2677 3789/2675
f 3713/2677 2179/2608 2178/2604
f 3713/2677 2178/2604 3706/2678
f 3155/2679 3713/2677 3706/2678
f 3155/2679 3706/2678 3154/2680
f 339/2581 3155/2679 3154/2680
f 339/2581 3154/2680 336/2586
f 3154/2680 3706/2678 3790/2597
f 3706/2678 3736/2603 3790/2597
f 3713/2677 3155/2679 3683/2676
f 3155/2679 3697/2580 3683/2676
f 3683/2676 3697/2580 2584/2667
f 3697/2580 2580/2681 2584/2667
f 3683/2676 2584/2667 3149/2668
f 2584/2667 2580/2681 2583/2665
f 2581/2682 2583/2665 2580/2681
f 3676/2683 2581/2682 2580/2681
f 3676/2683 2580/2681 3675/2579
f 2581/2684 3676/2685 3689/2686
f 2581/2684 3689/2686 2607/2687
f 2606/2688 2581/2684 2607/2687
f 2606/2688 2607/2687 2590/2689
f 2606/2688 2590/2689 2591/2690
f 2591/2690 2582/2691 2606/2688
f 2591/2690 2516/2692 2582/2691
f 2582/2691 2516/2692 2552/2693
f 2552/2693 2516/2692 2514/2694
f 2517/2695 2514/2694 2516/2692
f 2499/2696 2517/2695 2516/2692
f 2499/2696 2516/2692 2501/2697
f 2500/2698 2499/2696 2501/2697
f 2500/2698 2501/2697 2589/2699
f 2500/2698 2589/2699 2588/2700
f 3695/2701 2500/2698 2588/2700
f 3693/2702 3695/2701 2588/2700
f 3693/2702 2588/2700 2590/2689
f 2371/2703 3695/2701 3693/2702
f 2371/2703 3693/2702 2372/2704
f 2372/2704 2374/2705 2371/2703
f 2502/2706 2371/2703 2374/2705
f 2502/2706 2374/2705 2386/2707
f 2386/2707 2503/2708 2502/2706
f 2502/2706 2503/2708 3687/2709
f 2502/2706 3687/2709 3700/2710
f 3700/2710 3687/2709 2498/2711
f 3700/2710 2498/2711 2500/2698
f 3687/2709 2494/2712 2498/2711
f 2498/2711 2494/2712 2493/2713
f 2498/2711 2493/2713 2499/2696
f 2499/2696 2493/2713 2491/2714
f 2493/2713 2487/2715 2491/2714
f 2491/2714 2487/2715 2486/2716
f 2491/2714 2486/2716 2490/2717
f 2517/2695 2491/2714 2490/2717
f 2517/2695 2490/2717 2512/2718
f 2512/2718 2490/2717 2489/2719
f 2512/2718 2489/2719 2513/2720
f 2514/2694 2512/2718 2513/2720
f 2514/2694 2513/2720 2515/2721
f 2514/2694 2515/2721 2548/2722
f 2513/2720 3621/2723 2515/2721
f 2515/2721 3621/2723 3590/2724
f 2513/2720 3616/2725 3621/2723
f 3616/2725 2520/2726 3621/2723
f 3621/2723 2520/2726 2553/2727
f 3616/2725 2518/2728 2520/2726
f 2518/2728 2521/2729 2520/2726
f 2520/2726 2521/2729 2554/2730
f 2518/2728 2519/2731 2521/2729
f 2519/2731 2525/2732 2521/2729
f 2521/2729 2525/2732 2559/2733
f 2519/2731 2524/2734 2525/2732
f 2524/2734 2523/2735 2525/2732
f 2525/2732 2523/2735 2557/2736
f 2524/2734 2522/2737 2523/2735
f 2523/2735 2522/2737 2310/2738
f 2523/2735 2310/2738 2309/2739
f 2523/2735 2309/2739 2531/2740
f 2308/2741 2309/2739 2310/2738
f 2308/2741 2310/2738 2307/2742
f 2312/2743 2308/2741 2307/2742
f 2312/2743 2307/2742 2311/2744
f 2312/2743 2311/2744 2354/2745
f 2312/2743 2354/2745 2355/2746
f 2312/2743 2355/2746 2541/2747
f 2312/2743 2541/2747 2527/2748
f 2527/2749 2541/2750 2542/2532
f 2527/2749 2542/2532 2529/2644
f 2355/2746 2540/2751 2541/2747
f 2541/2750 2540/2752 2539/2533
f 2539/2533 2540/2752 2537/2753
f 2540/2751 2351/2754 2537/2755
f 2537/2755 2351/2754 2346/2756
f 2537/2755 2346/2756 2536/2757
f 2536/2757 2346/2756 2345/2758
f 2344/2759 2345/2758 2346/2756
f 2344/2759 2346/2756 2347/2760
f 2341/2761 2344/2759 2347/2760
f 2341/2761 2347/2760 2340/2762
f 2328/2763 2341/2761 2340/2762
f 2328/2763 2340/2762 2329/2764
f 2329/2764 2324/2765 2328/2763
f 2328/2763 2324/2765 2313/2766
f 2328/2763 2313/2766 2316/2767
f 2313/2766 2315/2768 2316/2767
f 2342/2769 2316/2767 2315/2768
f 2342/2769 2315/2768 2343/2770
f 2348/2771 2342/2769 2343/2770
f 2348/2771 2343/2770 2432/2546
f 2432/2546 2343/2770 2430/2772
f 2343/2770 2427/2773 2430/2772
f 2430/2772 2427/2773 2428/2774
f 2430/2772 2428/2774 2429/2775
f 2431/2547 2430/2772 2429/2775
f 2429/2775 2428/2774 2437/2776
f 2429/2775 2437/2776 2438/2777
f 2441/2554 2429/2775 2438/2777
f 2441/2554 2438/2777 2448/2778
f 2448/2778 2438/2777 2423/2779
f 2448/2778 2423/2779 2426/2780
f 2449/2555 2448/2778 2426/2780
f 2449/2555 2426/2780 2392/2781
f 2449/2555 2392/2781 2390/2782
f 2387/2783 2390/2782 2392/2781
f 2387/2783 2392/2781 2391/2784
f 2393/2785 2387/2783 2391/2784
f 2396/2786 2393/2785 2391/2784
f 2396/2786 2391/2784 2425/2787
f 2397/2788 2396/2786 2425/2787
f 2397/2788 2425/2787 2421/2789
f 2420/2790 2397/2788 2421/2789
f 2420/2790 2421/2789 2423/2779
f 2420/2790 2423/2779 2422/2791
f 2424/2792 2420/2790 2422/2791
f 2424/2792 2422/2791 2419/2793
f 2419/2793 2418/2794 2424/2792
f 2399/2795 2424/2792 2418/2794
f 2399/2795 2418/2794 2416/2796
f 2399/2795 2416/2796 3931/2797
f 2398/2798 2399/2795 3931/2797
f 2397/2788 2398/2798 3931/2797
f 2416/2796 2415/2799 3931/2797
f 2415/2799 2411/2800 3931/2797
f 2411/2800 2410/2801 3931/2797
f 2410/2801 2414/2802 3931/2797
f 2414/2802 2364/2803 3931/2797
f 2364/2803 2363/2804 3931/2797
f 2363/2804 2367/2805 3931/2797
f 2367/2805 2369/2806 3931/2797
f 2369/2806 2282/2807 3931/2797
f 2282/2807 2280/2808 3931/2797
f 2280/2808 2281/2809 3931/2797
f 2281/2809 2286/2810 3931/2797
f 2286/2810 3617/2811 3931/2797
f 3617/2811 2285/2812 3931/2797
f 2285/2812 2465/2813 3931/2797
f 2465/2813 2464/2814 3931/2797
f 2464/2814 2470/2815 3931/2797
f 2470/2815 2469/2816 3931/2797
f 2469/2816 3703/2817 3931/2797
f 3703/2817 2460/2818 3931/2797
f 2460/2818 2459/2819 3931/2797
f 2459/2819 2480/2820 3931/2797
f 2480/2820 2395/2821 3931/2797
f 2395/2821 2394/2822 3931/2797
f 2394/2822 2393/2785 3931/2797
f 2394/2822 2395/2821 2388/2823
f 2394/2822 2388/2823 2387/2783
f 2395/2821 2479/2824 2388/2823
f 2479/2824 2389/2825 2388/2823
f 2388/2823 2389/2825 2390/2782
f 2450/2556 2390/2782 2389/2825
f 2479/2824 2453/2826 2389/2825
f 2451/2558 2389/2825 2453/2826
f 2451/2558 2453/2826 2452/2827
f 2452/2827 2453/2826 2455/2828
f 2452/2827 2455/2828 2454/2829
f 2382/2830 2452/2827 2454/2829
f 2382/2830 2454/2829 2384/2831
f 2384/2831 2378/2832 2382/2830
f 2382/2830 2378/2832 2381/2833
f 2382/2830 2381/2833 2383/2559
f 2378/2832 2380/2834 2381/2833
f 2381/2833 2380/2834 2446/2562
f 2378/2832 2379/2835 2380/2834
f 2599/2836 2380/2834 2379/2835
f 2599/2836 2379/2835 2596/2837
f 2599/2836 2596/2837 2597/2838
f 2599/2836 2597/2838 2598/2839
f 2600/2564 2599/2836 2598/2839
f 2612/2572 2598/2839 2597/2838
f 2596/2837 2373/2840 2597/2838
f 2457/2574 2597/2838 2373/2840
f 2456/2841 2457/2574 2373/2840
f 2456/2841 2373/2840 2372/2704
f 3689/2686 2456/2841 2372/2704
f 2596/2837 2374/2705 2373/2840
f 2596/2837 2379/2835 2386/2707
f 2385/2842 2386/2707 2379/2835
f 2600/2564 2380/2834 2599/2836
f 2385/2842 2379/2835 2378/2832
f 2384/2831 2385/2842 2378/2832
f 2385/2842 2384/2831 2497/2843
f 2385/2842 2497/2843 2503/2708
f 2384/2831 2496/2844 2497/2843
f 3691/2845 2497/2843 2496/2844
f 3691/2845 2496/2844 3690/2846
f 2494/2712 3691/2845 3690/2846
f 2494/2712 3690/2846 2495/2847
f 2494/2712 2495/2847 2492/2848
f 2495/2847 2473/2849 2492/2848
f 2492/2848 2473/2849 2467/2850
f 2492/2848 2467/2850 2487/2715
f 2487/2715 2467/2850 2466/2851
f 2467/2850 2462/2852 2466/2851
f 2466/2851 2462/2852 2284/2853
f 2466/2851 2284/2853 2290/2854
f 2486/2716 2466/2851 2290/2854
f 2486/2716 2290/2854 2488/2855
f 3620/2856 2488/2855 2290/2854
f 2290/2854 3639/2857 3620/2856
f 2289/2858 3620/2856 3639/2857
f 2289/2858 3639/2857 2283/2859
f 2288/2860 2289/2858 2283/2859
f 2288/2860 2283/2859 2287/2861
f 2508/2862 2288/2860 2287/2861
f 2508/2862 2287/2861 2511/2863
f 2275/2864 2508/2862 2511/2863
f 2275/2864 2511/2863 2370/2865
f 2276/2866 2275/2864 2370/2865
f 2276/2866 2370/2865 2368/2867
f 2357/2868 2276/2866 2368/2867
f 2357/2868 2368/2867 2366/2869
f 2366/2869 2358/2870 2357/2868
f 2356/2871 2357/2868 2358/2870
f 2356/2871 2358/2870 2359/2872
f 2356/2871 2359/2872 2296/2873
f 2356/2871 2296/2873 2295/2874
f 2279/2875 2356/2871 2295/2874
f 2295/2874 2294/2876 2279/2875
f 2279/2875 2294/2876 2300/2877
f 2279/2875 2300/2877 2278/2878
f 2278/2878 2277/2879 2279/2875
f 2278/2878 2274/2880 2277/2879
f 2275/2864 2277/2879 2274/2880
f 2278/2878 2506/2881 2274/2880
f 2274/2880 2506/2881 2508/2862
f 2278/2878 2504/2882 2506/2881
f 2504/2882 2507/2883 2506/2881
f 2506/2881 2507/2883 2288/2860
f 2504/2882 2505/2884 2507/2883
f 2505/2884 2509/2885 2507/2883
f 2507/2883 2509/2885 2289/2858
f 2505/2884 2510/2886 2509/2885
f 2510/2886 3633/2887 2509/2885
f 2509/2885 3633/2887 3620/2856
f 2510/2886 3632/2888 3633/2887
f 3633/2887 3632/2888 2489/2719
f 3633/2887 2489/2719 2488/2855
f 3632/2888 2510/2886 2518/2728
f 2510/2886 2505/2884 2519/2731
f 2305/2889 2505/2884 2504/2882
f 2305/2889 2504/2882 2306/2890
f 2304/2891 2305/2889 2306/2890
f 2304/2891 2306/2890 2299/2892
f 2293/2893 2304/2891 2299/2892
f 2294/2876 2293/2893 2299/2892
f 2291/2894 2293/2893 2294/2876
f 2291/2894 2292/2895 2293/2893
f 2292/2895 2303/2896 2293/2893
f 2292/2895 2302/2897 2303/2896
f 2302/2897 2310/2738 2303/2896
f 2298/2898 2302/2897 2292/2895
f 2297/2899 2298/2898 2292/2895
f 2298/2898 2297/2899 2334/2900
f 2298/2898 2334/2900 2336/2901
f 2301/2902 2298/2898 2336/2901
f 2301/2902 2336/2901 2338/2903
f 2311/2744 2301/2902 2338/2903
f 2338/2903 2336/2901 2332/2904
f 2338/2903 2332/2904 2337/2905
f 2337/2905 2354/2745 2338/2903
f 2337/2905 2353/2906 2354/2745
f 2339/2907 2353/2906 2337/2905
f 2331/2908 2339/2907 2337/2905
f 2329/2764 2339/2907 2331/2908
f 2329/2764 2331/2908 2330/2909
f 2329/2764 2330/2909 2325/2910
f 2325/2910 2330/2909 2266/2911
f 2325/2910 2266/2911 2273/2912
f 2324/2765 2325/2910 2273/2912
f 2324/2765 2273/2912 2326/2913
f 2272/2914 2326/2913 2273/2912
f 2273/2912 2265/2915 2272/2914
f 2272/2914 2265/2915 2269/2916
f 2272/2914 2269/2916 2271/2917
f 2271/2917 2403/2918 2272/2914
f 2271/2917 2405/2919 2403/2918
f 2405/2919 2404/2920 2403/2918
f 2403/2918 2404/2920 2327/2921
f 2403/2918 2327/2921 2326/2913
f 2313/2766 2326/2913 2327/2921
f 2327/2921 2314/2922 2313/2766
f 2327/2921 2408/2923 2314/2922
f 2427/2773 2314/2922 2408/2923
f 2427/2773 2315/2768 2314/2922
f 2404/2920 2408/2923 2327/2921
f 2404/2920 2407/2924 2408/2923
f 2428/2774 2408/2923 2407/2924
f 2406/2925 2407/2924 2404/2920
f 2406/2925 2419/2793 2407/2924
f 2405/2919 2406/2925 2404/2920
f 2417/2926 2406/2925 2405/2919
f 2412/2927 2417/2926 2405/2919
f 2411/2800 2417/2926 2412/2927
f 2409/2928 2411/2800 2412/2927
f 2409/2928 2412/2927 2271/2917
f 2417/2926 2418/2794 2406/2925
f 2412/2927 2405/2919 2271/2917
f 2409/2928 2271/2917 2269/2916
f 2413/2929 2409/2928 2269/2916
f 2413/2929 2269/2916 2270/2930
f 2413/2929 2270/2930 2361/2931
f 2413/2929 2361/2931 2365/2932
f 2414/2802 2413/2929 2365/2932
f 2362/2933 2365/2932 2361/2931
f 2362/2933 2361/2931 2358/2870
f 2362/2933 2364/2803 2365/2932
f 2360/2934 2361/2931 2270/2930
f 2360/2934 2270/2930 2268/2935
f 2267/2936 2360/2934 2268/2935
f 2266/2911 2267/2936 2268/2935
f 2266/2911 2268/2935 2265/2915
f 2267/2936 2335/2937 2360/2934
f 2335/2937 2359/2872 2360/2934
f 2333/2938 2335/2937 2267/2936
f 2330/2909 2333/2938 2267/2936
f 2333/2938 2334/2900 2335/2937
f 2334/2900 2296/2873 2335/2937
f 2265/2915 2268/2935 2270/2930
f 2359/2872 2361/2931 2360/2934
f 2413/2929 2410/2801 2409/2928
f 2265/2915 2270/2930 2269/2916
f 2272/2914 2403/2918 2326/2913
f 2273/2912 2266/2911 2265/2915
f 2330/2909 2267/2936 2266/2911
f 2331/2908 2333/2938 2330/2909
f 2331/2908 2332/2904 2333/2938
f 2339/2907 2350/2939 2353/2906
f 2350/2939 2352/2940 2353/2906
f 2353/2906 2352/2940 2355/2746
f 2350/2939 2351/2754 2352/2940
f 2347/2760 2351/2754 2350/2939
f 2340/2762 2350/2939 2339/2907
f 2331/2908 2337/2905 2332/2904
f 2336/2901 2333/2938 2332/2904
f 2336/2901 2334/2900 2333/2938
f 2334/2900 2297/2899 2296/2873
f 2296/2873 2297/2899 2291/2894
f 2298/2898 2301/2902 2302/2897
f 2301/2902 2307/2742 2302/2897
f 2297/2899 2292/2895 2291/2894
f 2293/2893 2303/2896 2304/2891
f 2522/2737 2304/2891 2303/2896
f 2306/2890 2300/2877 2299/2892
f 2305/2889 2304/2891 2522/2737
f 2505/2884 2305/2889 2524/2734
f 2306/2890 2504/2882 2278/2878
f 2306/2890 2278/2878 2300/2877
f 2294/2876 2299/2892 2300/2877
f 2295/2874 2291/2894 2294/2876
f 2279/2875 2277/2879 2356/2871
f 2356/2871 2277/2879 2276/2866
f 2296/2873 2291/2894 2295/2874
f 2335/2937 2296/2873 2359/2872
f 2359/2872 2358/2870 2361/2931
f 2366/2869 2362/2933 2358/2870
f 2366/2869 2363/2804 2362/2933
f 2366/2869 2368/2867 2369/2806
f 2356/2871 2276/2866 2357/2868
f 2368/2867 2370/2865 2282/2807
f 2275/2864 2276/2866 2277/2879
f 2370/2865 2511/2863 2280/2808
f 2274/2880 2508/2862 2275/2864
f 2511/2863 2287/2861 2281/2809
f 2506/2881 2288/2860 2508/2862
f 2287/2861 2283/2859 2286/2810
f 2507/2883 2289/2858 2288/2860
f 2283/2859 3639/2857 3617/2811
f 2284/2853 3617/2811 3639/2857
f 2509/2885 3620/2856 2289/2858
f 3620/2856 3633/2887 2488/2855
f 2290/2854 2284/2853 3639/2857
f 2462/2852 2285/2812 2284/2853
f 2467/2850 2463/2941 2462/2852
f 2463/2941 2465/2813 2462/2852
f 2473/2849 2463/2941 2467/2850
f 2473/2849 2471/2942 2463/2941
f 2471/2942 2464/2814 2463/2941
f 2472/2943 2471/2942 2473/2849
f 2472/2943 2468/2944 2471/2942
f 2468/2944 2470/2815 2471/2942
f 3688/2945 2468/2944 2472/2943
f 3690/2846 3688/2945 2472/2943
f 3690/2846 2474/2946 3688/2945
f 2474/2946 3701/2947 3688/2945
f 2474/2946 2461/2948 3701/2947
f 2461/2948 3703/2817 3701/2947
f 2455/2828 2461/2948 2474/2946
f 2455/2828 2458/2949 2461/2948
f 2459/2819 2461/2948 2458/2949
f 3688/2945 3701/2947 2468/2944
f 3701/2947 2469/2816 2468/2944
f 2495/2847 2472/2943 2473/2849
f 3690/2846 2472/2943 2495/2847
f 3690/2846 2496/2844 2474/2946
f 2454/2829 2474/2946 2496/2844
f 2497/2843 3691/2845 3687/2709
f 2384/2831 2454/2829 2496/2844
f 2383/2559 2452/2827 2382/2830
f 2454/2829 2455/2828 2474/2946
f 2458/2949 2455/2828 2453/2826
f 2458/2949 2453/2826 2479/2824
f 2480/2820 2458/2949 2479/2824
f 2395/2821 2480/2820 2479/2824
f 2480/2820 2459/2819 2458/2949
f 2459/2819 2460/2818 2461/2948
f 2461/2948 2460/2818 3703/2817
f 3701/2947 3703/2817 2469/2816
f 2468/2944 2469/2816 2470/2815
f 2471/2942 2470/2815 2464/2814
f 2463/2941 2464/2814 2465/2813
f 2462/2852 2465/2813 2285/2812
f 2284/2853 2285/2812 3617/2811
f 2283/2859 3617/2811 2286/2810
f 2287/2861 2286/2810 2281/2809
f 2511/2863 2281/2809 2280/2808
f 2370/2865 2280/2808 2282/2807
f 2368/2867 2282/2807 2369/2806
f 2366/2869 2369/2806 2367/2805
f 2366/2869 2367/2805 2363/2804
f 2362/2933 2363/2804 2364/2803
f 2414/2802 2365/2932 2364/2803
f 2413/2929 2414/2802 2410/2801
f 2409/2928 2410/2801 2411/2800
f 2411/2800 2415/2799 2417/2926
f 2417/2926 2415/2799 2416/2796
f 2417/2926 2416/2796 2418/2794
f 2424/2792 2399/2795 2398/2798
f 2419/2793 2406/2925 2418/2794
f 2422/2791 2407/2924 2419/2793
f 2422/2791 2437/2776 2407/2924
f 2424/2792 2398/2798 2420/2790
f 2420/2790 2398/2798 2397/2788
f 2421/2789 2425/2787 2426/2780
f 2396/2786 2397/2788 3931/2797
f 2393/2785 2396/2786 3931/2797
f 2393/2785 2394/2822 2387/2783
f 2425/2787 2391/2784 2392/2781
f 2388/2823 2390/2782 2387/2783
f 2425/2787 2392/2781 2426/2780
f 2421/2789 2426/2780 2423/2779
f 2438/2777 2422/2791 2423/2779
f 2441/2554 2433/2549 2429/2775
f 2438/2777 2437/2776 2422/2791
f 2428/2774 2407/2924 2437/2776
f 2427/2773 2408/2923 2428/2774
f 2342/2769 2348/2771 2344/2759
f 2343/2770 2315/2768 2427/2773
f 2316/2767 2342/2769 2341/2761
f 2313/2766 2314/2922 2315/2768
f 2313/2766 2324/2765 2326/2913
f 2329/2764 2325/2910 2324/2765
f 2329/2764 2340/2762 2339/2907
f 2316/2767 2341/2761 2328/2763
f 2340/2762 2347/2760 2350/2939
f 2342/2769 2344/2759 2341/2761
f 2348/2771 2345/2758 2344/2759
f 2348/2771 2349/2545 2345/2758
f 2533/2950 2345/2758 2349/2545
f 2347/2760 2346/2756 2351/2754
f 2540/2751 2352/2940 2351/2754
f 2355/2746 2352/2940 2540/2751
f 2353/2906 2355/2746 2354/2745
f 2311/2744 2338/2903 2354/2745
f 2301/2902 2311/2744 2307/2742
f 2308/2741 2312/2743 2527/2748
f 2308/2741 2527/2748 2526/2951
f 2302/2897 2307/2742 2310/2738
f 2309/2739 2308/2741 2526/2951
f 2522/2737 2303/2896 2310/2738
f 2305/2889 2522/2737 2524/2734
f 2505/2884 2524/2734 2519/2731
f 2510/2886 2519/2731 2518/2728
f 3632/2888 2518/2728 3616/2725
f 2513/2720 3632/2888 3616/2725
f 2513/2720 2489/2719 3632/2888
f 2490/2717 2488/2855 2489/2719
f 2490/2717 2486/2716 2488/2855
f 2487/2715 2466/2851 2486/2716
f 2493/2713 2492/2848 2487/2715
f 2494/2712 2492/2848 2493/2713
f 3687/2709 3691/2845 2494/2712
f 2497/2843 3687/2709 2503/2708
f 2386/2707 2385/2842 2503/2708
f 2596/2837 2386/2707 2374/2705
f 2371/2703 2502/2706 3700/2710
f 2372/2704 2373/2840 2374/2705
f 3689/2686 2372/2704 3693/2702
f 2371/2703 3700/2710 3695/2701
f 3695/2701 3700/2710 2500/2698
f 2590/2689 2588/2700 2589/2699
f 2501/2697 2591/2690 2589/2699
f 2500/2698 2498/2711 2499/2696
f 2499/2696 2491/2714 2517/2695
f 2517/2695 2512/2718 2514/2694
f 2501/2697 2516/2692 2591/2690
f 2590/2689 2589/2699 2591/2690
f 2607/2687 3693/2702 2590/2689
f 2606/2688 2582/2691 2581/2684
f 2607/2687 3689/2686 3693/2702
f 3676/2685 2456/2841 3689/2686
f 3676/2685 2587/2575 2456/2841
f 2581/2684 2582/2691 2583/2952
f 3146/2669 2585/2666 2551/2664
f 2582/2691 2552/2693 2583/2952
f 3153/2674 2551/2664 2549/2662
f 3152/2953 3153/2674 2549/2662
f 3781/2625 3153/2674 3152/2953
f 2552/2693 2514/2694 2547/2954
f 3152/2953 2549/2662 2550/2660
f 3646/2955 3152/2953 2550/2660
f 3788/2627 3152/2953 3646/2955
f 2514/2694 2548/2722 2547/2954
f 3646/2955 2550/2660 3593/2658
f 3151/2956 3646/2955 3593/2658
f 3780/2629 3646/2955 3151/2956
f 2515/2721 3590/2724 2548/2722
f 3151/2956 3593/2658 2555/2656
f 3150/2957 3151/2956 2555/2656
f 3778/2631 3151/2956 3150/2957
f 3621/2723 2553/2727 3590/2724
f 3150/2957 2555/2656 2556/2654
f 3142/2958 3150/2957 2556/2654
f 3777/2633 3150/2957 3142/2958
f 2520/2726 2554/2730 2553/2727
f 3142/2958 2556/2654 2560/2652
f 2560/2652 3141/2959 3142/2958
f 3760/2635 3142/2958 3141/2959
f 2521/2729 2559/2733 2554/2730
f 2560/2652 2558/2650 3141/2959
f 2558/2650 3132/2960 3141/2959
f 3782/2637 3141/2959 3132/2960
f 2525/2732 2557/2736 2559/2733
f 2558/2650 2530/2648 3132/2960
f 3131/2642 3132/2960 2530/2648
f 2523/2735 2531/2740 2557/2736
f 3131/2642 2530/2648 2528/2645
f 2309/2739 2526/2951 2531/2740
f 2526/2646 2527/2749 2529/2644
f 3133/2643 3131/2642 2528/2645
f 3767/2639 3132/2960 3131/2642
f 1754/2961 1756/2638 1753/2640
f 3127/2525 1754/2961 1753/2640
f 3122/2962 1754/2961 3127/2525
f 3122/2962 1755/2963 1754/2961
f 3122/2962 3123/2964 1755/2963
f 3123/2964 2207/2965 1755/2963
f 1755/2963 2207/2965 2208/2636
f 3123/2964 3106/2966 2207/2965
f 2125/2967 2207/2965 3106/2966
f 2125/2967 3106/2966 3105/2968
f 2088/2969 2125/2967 3105/2968
f 2088/2969 3105/2968 3083/2970
f 2760/2971 2088/2969 3083/2970
f 2760/2971 3083/2970 3084/2972
f 2760/2971 3084/2972 2762/2973
f 2761/2974 2760/2971 2762/2973
f 3089/2975 2761/2974 2762/2973
f 3089/2975 3145/2976 2761/2974
f 3603/2977 2761/2974 3145/2976
f 3607/2978 3603/2977 3145/2976
f 3607/2978 3145/2976 3144/2979
f 3592/2980 3607/2978 3144/2979
f 3592/2980 3144/2979 3104/2981
f 3634/2982 3592/2980 3104/2981
f 3634/2982 3104/2981 3103/2983
f 2926/2984 3634/2982 3103/2983
f 2927/2985 2926/2984 3103/2983
f 2927/2985 3103/2983 3102/2986
f 3101/2987 2927/2985 3102/2986
f 3101/2987 3102/2986 3100/2988
f 3100/2988 2746/2989 3101/2987
f 2745/2990 3101/2991 2746/2992
f 2744/2993 2745/2990 2746/2992
f 2744/2994 2746/2989 2743/2995
f 3093/2996 2744/2994 2743/2995
f 3094/2997 3093/2996 2743/2995
f 3094/2997 2743/2995 3095/2998
f 3097/2999 3094/2997 3095/2998
f 3097/2999 3095/2998 3098/3000
f 3096/3001 3097/2999 3098/3000
f 3096/3001 3098/3000 3087/3002
f 3099/3003 3096/3001 3087/3002
f 3099/3003 3087/3002 3086/3004
f 3099/3003 3086/3004 3105/2968
f 3085/3005 3086/3004 3087/3002
f 3087/3002 3090/3006 3085/3005
f 3089/2975 3085/3005 3090/3006
f 3089/2975 3090/3006 3088/3007
f 3092/3008 3088/3007 3090/3006
f 3092/3008 3090/3006 3091/3009
f 3102/2986 3092/3008 3091/3009
f 3102/2986 3104/2981 3092/3008
f 3098/3000 3091/3009 3090/3006
f 3104/2981 3088/3007 3092/3008
f 3089/2975 3084/2972 3085/3005
f 3085/3005 3084/2972 3086/3004
f 3111/3010 3096/3001 3099/3003
f 3111/3010 3099/3003 3106/2966
f 3111/3010 3109/3011 3096/3001
f 3112/3012 3109/3011 3111/3010
f 3122/2962 3112/3012 3111/3010
f 3112/3012 3122/2962 3126/2523
f 3112/3012 3110/3013 3109/3011
f 3110/3013 3107/3014 3109/3011
f 3109/3011 3107/3014 3097/2999
f 3110/3013 3108/3015 3107/3014
f 3108/3015 2742/3016 3107/3014
f 3107/3014 2742/3016 3094/2997
f 3108/3015 2737/3017 2742/3016
f 2737/3017 2741/3018 2742/3016
f 2742/3016 2741/3018 3093/2996
f 3093/3019 2741/3020 2752/3021
f 3093/3019 2752/3021 2751/3022
f 2751/3022 2748/3023 3093/3019
f 2751/3022 2747/3024 2748/3023
f 2745/2990 2748/3023 2747/3024
f 3608/3025 2745/2990 2747/3024
f 3608/3025 2747/3024 3609/3026
f 2756/3027 3608/3025 3609/3026
f 2756/3027 3609/3026 2755/3028
f 1617/3029 2756/3027 2755/3028
f 1617/3029 2755/3028 1614/3030
f 1614/3030 1616/3031 1617/3029
f 2233/3032 1617/3029 1616/3031
f 1616/3031 2229/3033 2233/3032
f 2250/3034 2233/3032 2229/3033
f 2229/3033 1380/3035 2250/3034
f 2250/3034 1380/3035 2246/3036
f 2250/3034 2246/3036 2248/3037
f 2248/3037 1631/3038 2250/3034
f 2248/3037 1628/3039 1631/3038
f 1629/3040 1631/3038 1628/3039
f 2912/3041 1629/3040 1628/3039
f 2912/3041 1628/3039 1621/3042
f 1621/3042 2758/3043 2912/3041
f 2241/3044 2912/3041 2758/3043
f 2241/3044 2758/3043 2242/3045
f 3586/3046 2241/3044 2242/3045
f 3586/3046 2242/3045 3587/3047
f 2240/3048 3586/3046 3587/3047
f 2240/3048 3587/3047 2239/3049
f 2239/3049 3572/3050 2240/3048
f 2240/3048 3572/3050 3535/3051
f 2240/3048 3535/3051 2920/3052
f 2920/3052 3535/3051 3669/3053
f 2920/3052 3669/3053 3619/3054
f 3619/3054 3614/3055 2920/3052
f 2920/3052 3614/3055 3586/3046
f 3619/3054 3670/3056 3614/3055
f 3670/3056 2918/3057 3614/3055
f 3614/3055 2918/3057 2241/3044
f 3670/3056 3613/3058 2918/3057
f 3613/3058 2915/3059 2918/3057
f 2918/3057 2915/3059 2912/3041
f 3613/3058 3642/3060 2915/3059
f 3642/3060 2914/3061 2915/3059
f 2915/3059 2914/3061 1629/3040
f 2765/3062 1629/3040 2914/3061
f 3641/3063 2765/3062 2914/3061
f 3641/3063 3622/3064 2765/3062
f 3622/3064 2763/3065 2765/3062
f 2765/3062 2763/3065 2234/3066
f 2765/3062 2234/3066 1630/3067
f 1630/3067 2234/3066 2233/3032
f 1630/3067 2233/3032 1631/3038
f 1617/3029 2234/3066 2763/3065
f 3622/3064 3628/3068 2763/3065
f 2756/3027 2763/3065 3628/3068
f 2766/3069 3628/3068 3622/3064
f 2917/3070 2766/3069 3622/3064
f 2925/3071 2766/3069 2917/3070
f 2925/3071 2917/3070 2924/3072
f 3611/3073 2925/3071 2924/3072
f 3611/3073 2924/3072 3610/3074
f 2922/3075 3611/3073 3610/3074
f 2922/3075 3610/3074 2923/3076
f 2923/3076 3527/3077 2922/3075
f 3509/3078 2922/3075 3527/3077
f 1819/3079 3509/3078 3527/3077
f 3527/3077 1820/3080 1819/3079
f 3820/3081 1819/3079 1820/3080
f 3826/3082 3820/3081 1820/3080
f 3826/3082 1820/3080 1818/3083
f 3847/3084 3826/3082 1818/3083
f 3847/3084 1818/3083 3827/3085
f 3823/3086 3847/3084 3827/3085
f 3823/3086 3827/3085 1817/3087
f 3808/3088 3823/3086 1817/3087
f 3808/3088 1817/3087 766/3089
f 3809/3090 3808/3088 766/3089
f 3809/3090 766/3089 765/3091
f 765/3091 3844/3092 3809/3090
f 3809/3090 3844/3092 1640/3093
f 3809/3090 1640/3093 768/3094
f 482/3095 768/3094 1640/3093
f 485/3096 482/3095 1640/3093
f 485/3096 1640/3093 1808/3097
f 485/3096 1808/3097 1807/3098
f 485/3096 1807/3098 775/3099
f 484/2186 485/3096 775/3099
f 484/2186 775/3099 491/3100
f 1683/2220 491/3100 775/3099
f 1683/2220 2173/3101 491/3100
f 2173/3101 490/3102 491/3100
f 492/2187 491/3100 490/3102
f 2173/3101 2174/2208 490/3102
f 2174/2208 770/3103 490/3102
f 474/2189 490/3102 770/3103
f 1682/2221 775/3099 1807/3098
f 1808/3097 3840/3104 1807/3098
f 3846/2223 1807/3098 3840/3104
f 1808/3097 3837/3105 3840/3104
f 3837/3105 1651/3106 3840/3104
f 1684/2225 3840/3104 1651/3106
f 1684/2225 1651/3106 1652/3107
f 3552/3108 1652/3107 1651/3106
f 3552/3108 1651/3106 3553/3109
f 2768/3110 3552/3108 3553/3109
f 3553/3109 2770/3111 2768/3110
f 2768/3110 2770/3111 3640/3112
f 2768/3110 3640/3112 3643/3113
f 2801/3114 2768/3110 3643/3113
f 2801/3114 3643/3113 3662/3115
f 2797/3116 2801/3114 3662/3115
f 2797/3116 3662/3115 3591/3117
f 2797/3116 3591/3117 3598/3118
f 2797/3116 3598/3118 2750/3119
f 2796/3120 2797/3116 2750/3119
f 2796/3120 2750/3119 2749/3121
f 2794/3122 2796/3120 2749/3121
f 2793/3123 2796/3120 2794/3122
f 2793/3123 2795/3124 2796/3120
f 2810/3125 2795/3124 2793/3123
f 2909/3126 2810/3127 2793/3128
f 2909/3126 2793/3128 2792/2498
f 2792/2498 3494/3129 2909/3126
f 3508/3130 2909/3126 3494/3129
f 3508/3130 3494/3129 3516/3131
f 3508/3130 3516/3131 3773/3132
f 3508/3130 3773/3132 1806/3133
f 1693/3134 3508/3130 1806/3133
f 1676/3135 1693/3134 1806/3133
f 1676/3135 1806/3133 1675/3136
f 1677/3137 1676/3135 1675/3136
f 1677/3137 1675/3136 1674/3138
f 1625/2250 1677/3137 1674/3138
f 3772/3139 1674/3138 1675/3136
f 3773/3132 3772/3139 1675/3136
f 1689/3140 3772/3139 3773/3132
f 1689/3140 1690/3141 3772/3139
f 1690/3141 3770/3142 3772/3139
f 1690/3141 1691/3143 3770/3142
f 3763/3144 3770/3142 1691/3143
f 3763/3144 1691/3143 1699/3145
f 3762/3146 3763/3144 1699/3145
f 3762/3146 1699/3145 1700/2407
f 3763/3144 3762/3146 1672/2252
f 3762/3146 1604/2257 1672/2252
f 1699/3147 1691/3148 3927/3149
f 1699/3147 3927/3149 3918/2411
f 3918/2411 3927/3149 1692/3150
f 3927/3149 1687/3151 1692/3150
f 1692/3150 1687/3151 1694/3152
f 1692/3150 1694/3152 1696/2426
f 1696/2426 1698/2412 1692/3150
f 1687/3151 1659/3153 1694/3152
f 1694/3152 1659/3153 1658/3154
f 1694/3152 1658/3154 1695/2427
f 1658/3154 1659/3153 3542/3155
f 1658/3154 3542/3155 3544/3156
f 1658/3154 3544/3156 3547/3157
f 1658/3154 3547/3157 1752/2429
f 3532/3158 1752/2429 3547/3157
f 3532/3158 3547/3157 2867/2482
f 3547/3157 3544/3156 2775/2484
f 2775/2484 3544/3156 3542/3155
f 1659/3153 3538/3159 3542/3155
f 2776/2486 3542/3155 3538/3159
f 1659/3153 1688/3160 3538/3159
f 3926/3161 3538/3159 1688/3160
f 3925/3162 3926/3161 1688/3160
f 3925/3162 1688/3160 1687/3151
f 1690/3163 3926/3161 3925/3162
f 3926/3161 3802/3164 3538/3159
f 3538/3159 3802/3164 3804/3165
f 3538/3159 3804/3165 2805/2488
f 3804/3165 3802/3164 3539/3166
f 3804/3165 3539/3166 2806/3167
f 3804/3165 2806/3167 2807/2492
f 3516/3131 2806/3168 3539/3169
f 3516/3131 3539/3169 1689/3140
f 3926/3161 1689/3170 3539/3166
f 3926/3161 3539/3166 3802/3164
f 1687/3151 1688/3160 1659/3153
f 3927/3149 3925/3162 1687/3151
f 1691/3148 3925/3162 3927/3149
f 1673/2251 3770/3142 3763/3144
f 1673/2251 1674/3138 3770/3142
f 1691/3148 1690/3163 3925/3162
f 1690/3163 1689/3170 3926/3161
f 3772/3139 3770/3142 1674/3138
f 1679/2227 1676/3171 1677/3172
f 1613/2246 1679/2227 1677/3172
f 1678/2226 1693/3173 1676/3171
f 1678/2226 1652/3107 1693/3173
f 3557/3174 1693/3173 1652/3107
f 1693/3134 3557/3175 3508/3130
f 3508/3130 3557/3175 2810/3127
f 2769/3176 2810/3125 3557/3174
f 2769/3176 3557/3174 3552/3108
f 3773/3132 1675/3136 1806/3133
f 3516/3131 1689/3140 3773/3132
f 3516/3131 3494/3129 2806/3168
f 3493/2496 2806/3168 3494/3129
f 3508/3130 2810/3127 2909/3126
f 2810/3125 2769/3176 2795/3124
f 2769/3176 2801/3114 2795/3124
f 2749/3121 2750/3119 2747/3024
f 2797/3116 2796/3120 2795/3124
f 2750/3119 3598/3118 3609/3026
f 3591/3117 2754/3177 3598/3118
f 3598/3118 2754/3177 2755/3028
f 3591/3117 2798/3178 2754/3177
f 2798/3178 1396/3179 2754/3177
f 2754/3177 1396/3179 1614/3030
f 1615/3180 1614/3030 1396/3179
f 1615/3180 1396/3179 1395/3181
f 1395/3181 1636/3182 1615/3180
f 1615/3180 1636/3182 1635/3183
f 1615/3180 1635/3183 1616/3031
f 1635/3183 1636/3182 1637/3184
f 1635/3183 1637/3184 1638/3185
f 2229/3033 1635/3183 1638/3185
f 2229/3033 1638/3185 1381/3186
f 1381/3186 1638/3185 2238/3187
f 1381/3186 2238/3187 1382/3188
f 1381/3186 1382/3188 1383/3189
f 1381/3186 1383/3189 1380/3035
f 1380/3035 1383/3189 2247/3190
f 2247/3190 1383/3189 3177/3191
f 3177/3191 1410/3192 2247/3190
f 1410/3192 2246/3036 2247/3190
f 1410/3192 1409/3193 2246/3036
f 1407/3194 1409/3193 1410/3192
f 1410/3192 3179/3195 1407/3194
f 3179/3195 2243/3196 1407/3194
f 1408/3197 1407/3194 2243/3196
f 1408/3197 2243/3196 2244/3198
f 1632/3199 1408/3197 2244/3198
f 3182/3200 1632/3199 2244/3198
f 3182/3200 2244/3198 3183/3201
f 2237/3202 3182/3200 3183/3201
f 2237/3202 3183/3201 3180/3203
f 2237/3202 3180/3203 3381/3204
f 3381/3204 2231/3205 2237/3202
f 2231/3205 2236/3206 2237/3202
f 2231/3205 2235/3207 2236/3206
f 1395/3181 2236/3206 2235/3207
f 1395/3181 1394/3208 2236/3206
f 2236/3206 1394/3208 3181/3209
f 2236/3206 3181/3209 3182/3200
f 3181/3209 1394/3208 1393/3210
f 3181/3209 1393/3210 2800/3211
f 1633/3212 3181/3209 2800/3211
f 1633/3212 2800/3211 2249/3213
f 2249/3213 1622/3214 1633/3212
f 1633/3212 1622/3214 1634/3215
f 1633/3212 1634/3215 1632/3199
f 1622/3214 2245/3216 1634/3215
f 1409/3193 1634/3215 2245/3216
f 2248/3037 1409/3193 2245/3216
f 1409/3193 1408/3197 1634/3215
f 1622/3214 1621/3042 2245/3216
f 1620/3217 1621/3042 1622/3214
f 1620/3217 1622/3214 1623/3218
f 1623/3218 2757/3219 1620/3217
f 2242/3045 1620/3217 2757/3219
f 1623/3218 2911/3220 2757/3219
f 2911/3220 3652/3221 2757/3219
f 3587/3047 2757/3219 3652/3221
f 2911/3220 3640/3112 3652/3221
f 3640/3112 2913/3222 3652/3221
f 2239/3049 3652/3221 2913/3222
f 2913/3222 3574/3223 2239/3049
f 2913/3222 3528/3224 3574/3223
f 1810/3225 3574/3223 3528/3224
f 1653/3226 1810/3225 3528/3224
f 1653/3226 3528/3224 3576/3227
f 1653/3226 3576/3227 3553/3109
f 2770/3111 3576/3227 3528/3224
f 3837/3105 1810/3225 1653/3226
f 3837/3105 3844/3092 1810/3225
f 1810/3225 765/3091 3574/3223
f 3572/3050 3574/3223 765/3091
f 2770/3111 3528/3224 2913/3222
f 2910/3228 2911/3220 1623/3218
f 2910/3228 1623/3218 2249/3213
f 2799/3229 2910/3228 2249/3213
f 3662/3115 2910/3228 2799/3229
f 3643/3113 2911/3220 2910/3228
f 2249/3213 1623/3218 1622/3214
f 2799/3229 2249/3213 2800/3211
f 2798/3178 2799/3229 2800/3211
f 3181/3209 1633/3212 1632/3199
f 2798/3178 2800/3211 1393/3210
f 1394/3208 1396/3179 1393/3210
f 2235/3207 2231/3205 1637/3184
f 1637/3184 2231/3205 2232/3230
f 1637/3184 2232/3230 2230/3231
f 1637/3184 2230/3231 2238/3187
f 3176/3232 2238/3187 2230/3231
f 3176/3232 2230/3231 3178/3233
f 3177/3191 3176/3232 3178/3233
f 3177/3191 3178/3233 3179/3195
f 3178/3233 3180/3203 3179/3195
f 1382/3188 3176/3232 3177/3191
f 3381/3204 3178/3233 2230/3231
f 3381/3204 2230/3231 2232/3230
f 3381/3204 2232/3230 2231/3205
f 3178/3233 3381/3204 3180/3203
f 3183/3201 2243/3196 3180/3203
f 2237/3202 2236/3206 3182/3200
f 3181/3209 1632/3199 3182/3200
f 1632/3199 1634/3215 1408/3197
f 3183/3201 2244/3198 2243/3196
f 3179/3195 3180/3203 2243/3196
f 1407/3194 1408/3197 1409/3193
f 1410/3192 3177/3191 3179/3195
f 3177/3191 1383/3189 1382/3188
f 2238/3187 3176/3232 1382/3188
f 1637/3184 2238/3187 1638/3185
f 2235/3207 1637/3184 1636/3182
f 1395/3181 2235/3207 1636/3182
f 1394/3208 1395/3181 1396/3179
f 2798/3178 1393/3210 1396/3179
f 3591/3117 2799/3229 2798/3178
f 3591/3117 3662/3115 2799/3229
f 2797/3116 2795/3124 2801/3114
f 3662/3115 3643/3113 2910/3228
f 2769/3176 2768/3110 2801/3114
f 3643/3113 3640/3112 2911/3220
f 3640/3112 2770/3111 2913/3222
f 3553/3109 3576/3227 2770/3111
f 2768/3110 2769/3176 3552/3108
f 1653/3226 3553/3109 1651/3106
f 3557/3174 1652/3107 3552/3108
f 3837/3105 1653/3226 1651/3106
f 1808/3097 3844/3092 3837/3105
f 482/3095 485/3096 484/2186
f 482/3095 1641/3234 768/3094
f 1641/3234 767/3235 768/3094
f 768/3094 767/3235 3808/3088
f 1641/3234 1809/3236 767/3235
f 1809/3236 1815/3237 767/3235
f 767/3235 1815/3237 3823/3086
f 1809/3236 1812/3238 1815/3237
f 1812/3238 3822/3239 1815/3237
f 1815/3237 3822/3239 3847/3084
f 1812/3238 3839/3240 3822/3239
f 3839/3240 1816/3241 3822/3239
f 3822/3239 1816/3241 3826/3082
f 3839/3240 1813/3242 1816/3241
f 1813/3242 1821/3243 1816/3241
f 1816/3241 1821/3243 3820/3081
f 1821/3243 3821/3244 3820/3081
f 1821/3243 1822/3245 3821/3244
f 3845/3246 3821/3244 1822/3245
f 3845/3246 1822/3245 1824/2169
f 1824/2168 3835/2164 3845/3247
f 1757/3248 3821/3244 3845/3246
f 3845/3247 1758/2163 1757/3249
f 1757/3249 1758/2163 3502/3250
f 1757/3249 3502/3250 3509/3251
f 2868/3252 3509/3251 3502/3250
f 2868/3252 3502/3250 2869/3253
f 3658/3254 2868/3252 2869/3253
f 3658/3254 2869/3253 3634/2982
f 2868/3255 3658/3256 3611/3073
f 2869/3253 3502/3250 3522/3257
f 2869/3253 3522/3257 2802/3258
f 2869/3253 2802/3258 3592/2980
f 3522/3257 2803/3259 2802/3258
f 2802/3258 2803/3259 3607/2978
f 3522/3257 3549/3260 2803/3259
f 3549/3260 2974/3261 2803/3259
f 2803/3259 2974/3261 3603/2977
f 2974/3261 3649/3262 3603/2977
f 2974/3261 2222/3263 3649/3262
f 2221/3264 3649/3262 2222/3263
f 2221/3264 2222/3263 3519/3265
f 2221/3264 3519/3265 3517/3266
f 3561/3267 2221/3264 3517/3266
f 3561/3267 3517/3266 739/2154
f 3561/3267 2194/3268 2221/3264
f 2194/3268 3648/3269 2221/3264
f 2194/3268 3623/3270 3648/3269
f 3623/3270 2759/3271 3648/3269
f 3648/3269 2759/3271 2761/2974
f 3648/3269 2761/2974 3649/3262
f 3623/3270 2191/3272 2759/3271
f 2191/3272 2760/2971 2759/3271
f 2191/3272 2085/3273 2760/2971
f 2192/2628 2085/3273 2191/3272
f 3604/2626 2191/3272 3623/3270
f 2193/2624 3623/3270 2194/3268
f 2193/2624 2194/3268 2195/2619
f 3561/3267 2195/2619 2194/3268
f 3561/3267 3554/3274 2195/2619
f 704/2149 3554/3274 3561/3267
f 704/2149 3543/2617 3554/3274
f 3519/3265 739/2154 3517/3266
f 3562/3275 3519/3265 2222/3263
f 3562/3275 740/2156 3519/3265
f 2221/3264 3648/3269 3649/3262
f 3562/3275 2222/3263 2974/3261
f 3549/3260 3562/3275 2974/3261
f 1896/2157 3562/3275 3549/3260
f 1686/2159 3549/3260 3522/3257
f 1758/2163 3522/3257 3502/3250
f 1757/3248 1819/3079 3821/3244
f 1814/3276 1822/3245 1821/3243
f 1814/3276 1649/2170 1822/3245
f 1813/3242 1814/3276 1821/3243
f 1813/3242 3838/3277 1814/3276
f 1814/3276 3838/3277 3830/2174
f 1813/3242 3839/3240 3838/3277
f 3839/3240 1811/3278 3838/3277
f 3838/3277 1811/3278 1648/2176
f 487/3279 1648/2176 1811/3278
f 1812/3238 487/3279 1811/3278
f 3839/3240 1812/3238 1811/3278
f 1812/3238 1809/3236 487/3279
f 486/2183 487/3279 1809/3236
f 483/2185 1809/3236 1641/3234
f 483/2185 1641/3234 482/3095
f 1808/3097 1640/3093 3844/3092
f 765/3091 1810/3225 3844/3092
f 3572/3050 765/3091 766/3089
f 768/3094 3808/3088 3809/3090
f 3535/3051 766/3089 1817/3087
f 767/3235 3823/3086 3808/3088
f 3669/3053 1817/3087 3827/3085
f 3564/3280 3669/3053 3827/3085
f 1815/3237 3847/3084 3823/3086
f 3564/3280 3827/3085 1818/3083
f 3565/3281 3564/3280 1818/3083
f 2921/3282 3564/3280 3565/3281
f 2921/3282 3565/3281 2923/3076
f 2923/3076 3618/3283 2921/3282
f 2921/3282 3618/3283 3670/3056
f 3619/3054 3564/3280 2921/3282
f 3822/3239 3826/3082 3847/3084
f 3565/3281 1818/3083 1820/3080
f 1816/3241 3820/3081 3826/3082
f 3820/3081 3821/3244 1819/3079
f 3527/3077 3565/3281 1820/3080
f 1819/3079 1757/3248 3509/3078
f 3509/3078 2868/3255 2922/3075
f 2923/3076 3565/3281 3527/3077
f 2923/3076 3610/3074 3618/3283
f 3610/3074 2919/3284 3618/3283
f 3618/3283 2919/3284 3613/3058
f 2868/3255 3611/3073 2922/3075
f 3610/3074 2924/3072 2919/3284
f 2924/3072 2916/3285 2919/3284
f 2919/3284 2916/3285 3642/3060
f 2916/3285 3641/3063 3642/3060
f 2916/3285 2917/3070 3641/3063
f 3658/3256 2925/3071 3611/3073
f 3658/3256 2926/3286 2925/3071
f 2924/3072 2917/3070 2916/3285
f 2926/3286 2766/3069 2925/3071
f 2766/3069 2764/3287 3628/3068
f 3608/3025 3628/3068 2764/3287
f 2764/3287 2766/3069 2927/3288
f 2917/3070 3622/3064 3641/3063
f 2765/3062 1630/3067 1629/3040
f 3642/3060 3641/3063 2914/3061
f 2919/3284 3642/3060 3613/3058
f 3618/3283 3613/3058 3670/3056
f 2921/3282 3670/3056 3619/3054
f 3619/3054 3669/3053 3564/3280
f 3669/3053 3535/3051 1817/3087
f 3535/3051 3572/3050 766/3089
f 2239/3049 3574/3223 3572/3050
f 2239/3049 3587/3047 3652/3221
f 2920/3052 3586/3046 2240/3048
f 3587/3047 2242/3045 2757/3219
f 3614/3055 2241/3044 3586/3046
f 2242/3045 2758/3043 1620/3217
f 2918/3057 2912/3041 2241/3044
f 1621/3042 1620/3217 2758/3043
f 1628/3039 2245/3216 1621/3042
f 2915/3059 1629/3040 2912/3041
f 1629/3040 1630/3067 1631/3038
f 1628/3039 2248/3037 2245/3216
f 2248/3037 2246/3036 1409/3193
f 1380/3035 2247/3190 2246/3036
f 2229/3033 1381/3186 1380/3035
f 2250/3034 1631/3038 2233/3032
f 1616/3031 1635/3183 2229/3033
f 2233/3032 2234/3066 1617/3029
f 1614/3030 1615/3180 1616/3031
f 2754/3177 1614/3030 2755/3028
f 1617/3029 2763/3065 2756/3027
f 3598/3118 2755/3028 3609/3026
f 2756/3027 3628/3068 3608/3025
f 2750/3119 3609/3026 2747/3024
f 3608/3025 2764/3287 2745/2990
f 2749/3121 2747/3024 2751/3022
f 2753/3289 2749/3121 2751/3022
f 2737/3017 2740/2512 2741/3018
f 2738/2515 2740/2512 2737/3017
f 3113/2517 2737/3017 3108/3015
f 3108/3015 3110/3013 3120/2519
f 3110/3013 3112/3012 3121/2521
f 3087/3002 3098/3000 3090/3006
f 3109/3011 3097/2999 3096/3001
f 3098/3000 3095/2998 3091/3009
f 3100/2988 3091/3009 3095/2998
f 3107/3014 3094/2997 3097/2999
f 3100/2988 3095/2998 2743/2995
f 2742/3016 3093/2996 3094/2997
f 3093/3019 2748/3023 2744/2993
f 2745/2990 2744/2993 2748/3023
f 2745/2990 2764/3287 3101/2991
f 3100/2988 2743/2995 2746/2989
f 3102/2986 3091/3009 3100/2988
f 2764/3287 2927/3288 3101/2991
f 2926/3286 2927/3288 2766/3069
f 2926/2984 3658/3254 3634/2982
f 3102/2986 3103/2983 3104/2981
f 2869/3253 3592/2980 3634/2982
f 3104/2981 3144/2979 3088/3007
f 2802/3258 3607/2978 3592/2980
f 3088/3007 3144/2979 3145/2976
f 2803/3259 3603/2977 3607/2978
f 3603/2977 3649/3262 2761/2974
f 3088/3007 3145/2976 3089/2975
f 2761/2974 2759/3271 2760/2971
f 3089/2975 2762/2973 3084/2972
f 3083/2970 3086/3004 3084/2972
f 2760/2971 2085/3273 2088/2969
f 2085/3273 2087/2632 2088/2969
f 3083/2970 3105/2968 3086/3004
f 2125/2967 2088/2969 2087/2632
f 3099/3003 3105/2968 3106/2966
f 2207/2965 2125/2967 2124/2634
f 3111/3010 3106/2966 3123/2964
f 3122/2962 3111/3010 3123/2964
f 1754/2961 1755/2963 1756/2638
f 3767/2639 3782/2637 3132/2960
f 1755/2963 2208/2636 1756/2638
f 3782/2637 3760/2635 3141/2959
f 2207/2965 2124/2634 2208/2636
f 3760/2635 3777/2633 3142/2958
f 2125/2967 2087/2632 2124/2634
f 3777/2633 3778/2631 3150/2957
f 2085/3273 2086/2630 2087/2632
f 3778/2631 3780/2629 3151/2956
f 2192/2628 2086/2630 2085/3273
f 3780/2629 3788/2627 3646/2955
f 3604/2626 2192/2628 2191/3272
f 3788/2627 3781/2625 3152/2953
f 2193/2624 3604/2626 3623/3270
f 3781/2625 3776/2623 3153/2674
f 3776/2623 3750/2622 3147/2673
f 2205/2672 3750/2622 3148/2621
f 3148/2621 2206/2614 2205/2672
f 3148/2621 2767/2618 2206/2614
f 2193/2624 2195/2619 2196/2620
f 2195/2619 3554/3274 3543/2617
f 2767/2618 3556/2615 2206/2614
f 2203/2612 2205/2672 2206/2614
f 2203/2612 2204/2611 2205/2672
f 3685/2609 3742/2670 2204/2611
f 2179/2608 3789/2675 3685/2609
f 2177/2605 2178/2604 2179/2608
f 3706/2678 2178/2604 3736/2603
f 3733/2602 3787/2606 3525/2601
f 3877/2096 3525/2601 3787/2606
f 672/2134 3877/2096 3787/2606
f 2089/2600 2092/2598 3736/2603
f 3790/2597 3736/2603 2092/2598
f 3154/2680 3790/2597 3774/2588
f 336/2586 3154/2680 3774/2588
f 3722/2587 3730/2591 337/2585
f 337/2585 3158/2595 2567/1989
f 2564/3290 2566/2582 2563/2584
f 336/2586 338/2583 339/2581
f 3155/2679 339/2581 3697/2580
f 3697/2580 3675/2579 2580/2681
f 2587/2578 3676/2683 3675/2579
f 2586/2576 2566/2582 2565/2577
f 2457/2574 2456/2841 2587/2575
f 2457/2574 2612/2572 2597/2838
f 2564/3290 2565/2577 2566/2582
f 2612/2572 2613/2569 2598/2839
f 2570/3291 2564/3290 2563/2584
f 2570/3291 2563/2584 2569/1987
f 2601/2565 2598/2839 2613/2569
f 2600/2564 2598/2839 2601/2565
f 2600/2564 2446/2562 2380/2834
f 2444/2561 2603/2563 2604/2567
f 2381/2833 2446/2562 2445/2560
f 2383/2559 2381/2833 2445/2560
f 2383/2559 2451/2558 2452/2827
f 2450/2556 2389/2825 2451/2558
f 2449/2555 2390/2782 2450/2556
f 2441/2554 2448/2778 2449/2555
f 2447/2557 2443/2552 2442/2553
f 2443/2552 2444/2561 2440/2550
f 2441/2554 2439/2551 2433/2549
f 2431/2547 2429/2775 2433/2549
f 2432/2546 2430/2772 2431/2547
f 2349/2545 2348/2771 2432/2546
f 2318/2543 2436/2542 2435/2548
f 2318/2541 2435/3292 2543/1974
f 2319/3293 2318/2541 2543/1974
f 2318/2541 2319/3293 2320/2540
f 2322/1954 2320/2540 2319/3293
f 2533/2950 2349/2545 2317/2544
f 2536/2757 2345/2758 2533/2950
f 2538/2534 2537/2753 2536/2536
f 2539/2533 2537/2753 2538/2534
f 2541/2750 2539/2533 2542/2532
f 3139/2531 2529/2644 2542/2532
f 3745/2529 3744/2528 3139/2531
f 3135/2527 3775/2641 3744/2528
f 3127/2525 1753/2640 3135/2527
f 3130/1946 3124/2524 3134/2526
f 3122/2962 3127/2525 3126/2523
f 3129/1944 3125/2522 3124/2524
f 3112/3012 3126/2523 3121/2521
f 3128/1942 3118/2520 3125/2522
f 3110/3013 3121/2521 3120/2519
f 3119/1940 3116/2518 3118/2520
f 3108/3015 3120/2519 3113/2517
f 3117/1938 3114/2516 3116/2518
f 3113/2517 2738/2515 2737/3017
f 3115/1936 2722/2514 3114/2516
f 2738/2515 2739/2513 2740/2512
f 2789/2503 2741/3018 2740/2512
f 3492/2493 2790/2501 3491/2504
f 2789/2503 2752/2502 2741/3018
f 2753/3289 2751/3022 2752/3021
f 2794/3122 2749/3121 2753/3289
f 2792/2498 2793/3128 2794/2499
f 2792/2498 3493/2496 3494/3129
f 3492/2493 2791/2497 2790/2501
f 3493/2496 2807/2495 2806/3168
f 2808/2494 3492/2493 3491/2504
f 3804/3165 2807/2492 3803/2489
f 3805/2490 2808/2491 2816/2508
f 3805/2490 2809/2509 2804/2487
f 2805/2488 3804/3165 3803/2489
f 2776/2486 3538/3159 2805/2488
f 2809/2509 2811/2485 2804/2487
f 2775/2484 3542/3155 2776/2486
f 2812/2483 2811/2485 2813/2511
f 2812/2483 2813/2511 2814/1921
f 3547/3157 2775/2484 2867/2482
f 2866/2481 2812/2483 2814/1921
f 3532/3158 2867/2482 2787/2479
f 3534/2478 3532/3158 2787/2479
f 1670/2430 3532/3158 3534/2478
f 1670/2430 3534/2478 1669/3294
f 1669/2474 3534/2477 3548/2475
f 1671/2431 1669/3294 1668/3295
f 1668/3295 1741/3296 1738/2433
f 1660/1909 1664/2469 1663/2471
f 1741/3296 1749/3297 1739/2435
f 1721/2449 1739/2435 1749/3297
f 1665/1908 1744/2467 1664/2469
f 1721/2449 1749/3297 1720/2450
f 1724/2447 1722/2448 1719/2451
f 1724/2447 1730/2463 1731/2444
f 1732/2446 1712/2442 1714/2439
f 1733/2438 1732/2446 1714/2439
f 1721/2449 1733/2438 1734/2436
f 1739/2435 1721/2449 1734/2436
f 1741/3296 1739/2435 1738/2433
f 1668/3295 1738/2433 1671/2431
f 1671/2431 1670/2430 1669/3294
f 3532/3158 1670/2430 1752/2429
f 1695/2427 1658/3154 1752/2429
f 1751/2428 1735/2432 1697/2425
f 1696/2426 1694/3152 1695/2427
f 1696/2426 1750/2424 1698/2412
f 1735/2432 1736/2423 1697/2425
f 1750/2424 1718/2421 1701/2413
f 1737/2434 1717/2422 1736/2423
f 1717/2422 1716/2437 1715/2420
f 1715/2420 1713/2440 1705/2419
f 1718/2421 1710/2415 1701/2413
f 1750/2424 1701/2413 1698/2412
f 3918/2411 1692/3150 1698/2412
f 1700/2410 1699/3147 3918/2411
f 3919/2408 3915/2414 1709/2409
f 1585/2405 3762/3146 1700/2407
f 1585/2405 1603/2259 3762/3146
f 1709/2406 1708/2403 1588/2404
f 1597/3298 3661/2401 1600/2399
f 1600/2399 1598/3299 1597/3298
f 1597/3298 1598/3299 1770/3300
f 1597/3298 1770/3300 1767/3301
f 3663/3302 1597/3298 1767/3301
f 3663/3302 1767/3301 3660/3303
f 3715/2270 3663/3302 3660/3303
f 1767/3301 3659/3304 3660/3303
f 3660/3303 3659/3304 3626/3305
f 3660/3303 3626/3305 3629/2272
f 3659/3304 3624/3306 3626/3305
f 3626/3305 3624/3306 3625/3307
f 3626/3305 3625/3307 3627/2273
f 3627/2273 3625/3307 3597/2287
f 3624/3306 3615/3308 3625/3307
f 3625/3307 3615/3308 3600/2288
f 3624/3306 3612/3309 3615/3308
f 3612/3309 3606/3310 3615/3308
f 3615/3308 3606/3310 3602/2290
f 3612/3309 3605/3311 3606/3310
f 3405/2296 3606/3310 3605/3311
f 3655/3312 3605/3311 3612/3309
f 3657/3313 3655/3312 3612/3309
f 1801/3314 3655/3312 3657/3313
f 1801/3314 3657/3313 1799/3315
f 1801/3314 1799/3315 1798/3316
f 1801/3314 1798/3316 1800/3317
f 1800/3317 1864/3318 1801/3314
f 1801/3314 1864/3318 3656/3319
f 3488/2300 3656/3319 1864/3318
f 1800/3317 1865/3320 1864/3318
f 1865/3320 3500/2302 1864/3318
f 1865/3320 3503/3321 3500/2302
f 1865/3322 3791/3323 3503/3324
f 2948/2307 3503/3324 3791/3323
f 1865/3322 3924/3325 3791/3323
f 3924/3325 3512/3326 3791/3323
f 3801/2308 3791/3323 3512/3326
f 3924/3325 1867/3327 3512/3326
f 3504/2375 3512/3326 1867/3327
f 2950/2310 3512/3326 3504/2375
f 1802/2381 1867/3327 3924/3325
f 1802/2381 3924/3325 3922/3328
f 3922/3328 3924/3325 1865/3322
f 3922/3328 1865/3322 1800/3329
f 1800/3329 3920/3330 3922/3328
f 3922/3328 3920/3330 1797/2382
f 1800/3329 1798/3331 3920/3330
f 3929/3332 3920/3330 1798/3331
f 3929/3332 1798/3331 1769/3333
f 3928/3334 3929/3332 1769/3333
f 3928/3334 1769/3333 1770/3335
f 1770/3300 1769/3336 1768/3337
f 3928/3334 1771/2384 3929/3332
f 1768/3337 1769/3336 1798/3316
f 1771/2384 3920/3330 3929/3332
f 1768/3337 1798/3316 1799/3315
f 1799/3315 3659/3304 1768/3337
f 1799/3315 3657/3313 3659/3304
f 1801/3314 3656/3319 3655/3312
f 3655/3312 3656/3319 3605/3311
f 3656/3319 3402/2298 3605/3311
f 3657/3313 3612/3309 3624/3306
f 3659/3304 3657/3313 3624/3306
f 1767/3301 1768/3337 3659/3304
f 1770/3300 1768/3337 1767/3301
f 1598/3338 3928/3334 1770/3335
f 1598/3338 3917/3339 3928/3334
f 1764/2388 3928/3334 3917/3339
f 3917/3339 1598/3338 1599/2395
f 1597/3298 3663/3302 3661/2401
f 3663/3302 3725/2268 3661/2401
f 1708/2403 1707/2396 3665/2400
f 1600/2399 1599/2398 1598/3299
f 1706/2418 1702/2397 1707/2396
f 3917/3339 1599/2395 3923/2393
f 3916/2416 3921/2392 1702/2394
f 3917/3339 3923/2393 1703/2390
f 1705/2419 1704/2391 3921/2392
f 1704/2391 1711/2441 1577/2389
f 3917/3339 1703/2390 1764/2388
f 1580/2443 1578/2387 1577/2389
f 1764/2388 1772/2386 3928/3334
f 1579/2445 1774/2385 1578/2387
f 1579/2445 1777/1885 1774/2385
f 3928/3334 1772/2386 1771/2384
f 1777/1885 1775/2383 1774/2385
f 1771/2384 1797/2382 3920/3330
f 1776/1883 1796/2380 1775/2383
f 3922/3328 1797/2382 1802/2381
f 1803/2379 1867/3327 1802/2381
f 1803/2379 1866/2377 1867/3327
f 1805/3340 1851/2376 1804/2378
f 1794/1881 1805/3340 1804/2378
f 1790/1876 1805/3340 1794/1881
f 1805/3340 1850/3341 1851/2376
f 1827/1874 1850/3341 1805/3340
f 3504/2375 1867/3327 1866/2377
f 1850/3341 3507/2374 1851/2376
f 1850/3341 3505/2373 3507/2374
f 1849/1872 3505/2373 1850/3341
f 3505/2373 3510/1871 2938/2368
f 3510/1871 2935/2369 2938/2368
f 2929/2371 2930/2370 2886/2361
f 2929/2371 2886/2361 2893/2360
f 2896/2318 2891/2359 2892/2357
f 2896/2318 2892/2357 2895/3342
f 2888/1858 2890/3343 2885/2362
f 2895/3342 2892/2357 2720/2355
f 2895/3342 2720/2355 2870/3344
f 2884/3345 2895/3342 2870/3344
f 2884/3345 2870/3344 2715/3346
f 2881/3347 2884/3345 2715/3346
f 2881/3347 2715/3346 2714/2340
f 2880/2332 2881/3347 2714/2340
f 2882/2321 2884/3345 2881/3347
f 2846/2344 2715/3346 2870/3344
f 2846/2344 2716/2341 2715/3346
f 2883/2319 2895/3342 2884/3345
f 2720/2355 2846/2344 2870/3344
f 2889/1856 2717/3348 2890/3343
f 2720/2355 2719/2353 2846/2344
f 2718/3349 2717/3348 2874/1855
f 2718/3349 2874/1855 2730/3350
f 2729/1852 2730/3350 2874/1855
f 2730/3350 2844/3351 2718/3349
f 2730/3350 2728/3352 2844/3351
f 2727/1848 2844/3351 2728/3352
f 2725/1851 2728/3352 2730/3350
f 2846/2344 2719/2353 2845/2349
f 2829/2342 2716/2341 2846/2344
f 2714/2340 2715/3346 2716/2341
f 2880/2332 2714/2340 2872/2333
f 2879/2323 2881/3347 2880/2332
f 2900/2322 3797/2324 3799/2305
f 2879/2323 2882/2321 2881/3347
f 2905/2309 2899/2320 2900/2322
f 2882/2321 2883/2319 2884/3345
f 2906/2311 2898/2317 2899/2320
f 2883/2319 2896/2318 2895/3342
f 2897/2316 2891/2359 2896/2318
f 2908/2315 2893/2360 2897/2316
f 2940/2314 2939/2372 2908/2315
f 2940/2314 2949/2312 3504/2375
f 2906/2311 2907/2313 2898/2317
f 2950/2310 3504/2375 2949/2312
f 2905/2309 2906/2311 2899/2320
f 3801/2308 3512/3326 2950/2310
f 2900/2322 3799/2305 2905/2309
f 2948/2307 3791/3323 3801/2308
f 3797/2324 2903/2306 3799/2305
f 2903/2304 2904/1799 2947/2301
f 3500/2302 3503/3321 2948/2303
f 3488/2300 1864/3318 3500/2302
f 2904/1799 3428/2299 2947/2301
f 3656/3319 3488/2300 3402/2298
f 3427/1798 3403/2297 3428/2299
f 3405/2296 3605/3311 3402/2298
f 3406/1796 3404/2295 3403/2297
f 3606/3310 3405/2296 3401/2292
f 3407/1794 3399/2293 3404/2295
f 3606/3310 3401/2292 3602/2290
f 3601/2289 3400/2291 3415/1784
f 3615/3308 3602/2290 3600/2288
f 3631/1783 3599/2286 3601/2289
f 3625/3307 3600/2288 3597/2287
f 3678/1778 3637/2278 3636/2284
f 3645/2283 3638/2275 3644/2277
f 3645/2283 3588/1344 3638/2275
f 3647/1362 3588/1344 3645/2283
f 3594/2274 3596/2285 3595/2276
f 3627/2273 3597/2287 3594/2274
f 3629/2272 3626/3305 3627/2273
f 3715/2270 3660/3303 3629/2272
f 3741/1343 3716/2269 3630/2271
f 3663/3302 3715/2270 3725/2268
f 3717/2267 3716/2269 3723/1341
f 3668/2266 3661/2401 3725/2268
f 3664/2402 3668/2266 3671/2263
f 1587/2262 3664/2402 3671/2263
f 1585/2405 1587/2262 1586/2260
f 1603/2259 1585/2405 1586/2260
f 3762/3146 1603/2259 1604/2257
f 1606/2255 1601/2256 2073/1327
f 1672/2252 1604/2257 1605/2253
f 3763/3144 1672/2252 1673/2251
f 1625/2250 1674/3138 1673/2251
f 1613/2246 1677/3172 1625/2247
f 2058/2242 1619/2245 1624/2248
f 1612/2244 1608/2243 1609/2233
f 2059/1324 1607/2239 2058/2241
f 2066/2237 2065/2236 2067/2166
f 2056/1320 2067/2166 2065/2236
f 1610/2235 1609/2233 1608/2243
f 1612/2244 1609/2233 1611/2231
f 1639/3353 3819/2230 3818/2232
f 3832/2173 1639/3353 3818/2232
f 1639/3353 1627/3354 3819/2230
f 481/3355 1627/3354 1639/3353
f 1646/2175 481/3355 1639/3353
f 481/3355 478/3356 1627/3354
f 1626/3357 1627/3354 478/3356
f 1626/3357 478/3356 472/2216
f 1627/3354 1626/3357 3814/2229
f 1626/3357 3811/2222 3814/2229
f 478/3356 481/3355 480/3358
f 478/3356 480/3358 479/2214
f 759/2179 480/3358 481/3355
f 480/3358 759/2179 755/3359
f 480/3358 755/3359 493/2213
f 755/3359 496/3360 493/2213
f 755/3359 466/3361 496/3360
f 764/2199 496/3360 466/3361
f 465/3362 466/3361 755/3359
f 465/3362 755/3359 776/2181
f 772/3363 465/3362 776/2181
f 773/2195 465/3362 772/3363
f 468/2196 466/3361 465/3362
f 1613/2246 1611/2231 1618/2228
f 1627/3354 3814/2229 3819/2230
f 1679/2227 1613/2246 1618/2228
f 1679/2227 1678/2226 1676/3171
f 1684/2225 1652/3107 1678/2226
f 1684/2225 3846/2223 3840/3104
f 3814/2229 3811/2222 1680/2224
f 3846/2223 1682/2221 1807/3098
f 1626/3357 1681/2219 3811/2222
f 1682/2221 1683/2220 775/3099
f 2173/3101 1683/2220 469/2218
f 1681/2219 1626/3357 472/2216
f 2173/3101 469/2218 470/2217
f 762/2209 2173/3101 470/2217
f 471/2215 762/2209 470/2217
f 472/2216 478/3356 479/2214
f 479/2214 480/3358 493/2213
f 493/2213 496/3360 495/2201
f 494/2212 761/2211 471/2215
f 471/2215 761/2211 762/2209
f 762/2209 2174/2208 2173/3101
f 2174/2208 2175/2207 770/3103
f 2175/2207 769/2191 770/3103
f 2175/2207 2172/2205 769/2191
f 3577/2203 763/2206 757/2210
f 3577/2203 757/2210 758/2202
f 758/2202 757/2210 495/2201
f 495/2201 496/3360 764/2199
f 2164/2198 2170/2204 756/2200
f 764/2199 466/3361 467/2197
f 2165/2194 2170/2204 2164/2198
f 468/2196 467/2197 466/3361
f 773/2195 468/2196 465/3362
f 476/2193 773/2195 772/3363
f 476/2193 772/3363 475/2188
f 475/2188 772/3363 774/2182
f 2165/2194 2171/2192 2170/2204
f 769/2191 2172/2205 2171/2192
f 474/2189 770/3103 769/2191
f 473/2190 476/2193 475/2188
f 474/2189 492/2187 490/3102
f 492/2187 484/2186 491/3100
f 482/3095 484/2186 483/2185
f 486/2183 1809/3236 483/2185
f 475/2188 774/2182 771/2184
f 489/2180 487/3279 486/2183
f 772/3363 776/2181 774/2182
f 776/2181 755/3359 759/2179
f 489/2180 488/2178 487/3279
f 759/2179 481/3355 760/2177
f 487/3279 488/2178 1648/2176
f 1646/2175 760/2177 481/3355
f 3838/3277 1648/2176 3830/2174
f 3832/2173 1646/2175 1639/3353
f 1814/3276 3830/2174 1649/2170
f 1647/2172 3832/2173 3818/2232
f 1647/2172 2066/2234 1825/2171
f 1824/2169 1822/3245 1649/2170
f 2066/2237 2067/2166 1825/2167
f 1824/2168 2068/2165 3835/2164
f 3845/3247 3835/2164 1758/2163
f 1758/2163 1685/2161 3522/3257
f 1686/2159 3522/3257 1685/2161
f 1896/2157 3549/3260 1686/2159
f 3562/3275 1896/2157 740/2156
f 3519/3265 740/2156 739/2154
f 1644/1313 3842/2153 3843/2155
f 1644/1313 1642/3364 3842/2153
f 1644/1313 1643/3365 1642/3364
f 1643/3365 696/3366 1642/3364
f 1642/3364 696/3366 3831/2152
f 696/3366 3816/3367 3831/2152
f 696/3366 697/3368 3816/3367
f 697/3368 3912/3369 3816/3367
f 3816/3367 3912/3369 3907/3370
f 3816/3367 3907/3370 698/2150
f 698/2150 3907/3370 3902/2145
f 3907/3370 2128/3371 3902/2145
f 3907/3370 2127/3372 2128/3371
f 2127/3372 1412/3373 2128/3371
f 2128/3371 1412/3373 1414/2123
f 2128/3371 1414/2123 2120/2144
f 2127/3372 1413/3374 1412/3373
f 1413/3374 1406/3375 1412/3373
f 1412/3373 1406/3375 1415/2124
f 1415/2121 1406/3376 1365/3377
f 1411/3378 1365/3377 1406/3376
f 1411/3378 1366/3379 1365/3377
f 1365/3377 1366/3379 1364/3380
f 1365/3377 1364/3380 1363/3381
f 1365/3377 1363/3381 1368/3382
f 1365/3377 1368/3382 1367/2118
f 1368/3382 1363/3381 1339/3383
f 1368/3382 1339/3383 1340/3384
f 1348/2117 1368/3382 1340/3384
f 1348/2117 1340/3384 1342/3385
f 1347/1161 1348/2117 1342/3385
f 1342/3385 1340/3384 1332/3386
f 1342/3385 1332/3386 1341/3387
f 1343/1162 1342/3385 1341/3387
f 1343/1162 1341/3387 1344/3388
f 1344/3388 1341/3387 1294/1223
f 1341/3387 1332/3386 1245/1225
f 1330/3389 1332/3386 1340/3384
f 1244/1227 1332/3386 1330/3389
f 1330/3389 1340/3384 1339/3383
f 1337/3390 1330/3389 1339/3383
f 1337/3390 1339/3383 1338/3391
f 3834/3392 1337/3390 1338/3391
f 3834/3392 1338/3391 3833/3393
f 3834/3392 3833/3393 1359/3394
f 3834/3392 1359/3394 1358/1233
f 1358/1233 1359/3394 1354/3395
f 1370/3396 1354/3395 1359/3394
f 1370/3396 1359/3394 1369/3397
f 1372/3398 1370/3396 1369/3397
f 1372/3398 1369/3397 1371/3399
f 1417/3400 1372/3398 1371/3399
f 1417/3400 1371/3399 1416/3401
f 1419/3402 1417/3403 1416/3404
f 1419/3402 1416/3404 1418/3405
f 2123/3406 1419/3402 1418/3405
f 2123/3406 1418/3405 2126/3407
f 3904/3408 2123/3406 2126/3407
f 3904/3408 2126/3407 3906/3409
f 623/3410 3904/3408 3906/3409
f 623/3410 3906/3409 697/3368
f 606/3411 623/3410 697/3368
f 606/3411 624/1292 623/3410
f 606/3411 625/3412 624/1292
f 1643/3365 625/3412 606/3411
f 1643/3365 2048/3413 625/3412
f 2070/3414 625/3412 2048/3413
f 2051/1308 2070/3414 2048/3413
f 2070/3414 631/1293 625/3412
f 631/1293 2070/3414 2071/3415
f 2070/3414 2064/1306 2071/3415
f 2049/1310 2048/3413 1643/3365
f 624/1292 3904/3408 623/3410
f 3906/3409 2126/3407 3841/3416
f 3906/3409 3841/3416 3912/3369
f 3912/3369 3841/3416 2127/3372
f 2126/3407 3813/3417 3841/3416
f 3841/3416 3813/3417 1413/3374
f 3813/3417 1411/3418 1413/3374
f 3813/3417 3810/3419 1411/3418
f 1418/3405 3810/3419 3813/3417
f 3903/1290 2123/3406 3904/3408
f 2126/3407 1418/3405 3813/3417
f 2115/1288 1419/3402 2123/3406
f 1418/3405 1416/3404 3810/3419
f 1416/3401 3829/3420 3810/3421
f 3810/3421 3829/3420 1366/3379
f 1423/1286 1417/3403 1419/3402
f 1416/3401 1371/3399 3829/3420
f 1371/3399 3824/3422 3829/3420
f 3829/3420 3824/3422 1364/3380
f 1364/3380 3824/3422 3833/3393
f 1369/3397 3833/3393 3824/3422
f 1422/1282 1372/3398 1417/3400
f 1371/3399 1369/3397 3824/3422
f 1376/1280 1370/3396 1372/3398
f 1375/1278 1354/3395 1370/3396
f 1369/3397 1359/3394 3833/3393
f 1364/3380 3833/3393 1338/3391
f 3828/1231 1337/3390 3834/3392
f 878/1229 1330/3389 1337/3390
f 1363/3381 1338/3391 1339/3383
f 1363/3381 1364/3380 1338/3391
f 3829/3420 1364/3380 1366/3379
f 3810/3421 1366/3379 1411/3378
f 1413/3374 1411/3418 1406/3375
f 3841/3416 1413/3374 2127/3372
f 3912/3369 2127/3372 3907/3370
f 697/3368 3906/3409 3912/3369
f 606/3411 697/3368 696/3366
f 1643/3365 606/3411 696/3366
f 3561/3267 739/2154 703/2151
f 1642/3364 3831/2152 3842/2153
f 3831/2152 3816/3367 698/2150
f 704/2149 3561/3267 703/2151
f 704/2149 1650/2148 3543/2617
f 724/2616 1650/2148 2121/2147
f 724/2616 2121/2147 716/2141
f 698/2150 3902/2145 705/2146
f 3902/2145 2128/3371 2120/2144
f 716/2141 2121/2147 3887/2143
f 714/2139 724/2616 716/2141
f 3705/2138 3573/2613 714/2139
f 3496/2136 3684/2610 3705/2138
f 3541/2135 2180/2607 3496/2136
f 672/2134 3787/2606 3541/2135
f 675/2133 3851/2137 3852/2131
f 3852/2131 715/2140 3881/2129
f 3881/2129 3888/2142 2119/2127
f 2119/2127 2120/2144 1414/2123
f 1447/2103 1448/2126 1446/2125
f 1412/3373 1415/2124 1414/2123
f 1446/2122 1445/2120 1444/3423
f 1446/2125 1444/3424 1443/2104
f 1469/3425 1444/3423 1445/2120
f 1469/3425 1470/2112 1444/3423
f 1415/2121 1365/3377 1367/2118
f 1454/2119 1469/3425 1445/2120
f 1453/2113 1469/3425 1454/2119
f 1367/2118 1368/3382 1348/2117
f 1454/2119 1350/2116 1452/2115
f 1453/2113 1454/2119 1452/2115
f 1453/2113 1470/2112 1469/3425
f 3855/2109 1444/3423 1470/2112
f 1226/2107 1014/2110 1015/1106
f 1016/1155 1015/1106 1014/2110
f 3855/2109 3849/2108 1444/3423
f 1443/2104 1444/3424 3849/2106
f 1447/2103 1446/2125 1443/2104
f 3850/2101 2122/2128 1447/2103
f 3869/2099 3913/2130 3850/2101
f 673/2097 674/2132 3869/2099
f 3877/2096 672/2134 673/2097
f 3877/2096 626/2094 3525/2601
f 3551/2093 3525/2601 626/2094
f 3506/2091 2090/2599 3551/2093
f 3506/2091 2188/2064 2090/2599
f 3521/2089 2188/2064 3506/2091
f 3555/2087 2002/2065 3521/2089
f 2003/2067 3555/2087 3520/2085
f 2003/2067 3520/2085 2129/2083
f 2202/2082 3569/2084 3566/3426
f 2202/2082 3566/3426 2015/1060
f 3529/3427 2015/1060 3566/3426
f 3529/3427 3566/3426 583/1077
f 713/1079 3566/3426 3569/2084
f 2129/2083 2130/2081 2004/2068
f 2130/2081 3752/2070 2004/2068
f 2129/2083 2004/2068 2003/2067
f 3555/2087 2003/2067 2002/2065
f 3521/2089 2002/2065 2188/2064
f 2091/2063 2090/2599 2188/2064
f 2091/2063 3719/2061 3721/2596
f 2001/2066 3783/2060 2187/2062
f 3719/2061 2198/2059 2197/2589
f 3749/2069 3174/2058 3783/2060
f 2198/2059 2199/2057 2200/2590
f 3173/2071 2609/2056 3174/2058
f 2199/2057 2611/2055 3069/2592
f 2610/2054 2609/2056 3071/2073
f 3069/2592 2611/2055 2167/2053
f 2954/2075 3156/2052 2610/2054
f 2166/2593 2167/2053 2168/2051
f 2166/2593 2168/2051 2169/2050
f 3709/1992 2169/2050 2190/1993
f 3158/2595 3709/1992 3159/1990
f 2567/1989 3158/2595 3159/1990
f 2569/1987 2563/2584 2567/1989
f 2578/1985 2570/3291 2569/1987
f 2615/1982 2614/2568 2578/1983
f 2616/1980 2602/2566 2615/1982
f 2572/1976 2573/1984 2574/1968
f 2616/1980 2605/1979 2602/2566
f 2440/2550 2605/1979 2434/1978
f 2543/1974 2435/3292 2434/1975
f 2319/3293 2543/1974 2545/1973
f 3082/1958 2319/3293 2545/1973
f 3079/1962 2546/1972 2575/1970
f 2544/1971 2572/1976 2571/1969
f 2572/1976 2574/1968 2571/1969
f 2574/1968 2577/1986 2579/1966
f 3081/1964 2575/1970 2576/1967
f 2568/1988 3160/1965 2579/1966
f 3160/1965 3764/1991 3765/1963
f 3081/1964 3079/1962 2575/1970
f 1983/1994 3768/1961 3765/1963
f 3079/1962 3080/1960 2546/1972
f 1986/1996 3734/1959 3768/1961
f 3080/1960 3082/1958 2545/1973
f 2181/1998 3732/1957 3734/1959
f 3082/1958 2323/1956 2319/3293
f 2184/2000 3748/1955 3732/1957
f 2322/1954 2319/3293 2323/1956
f 2321/2002 3771/1953 3748/1955
f 2320/2540 2322/1954 3136/1952
f 2185/2004 3712/1951 3771/1953
f 2534/2538 3136/1952 3137/1950
f 2018/2006 3711/1947 3712/1951
f 2535/2535 3137/1950 3140/1949
f 3785/1948 3138/2530 3140/1949
f 3785/1948 3130/1946 3134/2526
f 2018/2006 2021/1945 3711/1947
f 3130/1946 3129/1944 3124/2524
f 2018/2006 2020/1943 2021/1945
f 3129/1944 3128/1942 3125/2522
f 2711/2008 2712/1941 2020/1943
f 3128/1942 3119/1940 3118/2520
f 3473/2013 3440/1939 2712/1941
f 3119/1940 3117/1938 3116/2518
f 3441/2021 3436/1937 3440/1939
f 3117/1938 3115/1936 3114/2516
f 3437/2022 3439/1935 3436/1937
f 3115/1936 2723/1934 2722/2514
f 2721/1932 2722/2514 2723/1934
f 3490/2505 2721/1932 2817/1931
f 2817/1929 3796/1927 3795/2507
f 3796/1927 2818/1925 2815/2510
f 2865/1922 2818/1925 2835/1923
f 2814/1921 2813/2511 2865/1922
f 2866/2481 2814/1921 2850/1919
f 2788/1918 2866/2481 2850/1919
f 2786/2480 2788/1918 2785/1916
f 2779/1914 2786/2476 2785/1915
f 3550/1911 2779/1914 2778/1912
f 1662/2473 3550/1911 1661/1910
f 1663/2471 1661/1910 1660/1909
f 1660/1909 1665/1908 1664/2469
f 1665/1908 1742/1907 1744/2467
f 1726/2454 1742/1907 1746/1906
f 1725/2455 1746/1906 1745/1905
f 1591/2457 1745/1905 1590/1904
f 1592/2459 1590/1904 1589/1903
f 1594/2460 1589/1903 1593/1902
f 1766/1900 1593/1902 1765/1901
f 1855/1899 1861/3 1863/7
f 1833/1897 1836/10 1853/23
f 1833/1897 1853/23 1852/1864
f 1848/3428 1833/1897 1852/1864
f 1833/1897 1848/3428 1780/1895
f 1779/3429 1780/1895 1848/3428
f 1781/1893 1862/1898 1832/1896
f 1782/1891 1862/1898 1781/1893
f 1581/1890 1766/1900 1782/1891
f 1581/1889 1584/1887 1583/2465
f 1584/1887 1759/1886 1731/2444
f 1777/1885 1579/2445 1759/1886
f 1777/1885 1776/1883 1775/2383
f 1776/1883 1795/1882 1796/2380
f 1794/1881 1804/2378 1795/1882
f 1793/1880 1792/1884 1789/1879
f 1789/1879 1783/1888 1778/1877
f 1788/1878 1790/1876 1794/1881
f 1778/1894 1780/1895 1779/3429
f 1790/1876 1827/1874 1805/3340
f 1779/3429 1848/3428 1828/3430
f 1828/3430 1848/3428 1847/1865
f 1827/1874 1849/1872 1850/3341
f 1849/1872 3510/1871 3505/2373
f 3510/1871 3514/1870 2935/2369
f 2935/2367 3514/1868 3513/1866
f 1828/3430 1847/1865 1837/1867
f 3501/1863 2936/2366 3513/1866
f 1848/3428 1852/1864 1847/1865
f 1852/1864 1853/23 3498/20
f 3501/1863 2941/1862 2936/2366
f 2941/1862 2933/1861 2937/2364
f 2887/1860 2937/2364 2933/1861
f 2885/2362 2887/1860 2888/1858
f 2931/24 2945/1857 2932/1859
f 2931/24 2946/14 2945/1857
f 2888/1858 2889/1856 2890/3343
f 2946/14 2943/1854 2945/1857
f 2946/14 2944/6 2943/1854
f 2889/1856 2874/1855 2717/3348
f 2943/1854 2944/6 2710/5
f 2729/1852 2874/1855 2873/1853
f 2725/1851 2730/3350 2729/1852
f 2726/1850 2728/3352 2725/1851
f 2863/28 2860/1849 2862/27
f 2863/28 2861/1842 2860/1849
f 2726/1850 2727/1848 2728/3352
f 2861/1842 2842/1846 2860/1849
f 2727/1848 2840/1847 2844/3351
f 2836/2348 2841/2345 2840/2350
f 2837/2347 2839/2346 2836/2348
f 2861/1842 2843/1843 2842/1846
f 2861/1842 2863/28 2858/30
f 2784/21 2777/1840 2783/26
f 2777/1840 2780/1913 2781/1835
f 2859/1838 2857/1841 2782/1839
f 2837/1844 2859/1838 2864/1837
f 2780/1913 2856/1836 2781/1835
f 2856/1834 2853/1917 2854/1831
f 2838/1832 2837/2347 2864/1833
f 2853/1917 2852/1830 2854/1831
f 2852/1830 2851/1920 2834/1829
f 2848/1827 2838/1832 2849/1828
f 2831/1826 2847/2343 2848/1827
f 2834/1829 2832/1824 2833/1825
f 2832/1824 2827/1924 2822/1820
f 2828/1822 2831/1826 2830/1823
f 2821/1821 2713/2339 2828/1822
f 3798/1819 2820/2338 2821/1821
f 3793/1816 2822/1820 2827/1924
f 2819/1818 3800/2337 3798/1819
f 2823/1817 3793/1816 3792/1926
f 2824/1813 2735/3431 2819/1815
f 2824/1813 2736/1807 2735/3431
f 2825/1812 2823/1814 2826/1930
f 2724/1933 3434/1811 2825/1812
f 3434/1811 3439/1935 3438/1810
f 3438/1810 3470/2024 3432/1808
f 2736/1807 2824/1813 3435/1809
f 3432/1808 3433/2027 2733/1805
f 2734/1806 2735/3431 2736/1807
f 2734/2335 2878/2331 3806/2330
f 2875/1803 2733/1805 3433/2027
f 2876/1802 2877/2329 2878/1804
f 2875/1803 3431/2028 3430/1801
f 2876/1802 2902/1800 2901/2328
f 2901/2328 2902/1800 2904/1799
f 2904/1799 3427/1798 3428/2299
f 3427/1798 3406/1796 3403/2297
f 3430/1801 3408/1795 3429/1797
f 3406/1796 3407/1794 3404/2295
f 3410/2030 3409/1793 3408/1795
f 3407/1794 3397/1792 3399/2293
f 3411/2031 3395/1791 3409/1793
f 3398/2294 3397/1792 3396/1790
f 3414/1785 3398/2294 3396/1790
f 3392/2033 3394/1789 3395/1791
f 3392/2033 3393/1763 3394/1789
f 3414/1785 3396/1790 3416/1787
f 3415/1784 3398/2294 3414/1785
f 3601/2289 3415/1784 3631/1783
f 3631/1783 3635/1782 3599/2286
f 3677/1780 3636/2284 3635/1782
f 3677/1780 3678/1778 3636/2284
f 3678/1778 3679/1777 3637/2278
f 3698/1776 3680/2279 3679/1777
f 3708/1773 3710/1753 3698/1776
f 3699/1775 3702/1779 3704/1772
f 3704/1772 3674/1781 3443/1771
f 3443/1771 3442/1786 3457/1769
f 3459/1756 3460/1774 3458/1770
f 3442/1786 3456/1768 3457/1769
f 3456/1768 3444/1788 3445/1766
f 3444/1788 3417/1765 3445/1766
f 3417/1765 3394/1789 3393/1763
f 3419/1762 3393/1763 3392/2033
f 3419/1762 3390/2035 3421/1761
f 3446/1759 3418/1764 3420/1760
f 3455/1767 3446/1759 3454/1757
f 3459/1756 3455/1767 3454/1757
f 3462/1754 3460/1774 3459/1756
f 3462/1754 3710/1753 3708/1773
f 3710/1753 3714/1752 3696/2281
f 3714/1752 463/1751 564/2282
f 565/3432 564/2282 463/1751
f 565/3432 463/1751 464/3433
f 1791/3434 565/3432 464/3433
f 1791/3434 464/3433 1760/3435
f 3189/3436 1791/3437 1760/3438
f 3189/3436 1760/3438 3287/3439
f 3287/3439 3192/3440 3189/3436
f 3189/3436 3192/3440 3191/3441
f 3189/3436 3191/3441 3190/1374
f 3270/3442 3191/3441 3192/3440
f 3270/3442 3192/3440 3214/3443
f 3214/3443 3265/3444 3270/3442
f 3264/3445 3270/3442 3265/3444
f 3265/3444 3215/3446 3264/3445
f 3215/3446 3244/3447 3264/3445
f 3264/3445 3244/3447 3255/3448
f 3264/3445 3255/3448 3269/3449
f 3205/1376 3269/3449 3255/3448
f 3244/3447 3254/3450 3255/3448
f 3208/1378 3255/3448 3254/3450
f 3244/3447 3243/3451 3254/3450
f 3243/3452 3268/1390 3254/3453
f 3193/1385 3254/3453 3268/1390
f 3216/3454 3243/3451 3244/3447
f 3216/3454 3242/3455 3243/3451
f 3241/1391 3243/3452 3242/3456
f 3253/3457 3242/3455 3216/3454
f 3253/3457 3216/3454 3217/3458
f 3219/3459 3253/3457 3217/3458
f 3219/3459 3217/3458 3257/3460
f 3257/3460 3217/3458 3218/3461
f 3257/3460 3218/3461 3256/3462
f 3256/3462 3218/3461 3222/3463
f 3256/3462 3222/3463 3258/3464
f 3258/3464 3222/3463 3272/3465
f 3258/3464 3272/3465 3259/3466
f 3288/3467 3259/3466 3272/3465
f 3272/3465 3289/3468 3288/3467
f 3288/3467 3289/3468 3284/3469
f 3288/3467 3284/3469 3285/3470
f 3290/3471 3288/3467 3285/3470
f 3290/3471 3285/3470 3286/3472
f 3380/3473 3286/3472 3285/3470
f 3380/3473 3285/3470 3378/3474
f 3378/3474 3358/3475 3380/3473
f 3378/3474 3371/3476 3358/3475
f 3357/3477 3358/3475 3371/3476
f 3357/3477 3371/3476 3325/3478
f 3355/3479 3357/3477 3325/3478
f 3355/3479 3325/3478 3321/3480
f 3356/3481 3355/3479 3321/3480
f 3356/3481 3321/3480 3320/3482
f 3322/3483 3356/3481 3320/3482
f 3322/3483 3320/3482 3352/3484
f 3323/3485 3322/3486 3352/3487
f 3323/3485 3352/3487 3326/3488
f 3326/3488 3328/3489 3323/3485
f 3326/3488 3327/3490 3328/3489
f 3327/3490 3372/3491 3328/3489
f 3327/3490 3375/3492 3372/3491
f 3373/3493 3372/3491 3375/3492
f 3373/3493 3375/3492 3374/3494
f 3331/3495 3373/3493 3374/3494
f 3331/3495 3374/3494 3332/3496
f 3329/3497 3331/3495 3332/3496
f 3329/3497 3332/3496 3376/3498
f 3329/3497 3376/3498 3362/3499
f 3361/3500 3329/3497 3362/3499
f 3359/1409 3361/3500 3362/3499
f 3337/1414 3359/1409 3362/3499
f 3361/3500 3330/3501 3329/3497
f 3376/3498 3337/1414 3362/3499
f 3329/3497 3330/3501 3331/3495
f 3374/3494 3376/3498 3332/3496
f 3374/3494 3375/3492 3376/3498
f 3335/3502 3376/3498 3375/3492
f 3336/3503 3335/3502 3375/3492
f 3333/3504 3335/3502 3336/3503
f 3333/3504 3336/3503 3341/3505
f 3333/3504 3341/3505 3342/3506
f 3366/3507 3333/3504 3342/3506
f 3366/3507 3342/3506 3367/3508
f 3299/3509 3366/3507 3367/3508
f 3299/3509 3367/3508 3296/3510
f 3296/3510 3298/3511 3299/3509
f 3299/3509 3298/3511 3300/1422
f 3296/3510 3297/3512 3298/3511
f 3298/3511 3297/3512 3185/3513
f 3298/3511 3185/3513 3186/3514
f 223/1424 3298/3511 3186/3514
f 1934/3515 3186/3514 3185/3513
f 1935/3516 1934/3515 3185/3513
f 1935/3516 3185/3513 2977/3517
f 1212/3518 1935/3519 2977/3520
f 1212/3518 2977/3520 1213/3521
f 1211/3522 1212/3518 1213/3521
f 1211/3522 1213/3521 1214/3523
f 1214/3523 2151/3524 1211/3522
f 1211/3522 2151/3524 2150/1743
f 1214/3523 2532/3525 2151/3524
f 1942/3526 2151/3524 2532/3525
f 1942/3526 2532/3525 2894/3527
f 2894/3527 1361/3528 1942/3526
f 1360/1748 1942/3526 1361/3528
f 2894/3527 2871/3529 1361/3528
f 2871/3529 3495/3530 1361/3528
f 3497/1750 1361/3528 3495/3530
f 464/3433 3497/1750 3495/3530
f 2871/3529 3545/3531 3495/3530
f 1760/3435 3495/3530 3545/3531
f 3377/3532 3545/3533 2871/3534
f 2871/3534 3292/3535 3377/3532
f 3377/3532 3292/3535 3295/3536
f 3377/3532 3295/3536 3370/3537
f 3282/3538 3377/3532 3370/3537
f 3282/3538 3370/3537 3279/3539
f 3282/3538 3279/3539 3271/3540
f 3282/3538 3271/3540 3287/3439
f 3287/3439 3545/3533 3282/3538
f 3213/3541 3271/3540 3279/3539
f 3213/3541 3279/3539 3277/3542
f 3277/3542 3212/3543 3213/3541
f 3211/3544 3213/3541 3212/3543
f 3266/3545 3211/3544 3212/3543
f 3266/3545 3212/3543 3289/3468
f 3289/3468 3212/3543 3278/3546
f 3211/3544 3266/3545 3221/3547
f 3211/3544 3221/3547 3265/3444
f 3222/3463 3221/3547 3266/3545
f 3211/3544 3214/3443 3213/3541
f 3277/3542 3278/3546 3212/3543
f 3277/3542 3315/3548 3278/3546
f 3379/3549 3278/3546 3315/3548
f 3365/3550 3379/3549 3315/3548
f 3365/3550 3315/3548 3314/3551
f 3314/3551 3324/3552 3365/3550
f 3325/3478 3365/3550 3324/3552
f 3314/3551 3364/3553 3324/3552
f 3364/3553 3318/3554 3324/3552
f 3324/3552 3318/3554 3321/3480
f 3364/3553 3363/3555 3318/3554
f 3318/3554 3363/3555 3345/3556
f 3318/3554 3345/3556 3319/3557
f 3318/3554 3319/3557 3320/3482
f 3319/3557 3345/3556 3344/3558
f 3319/3557 3344/3558 3343/3559
f 3352/3484 3319/3557 3343/3559
f 3352/3487 3343/3560 3341/3505
f 3342/3506 3343/3560 3344/3561
f 3345/3556 3353/3562 3344/3558
f 3344/3561 3353/3563 3367/3508
f 3345/3556 3354/3564 3353/3562
f 3311/3565 3353/3562 3354/3564
f 3311/3565 3354/3564 3308/3566
f 3307/3567 3311/3565 3308/3566
f 3306/3568 3307/3567 3308/3566
f 3306/3568 3308/3566 3309/3569
f 3293/3570 3306/3568 3309/3569
f 3293/3570 3309/3569 3294/3571
f 3292/3535 3293/3570 3294/3571
f 2894/3572 3293/3570 3292/3535
f 3294/3571 3309/3569 3368/3573
f 3294/3571 3368/3573 3369/3574
f 3369/3574 3295/3536 3294/3571
f 3369/3574 3317/3575 3295/3536
f 3317/3575 3369/3574 3364/3553
f 3363/3555 3369/3574 3368/3573
f 3363/3555 3368/3573 3354/3564
f 2532/3576 3306/3568 3293/3570
f 3308/3566 3368/3573 3309/3569
f 3307/3567 3306/3568 1214/3577
f 3307/3567 3310/3578 3311/3565
f 3297/3512 3311/3579 3310/3580
f 3297/3512 3310/3580 2977/3517
f 3310/3578 3307/3567 1213/3581
f 3308/3566 3354/3564 3368/3573
f 3296/3510 3353/3563 3311/3579
f 3363/3555 3354/3564 3345/3556
f 3363/3555 3364/3553 3369/3574
f 3317/3575 3364/3553 3314/3551
f 3314/3551 3316/3582 3317/3575
f 3370/3537 3317/3575 3316/3582
f 3314/3551 3315/3548 3316/3582
f 3371/3476 3379/3549 3365/3550
f 3379/3549 3284/3469 3278/3546
f 3378/3474 3284/3469 3379/3549
f 3277/3542 3316/3582 3315/3548
f 3316/3582 3277/3542 3279/3539
f 3271/3540 3213/3541 3214/3443
f 3316/3582 3279/3539 3370/3537
f 3370/3537 3295/3536 3317/3575
f 3292/3535 3294/3571 3295/3536
f 3377/3532 3282/3538 3545/3533
f 2871/3534 2894/3572 3292/3535
f 2894/3572 2532/3576 3293/3570
f 1941/1745 2151/3524 1942/3526
f 2532/3576 1214/3577 3306/3568
f 3307/3567 1214/3577 1213/3581
f 1727/1741 1212/3518 1211/3522
f 1727/1741 1728/3583 1212/3518
f 3310/3578 1213/3581 2977/3584
f 1935/3519 1212/3518 1728/3583
f 1935/3519 1728/3583 1932/3585
f 1932/3585 1728/3583 2255/1737
f 1932/3585 2255/1737 2980/3586
f 1933/1428 1932/3587 2980/3588
f 1932/3587 1933/1428 1934/3515
f 1932/3587 1934/3515 1935/3516
f 1934/3515 2219/1426 3186/3514
f 3297/3512 2977/3517 3185/3513
f 3297/3512 3296/3510 3311/3579
f 3296/3510 3367/3508 3353/3563
f 3366/3507 3299/3509 3301/1420
f 3344/3561 3367/3508 3342/3506
f 3346/1418 3333/3504 3366/3507
f 3342/3506 3341/3505 3343/3560
f 3341/3505 3336/3503 3327/3490
f 3333/3504 3334/1416 3335/3502
f 3335/3502 3338/1415 3376/3498
f 3336/3503 3375/3492 3327/3490
f 3341/3505 3327/3490 3326/3488
f 3352/3487 3341/3505 3326/3488
f 3352/3484 3320/3482 3319/3557
f 3318/3554 3320/3482 3321/3480
f 3324/3552 3321/3480 3325/3478
f 3325/3478 3371/3476 3365/3550
f 3371/3476 3378/3474 3379/3549
f 3378/3474 3285/3470 3284/3469
f 3289/3468 3278/3546 3284/3469
f 3272/3465 3266/3545 3289/3468
f 3288/3467 3290/3471 3259/3466
f 3222/3463 3266/3545 3272/3465
f 3221/3547 3222/3463 3218/3461
f 3221/3547 3218/3461 3215/3446
f 3215/3446 3218/3461 3217/3458
f 3220/3589 3253/3590 3219/3591
f 3220/3589 3225/3592 3253/3590
f 3253/3590 3225/3592 3240/1392
f 3225/3592 3220/3589 3227/3593
f 3225/3592 3227/3593 3226/1394
f 3215/3446 3217/3458 3216/3454
f 3253/3590 3240/1392 3242/3456
f 3215/3446 3216/3454 3244/3447
f 3265/3444 3221/3547 3215/3446
f 3264/3445 3269/3449 3270/3442
f 3214/3443 3211/3544 3265/3444
f 3271/3540 3214/3443 3192/3440
f 3191/3441 3270/3442 3269/3449
f 3191/3441 3269/3449 3206/1375
f 3287/3439 3271/3540 3192/3440
f 3287/3439 1760/3438 3545/3533
f 3190/1374 1791/3437 3189/3436
f 1760/3435 464/3433 3495/3530
f 1387/1370 565/3432 1791/3434
f 564/2282 565/3432 651/1368
f 464/3433 463/1751 3497/1750
f 3497/1750 1360/1748 1361/3528
f 3464/1749 3461/1755 3463/1747
f 1360/1748 1941/1745 1942/3526
f 3461/1755 3453/1746 3463/1747
f 3453/1746 3447/1758 3448/1744
f 1941/1745 2150/1743 2151/3524
f 3421/1761 3449/1742 3448/1744
f 1211/3522 2150/1743 1727/1741
f 3422/2047 3450/1740 3449/1742
f 2252/1738 1728/3583 1727/1741
f 3423/2043 3451/1739 3450/1740
f 3451/1739 3452/2044 2253/1735
f 2252/1738 2255/1737 1728/3583
f 2980/3586 2255/1737 2254/1736
f 2980/3586 2254/1736 2981/3594
f 3143/1429 2980/3588 2981/3595
f 3143/1429 2981/3595 2976/3596
f 958/3597 2976/3596 2981/3595
f 958/3597 888/3598 2976/3596
f 2975/3599 2976/3596 888/3598
f 2975/3599 888/3598 887/3600
f 2982/3601 2975/3599 887/3600
f 2982/3601 887/3600 2630/3602
f 2630/3602 110/3603 2982/3601
f 2982/3601 110/3603 113/1434
f 2630/3602 1858/3604 110/3603
f 1149/3605 110/3603 1858/3604
f 1150/3606 1149/3605 1858/3604
f 1150/3606 1858/3604 1859/3607
f 1859/3607 2009/3608 1150/3606
f 1150/3606 2009/3608 3567/1445
f 2009/3608 3518/3609 3567/1445
f 2009/3608 2008/3610 3518/3609
f 2008/3610 3536/3611 3518/3609
f 580/1448 3518/3609 3536/3611
f 580/1448 3536/3611 1895/3612
f 1895/3612 3536/3611 3530/3613
f 1895/3612 3530/3613 746/3614
f 1019/1453 1895/3612 746/3614
f 579/1449 1895/3612 1019/1453
f 746/3614 3530/3613 3537/3615
f 746/3614 3537/3615 741/1465
f 741/1465 747/1454 746/3614
f 2224/3616 3537/3615 3530/3613
f 2973/3617 2224/3616 3530/3613
f 2377/3618 2224/3616 2973/3617
f 2007/3619 2377/3618 2973/3617
f 2007/3619 2973/3617 2008/3610
f 2006/3620 2007/3619 2008/3610
f 2561/3621 2007/3619 2006/3620
f 2631/3622 2561/3621 2006/3620
f 2631/3622 2006/3620 1859/3607
f 2630/3602 2631/3622 1859/3607
f 2631/3622 3011/3623 2561/3621
f 2561/3621 3011/3623 3012/3624
f 2561/3621 3012/3624 2375/3625
f 2376/3626 2375/3625 3012/3624
f 2376/3626 3012/3624 3077/3627
f 2562/3628 2376/3626 3077/3627
f 2562/3628 3077/3627 3068/3629
f 2966/3630 2562/3628 3068/3629
f 2966/3630 3068/3629 3067/3631
f 2608/1490 2966/3630 3067/3631
f 2477/3632 2966/3630 2608/1490
f 2477/3632 2226/3633 2966/3630
f 2476/3634 2226/3633 2477/3632
f 2475/1486 2476/3634 2477/3632
f 2476/3634 2475/1486 3524/1467
f 2476/3634 2223/3635 2226/3633
f 2223/3635 2225/3636 2226/3633
f 2226/3633 2225/3636 2562/3628
f 2223/3635 2224/3616 2225/3636
f 2223/3635 2476/3634 3523/1466
f 2223/3635 3523/1466 3537/3615
f 3031/1523 3067/3631 3068/3629
f 3066/1491 3067/3631 3031/1523
f 2226/3633 2562/3628 2966/3630
f 3077/3627 3015/1525 3068/3629
f 3077/3627 2148/3637 3015/1525
f 2148/3637 1267/3638 3015/1525
f 2148/3637 2147/3639 1267/3638
f 1267/3638 2147/3639 722/3640
f 1267/3638 722/3640 721/3641
f 1267/3638 721/3641 1268/3642
f 1267/3638 1268/3642 1266/1526
f 1266/1526 1268/3642 1098/3643
f 2681/3644 1098/3645 1268/3646
f 2681/3644 1268/3646 3025/3647
f 2705/3648 2681/3644 3025/3647
f 2705/3648 3025/3647 2671/3649
f 2671/3649 2704/3650 2705/3648
f 2683/3651 2705/3648 2704/3650
f 3019/3652 2683/3651 2704/3650
f 3019/3652 2704/3650 2670/3653
f 3020/3654 3019/3652 2670/3653
f 3020/3654 2670/3653 720/3655
f 720/3655 3024/3656 3020/3654
f 3020/3654 3024/3656 3008/3657
f 3020/3654 3008/3657 3007/3658
f 3007/3658 3008/3657 3009/1551
f 3009/1551 3008/3657 653/3659
f 3024/3656 653/3659 3008/3657
f 3024/3656 654/3660 653/3659
f 652/3661 653/3659 654/3660
f 652/3661 654/3660 655/3662
f 652/3661 655/3662 2619/3663
f 652/3661 2619/3663 2634/3664
f 2634/3664 794/3665 652/3661
f 652/3661 794/3665 795/1552
f 2634/3664 2635/3666 794/3665
f 1042/3667 794/3665 2635/3666
f 1042/3667 2635/3666 1043/3668
f 1040/3669 1042/3667 1043/3668
f 1275/3670 1040/3669 1043/3668
f 1275/3670 1043/3668 2636/3671
f 1275/3670 2636/3671 2638/3672
f 1275/3670 2638/3672 1276/3673
f 1275/3670 1276/3673 864/3674
f 1275/3670 864/3674 863/3675
f 861/3676 863/3675 864/3674
f 622/3677 861/3676 864/3674
f 622/3677 864/3674 1308/3678
f 619/3679 622/3677 1308/3678
f 619/3679 1308/3678 1307/1703
f 1306/3680 1307/1703 1308/3678
f 1306/3680 1308/3678 1305/3681
f 1305/3681 1930/3682 1306/3680
f 1931/1706 1306/3680 1930/3682
f 1055/1711 1931/1706 1930/3682
f 1055/1711 1930/3682 1056/3683
f 3005/3684 1056/3683 1930/3682
f 3005/3684 2988/3685 1056/3683
f 1054/3686 1056/3683 2988/3685
f 1054/3686 2988/3685 2985/3687
f 2985/3687 1331/3688 1054/3686
f 1054/3686 1331/3688 750/1715
f 2985/3687 2983/3689 1331/3688
f 2983/3689 1913/3690 1331/3688
f 1331/3688 1913/3690 666/1717
f 2983/3689 1914/3691 1913/3690
f 667/1718 1913/3690 1914/3691
f 601/3692 667/1718 1914/3691
f 601/3692 1914/3691 602/3693
f 600/3694 601/3692 602/3693
f 600/3694 602/3693 603/3695
f 1049/3696 600/3694 603/3695
f 1049/3696 603/3695 1048/3697
f 1049/3696 1048/3697 2620/3698
f 1049/3696 2620/3698 2621/3699
f 722/3700 1049/3696 2621/3699
f 722/3700 2621/3699 723/3701
f 723/3701 2621/3699 654/3660
f 2146/3702 1049/3703 722/3640
f 1049/3703 2146/3702 2228/3704
f 2227/3705 2228/3704 2146/3702
f 2227/3705 2146/3702 2145/3706
f 3011/3623 2227/3705 2145/3706
f 890/3707 2227/3705 3011/3623
f 890/3707 889/3708 2227/3705
f 887/3600 889/3708 890/3707
f 887/3600 890/3707 2631/3622
f 2145/3706 2146/3702 2147/3639
f 889/3708 2228/3704 2227/3705
f 889/3708 957/3709 2228/3704
f 957/3709 600/3710 2228/3704
f 888/3598 957/3709 889/3708
f 2621/3699 2620/3698 655/3662
f 655/3662 2620/3698 1048/3697
f 1048/3697 603/3695 3018/3711
f 1048/3697 3018/3711 2619/3663
f 603/3695 2984/3712 3018/3711
f 2984/3712 2987/3713 3018/3711
f 3018/3711 2987/3713 2634/3664
f 2984/3712 2986/3714 2987/3713
f 2986/3714 2637/3715 2987/3713
f 2987/3713 2637/3715 2635/3666
f 2986/3714 2639/3716 2637/3715
f 2636/3671 2637/3715 2639/3716
f 2985/3687 2639/3716 2986/3714
f 2986/3714 2984/3712 2983/3689
f 2983/3689 2984/3712 602/3693
f 1049/3703 2228/3704 600/3710
f 603/3695 602/3693 2984/3712
f 957/3709 601/3717 600/3710
f 926/3718 601/3717 957/3709
f 926/1727 667/1718 601/3692
f 2983/3689 602/3693 1914/3691
f 2986/3714 2983/3689 2985/3687
f 2985/3687 2988/3685 2639/3716
f 2638/3672 2639/3716 2988/3685
f 753/1713 1056/3683 1054/3686
f 2638/3672 2988/3685 3005/3684
f 1305/3681 3005/3684 1930/3682
f 1276/3673 3005/3684 1305/3681
f 620/3719 622/3677 619/3679
f 619/3679 891/3720 620/3719
f 1857/3721 620/3719 891/3720
f 1856/3722 1857/3721 891/3720
f 1856/3722 891/3720 892/3723
f 1037/3724 1856/3722 892/3723
f 1037/3724 892/3723 982/3725
f 556/3726 1037/3724 982/3725
f 556/3726 982/3725 557/3727
f 555/3728 556/3726 557/3727
f 555/3728 557/3727 558/1680
f 557/3727 663/1699 558/1680
f 555/3728 2028/3729 556/3726
f 556/3726 2028/3729 1884/3730
f 2029/3731 1884/3730 2028/3729
f 678/3732 2029/3731 2028/3729
f 678/3732 677/3733 2029/3731
f 2029/3731 677/3733 1210/3734
f 2029/3731 1210/3734 1209/1673
f 1210/3734 677/3733 676/1676
f 677/3733 678/3732 679/1678
f 679/1678 678/3732 555/3728
f 2029/3731 1885/1670 1884/3730
f 555/3728 678/3732 2028/3729
f 557/3727 982/3725 663/1699
f 556/3726 1884/3730 1037/3724
f 1036/3735 1037/3724 1884/3730
f 1036/3735 1884/3730 1883/1669
f 2699/3736 1036/3735 1883/1669
f 2699/3736 780/3737 1036/3735
f 1036/3735 780/3737 783/3738
f 780/3737 782/3739 783/3738
f 782/3739 2669/3740 783/3738
f 783/3738 2669/3740 1856/3722
f 782/3739 1250/3741 2669/3740
f 1250/3741 2625/3742 2669/3740
f 2669/3740 2625/3742 1857/3721
f 2624/3743 1857/3721 2625/3742
f 2624/3743 2625/3742 2626/3744
f 1272/3745 2624/3743 2626/3744
f 1272/3745 2626/3744 2640/3746
f 536/3747 1272/3745 2640/3746
f 536/3747 2640/3746 2641/3748
f 2672/3749 536/3747 2641/3748
f 1113/3750 2672/3749 2641/3748
f 1113/3750 2641/3748 1110/3751
f 1110/3751 1112/3752 1113/3750
f 840/3753 1113/3750 1112/3752
f 700/3754 840/3753 1112/3752
f 700/3754 1112/3752 701/3755
f 699/3756 700/3754 701/3755
f 699/3756 701/3755 702/3757
f 1074/3758 699/3756 702/3757
f 1074/3758 702/3757 2676/3759
f 942/3760 1074/3758 2676/3759
f 942/3760 2676/3759 1843/3761
f 835/1630 942/3760 1843/3761
f 835/1630 1843/3761 1842/3762
f 836/1639 835/1630 1842/3762
f 1842/3762 1843/3761 1844/3763
f 1842/3762 1844/3763 1845/3764
f 2665/1640 1842/3762 1845/3764
f 1845/3764 1844/3763 1304/3765
f 1845/3764 1304/3765 1303/1642
f 1301/3766 1303/1642 1304/3765
f 2674/3767 1301/3766 1304/3765
f 2674/3767 1304/3765 2673/3768
f 1333/3769 2674/3767 2673/3768
f 1333/3769 2673/3768 1334/3770
f 1067/3771 1333/3769 1334/3770
f 1067/3771 1334/3770 1068/3772
f 635/3773 1067/3771 1068/3772
f 635/3773 1068/3772 636/3774
f 636/3774 638/3775 635/3773
f 635/3773 638/3775 2626/3744
f 636/3774 637/3776 638/3775
f 2640/3746 638/3775 637/3776
f 1110/3751 2640/3746 637/3776
f 637/3776 1111/3777 1110/3751
f 637/3776 636/3774 1111/3777
f 1038/3778 1111/3777 636/3774
f 701/3755 1111/3777 1038/3778
f 1038/3778 636/3774 1068/3772
f 1039/3779 1038/3778 1068/3772
f 702/3757 1038/3778 1039/3779
f 1251/3780 1067/3771 635/3773
f 1251/3780 635/3773 1250/3741
f 1039/3779 1068/3772 1334/3770
f 1334/3770 2675/3781 1039/3779
f 2676/3759 1039/3779 2675/3781
f 1333/3769 1067/3771 1251/3780
f 1333/3769 1251/3780 2251/3782
f 782/3739 2251/3782 1251/3780
f 782/3739 781/3783 2251/3782
f 2702/3784 2251/3782 781/3783
f 2702/3784 781/3783 2700/3785
f 1253/1645 2702/3784 2700/3785
f 1301/3766 2702/3784 1253/1645
f 2700/3785 781/3783 780/3737
f 2674/3767 2251/3782 2702/3784
f 1334/3770 2673/3768 2675/3781
f 2673/3768 1844/3763 2675/3781
f 2674/3767 1333/3769 2251/3782
f 1301/3766 2674/3767 2702/3784
f 2673/3768 1304/3765 1844/3763
f 1843/3761 2675/3781 1844/3763
f 1843/3761 2676/3759 2675/3781
f 942/3760 1073/3786 1074/3758
f 1074/3758 1073/3786 711/3787
f 2679/3788 711/3787 1073/3786
f 2679/3788 1073/3786 1830/3789
f 2678/3790 2679/3788 1830/3789
f 2678/3790 1830/3789 2680/3791
f 778/3792 2678/3790 2680/3791
f 778/3792 2680/3791 779/3793
f 777/3794 778/3792 779/3793
f 777/3794 779/3793 686/3795
f 913/3796 777/3794 686/3795
f 913/3796 686/3795 685/3797
f 914/3798 913/3796 685/3797
f 914/3798 685/3797 936/1611
f 911/3799 913/3796 914/3798
f 2646/1609 911/3799 914/3798
f 2664/3800 911/3799 2646/1609
f 2664/3800 2622/3801 911/3799
f 911/3799 2622/3801 2623/3802
f 911/3799 2623/3802 912/3803
f 912/3803 2623/3802 2642/3804
f 912/3803 2642/3804 1192/3805
f 1871/3806 912/3803 1192/3805
f 1871/3806 1192/3805 1090/3807
f 1871/3806 1090/3807 1091/3808
f 1871/3806 1091/3808 777/3794
f 607/3809 777/3794 1091/3808
f 607/3809 1091/3808 1161/3810
f 607/3809 1161/3810 1027/3811
f 607/3809 1027/3811 608/3812
f 608/3812 610/3813 607/3809
f 1283/3814 607/3809 610/3813
f 1283/3814 610/3813 801/3815
f 2678/3790 1283/3814 801/3815
f 610/3813 802/3816 801/3815
f 2679/3788 801/3815 802/3816
f 610/3813 691/3817 802/3816
f 690/3818 802/3816 691/3817
f 528/3819 690/3818 691/3817
f 528/3819 691/3817 658/3820
f 658/3820 529/3821 528/3819
f 528/3819 529/3821 530/3822
f 528/3819 530/3822 527/3823
f 718/3824 527/3823 530/3822
f 717/3825 718/3824 530/3822
f 717/3825 530/3822 719/3826
f 2632/3827 717/3825 719/3826
f 2632/3827 719/3826 1166/3828
f 2628/3829 2632/3827 1166/3828
f 2628/3829 1166/3828 1200/3830
f 1200/3830 2627/3831 2628/3829
f 2628/3829 2627/3831 1840/1565
f 1200/3830 1199/3832 2627/3831
f 1199/3832 641/3833 2627/3831
f 2627/3831 641/3833 644/1567
f 641/3833 643/3834 644/1567
f 641/3833 642/3835 643/3834
f 642/3835 1336/3836 643/3834
f 597/3837 643/3834 1336/3836
f 598/3838 597/3837 1336/3836
f 598/3838 1336/3836 1140/3839
f 1841/3840 598/3838 1140/3839
f 1841/3840 1140/3839 1139/3841
f 1139/3841 1079/3842 1841/3840
f 1215/3843 1841/3840 1079/3842
f 1265/3844 1215/3843 1079/3842
f 1265/3844 1079/3842 1082/3845
f 932/1598 1265/3844 1082/3845
f 1080/3846 1082/3845 1079/3842
f 1080/3846 1081/3847 1082/3845
f 933/1600 1082/3845 1081/3847
f 1081/3847 1080/3846 2658/1604
f 1080/3846 2659/3848 2658/1604
f 1080/3846 1139/3841 2659/3848
f 2661/3849 2659/3848 1139/3841
f 2661/3849 1139/3841 1142/3850
f 2661/3849 1142/3850 2663/3851
f 2661/3849 2663/3851 2662/3852
f 2662/3852 2663/3851 2622/3801
f 2643/3853 2663/3851 1142/3850
f 2643/3853 1142/3850 1141/3854
f 2644/3855 2643/3853 1141/3854
f 2644/3855 1141/3854 2660/3856
f 1193/3857 2644/3855 2660/3856
f 1193/3857 2660/3856 642/3835
f 642/3835 1773/3858 1193/3857
f 1030/3859 1193/3857 1773/3858
f 1030/3859 1773/3858 1031/3860
f 1029/3861 1030/3859 1031/3860
f 1029/3861 1031/3860 1028/3862
f 1029/3861 1028/3862 1161/3810
f 1031/3860 1027/3811 1028/3862
f 1031/3860 1025/3863 1027/3811
f 1090/3807 1030/3859 1029/3861
f 1773/3858 1025/3863 1031/3860
f 1773/3858 1199/3832 1025/3863
f 1199/3832 1026/3864 1025/3863
f 1025/3863 1026/3864 608/3812
f 1026/3864 609/3865 608/3812
f 1026/3864 656/3866 609/3865
f 609/3865 656/3866 657/3867
f 609/3865 657/3867 658/3820
f 610/3813 609/3865 658/3820
f 1166/3828 657/3867 656/3866
f 1200/3830 656/3866 1026/3864
f 1090/3807 1193/3857 1030/3859
f 1192/3805 2644/3855 1193/3857
f 2660/3856 1141/3854 1140/3839
f 2642/3804 2643/3853 2644/3855
f 2623/3802 2663/3851 2643/3853
f 1139/3841 1141/3854 1142/3850
f 2662/3852 2659/3848 2661/3849
f 2662/3852 2647/1605 2659/3848
f 1215/3843 1265/3844 1264/3868
f 1215/3843 1264/3868 1216/3869
f 844/3870 1215/3843 1216/3869
f 844/3870 1216/3869 845/3871
f 599/3872 844/3870 845/3871
f 599/3872 845/3871 846/3873
f 599/3872 846/3873 1835/1581
f 599/3872 1835/1581 596/3874
f 597/3837 599/3872 596/3874
f 1335/1568 597/3837 596/3874
f 1159/1585 846/3873 845/3871
f 1159/1585 845/3871 1160/3875
f 1157/1588 1160/3875 845/3871
f 598/3838 844/3870 599/3872
f 1157/1588 845/3871 1216/3869
f 2694/1589 1216/3869 1264/3868
f 896/1596 1264/3868 1265/3844
f 1215/3843 844/3870 1841/3840
f 1139/3841 1080/3846 1079/3842
f 1139/3841 1140/3839 1141/3854
f 598/3838 1841/3840 844/3870
f 2660/3856 1140/3839 1336/3836
f 597/3837 598/3838 599/3872
f 597/3837 1335/1568 643/3834
f 642/3835 2660/3856 1336/3836
f 642/3835 641/3833 1773/3858
f 1199/3832 1773/3858 641/3833
f 1199/3832 1200/3830 1026/3864
f 1200/3830 1166/3828 656/3866
f 2629/1563 2632/3827 2628/3829
f 1166/3828 719/3826 657/3867
f 529/3821 657/3867 719/3826
f 1197/1562 717/3825 2632/3827
f 1197/1562 1198/3876 717/3825
f 1198/3876 718/3824 717/3825
f 1198/3876 989/3877 718/3824
f 1838/3878 718/3824 989/3877
f 1838/3878 989/3877 988/3879
f 1838/3878 988/3879 537/3880
f 1838/3878 537/3880 2672/3749
f 988/3879 538/3881 537/3880
f 535/3882 537/3880 538/3881
f 535/3882 538/3881 862/3883
f 535/3882 862/3883 861/3676
f 621/3884 535/3882 861/3676
f 1272/3745 535/3882 621/3884
f 991/3885 862/3883 538/3881
f 991/3885 1860/3886 862/3883
f 1860/3886 863/3675 862/3883
f 1860/3886 1320/3887 863/3675
f 1040/3669 863/3675 1320/3887
f 1041/3888 1040/3669 1320/3887
f 1041/3888 1320/3887 901/3889
f 612/1557 1041/3888 901/3889
f 901/3889 524/3890 612/1557
f 901/3889 902/3891 524/3890
f 902/3891 525/3892 524/3890
f 524/3890 525/3892 526/1561
f 526/1561 525/3892 1198/3876
f 990/3893 1198/3876 525/3892
f 902/3891 990/3893 525/3892
f 1860/3886 990/3893 902/3891
f 1320/3887 902/3891 901/3889
f 1320/3887 1860/3886 902/3891
f 1860/3886 991/3885 990/3893
f 989/3877 990/3893 991/3885
f 535/3882 536/3747 537/3880
f 988/3879 991/3885 538/3881
f 989/3877 991/3885 988/3879
f 990/3893 989/3877 1198/3876
f 718/3824 1838/3878 527/3823
f 1113/3750 527/3823 1838/3878
f 529/3821 719/3826 530/3822
f 658/3820 657/3867 529/3821
f 527/3823 690/3818 528/3819
f 527/3823 840/3753 690/3818
f 840/3753 712/3894 690/3818
f 690/3818 712/3894 802/3816
f 802/3816 712/3894 711/3787
f 700/3754 711/3787 712/3894
f 610/3813 658/3820 691/3817
f 778/3792 607/3809 1283/3814
f 608/3812 609/3865 610/3813
f 1025/3863 608/3812 1027/3811
f 1028/3862 1027/3811 1161/3810
f 1029/3861 1161/3810 1091/3808
f 1090/3807 1029/3861 1091/3808
f 1090/3807 1192/3805 1193/3857
f 777/3794 912/3803 1871/3806
f 1192/3805 2642/3804 2644/3855
f 2642/3804 2623/3802 2643/3853
f 2623/3802 2622/3801 2663/3851
f 2662/3852 2622/3801 2664/3800
f 2648/1607 2662/3852 2664/3800
f 911/3799 912/3803 913/3796
f 685/3797 686/3795 687/1615
f 777/3794 913/3796 912/3803
f 686/3795 779/3793 1263/1617
f 779/3793 2256/3895 1263/1617
f 778/3792 777/3794 607/3809
f 779/3793 2680/3791 2256/3895
f 2680/3791 983/1625 2256/3895
f 2678/3790 778/3792 1283/3814
f 2680/3791 1830/3789 983/1625
f 1830/3789 941/1629 983/1625
f 2679/3788 2678/3790 801/3815
f 1830/3789 1073/3786 941/1629
f 802/3816 711/3787 2679/3788
f 942/3760 941/1629 1073/3786
f 2676/3759 702/3757 1039/3779
f 1074/3758 711/3787 699/3756
f 702/3757 701/3755 1038/3778
f 700/3754 699/3756 711/3787
f 701/3755 1112/3752 1111/3777
f 840/3753 700/3754 712/3894
f 840/3753 527/3823 1113/3750
f 1110/3751 1111/3777 1112/3752
f 1113/3750 1838/3878 2672/3749
f 2672/3749 537/3880 536/3747
f 1110/3751 2641/3748 2640/3746
f 1272/3745 536/3747 535/3882
f 2640/3746 2626/3744 638/3775
f 2624/3743 1272/3745 621/3884
f 2624/3743 621/3884 620/3719
f 635/3773 2626/3744 2625/3742
f 1250/3741 635/3773 2625/3742
f 782/3739 1251/3780 1250/3741
f 780/3737 781/3783 782/3739
f 2700/3785 780/3737 2699/3736
f 851/1647 2700/3785 2699/3736
f 851/1647 2699/3736 2701/1668
f 2701/1668 852/3896 851/1647
f 1036/3735 783/3738 1037/3724
f 791/1700 982/3725 892/3723
f 783/3738 1856/3722 1037/3724
f 788/1702 892/3723 891/3720
f 2669/3740 1857/3721 1856/3722
f 1857/3721 2624/3743 620/3719
f 619/3679 788/1702 891/3720
f 620/3719 621/3884 622/3677
f 1305/3681 1308/3678 864/3674
f 621/3884 861/3676 622/3677
f 861/3676 862/3883 863/3675
f 1305/3681 864/3674 1276/3673
f 1276/3673 2638/3672 3005/3684
f 2636/3671 2639/3716 2638/3672
f 1043/3668 2637/3715 2636/3671
f 1040/3669 1275/3670 863/3675
f 1040/3669 1041/3888 1042/3667
f 1125/1555 1042/3667 1041/3888
f 1043/3668 2635/3666 2637/3715
f 1092/1553 794/3665 1042/3667
f 2987/3713 2635/3666 2634/3664
f 3018/3711 2634/3664 2619/3663
f 655/3662 1048/3697 2619/3663
f 2621/3699 655/3662 654/3660
f 652/3661 795/1552 653/3659
f 723/3701 654/3660 3024/3656
f 720/3655 723/3701 3024/3656
f 721/3897 723/3701 720/3655
f 720/3655 2671/3649 721/3897
f 720/3655 2670/3653 2671/3649
f 3007/3658 3019/3652 3020/3654
f 3007/3658 3016/3898 3019/3652
f 3016/3898 3007/3658 3010/1549
f 3016/3898 2683/3651 3019/3652
f 3016/3898 1121/1545 2683/3651
f 1121/1545 2684/3899 2683/3651
f 2683/3651 2684/3899 2705/3648
f 2682/3900 2705/3648 2684/3899
f 2682/3900 2684/3899 3032/3901
f 1099/3902 2682/3900 3032/3901
f 1099/3902 3032/3901 1100/1539
f 2681/3644 2682/3900 1099/3902
f 3032/3901 2684/3899 1124/1543
f 2671/3649 2670/3653 2704/3650
f 2681/3644 2705/3648 2682/3900
f 2671/3649 3025/3647 1268/3646
f 2681/3644 1099/3902 1098/3645
f 1099/3902 1101/1538 1098/3645
f 2671/3649 1268/3646 721/3897
f 721/3897 722/3700 723/3701
f 2146/3702 722/3640 2147/3639
f 2145/3706 2147/3639 2148/3637
f 3012/3624 2145/3706 2148/3637
f 2376/3626 2562/3628 2225/3636
f 2376/3626 2225/3636 2377/3618
f 3012/3624 2148/3637 3077/3627
f 2375/3625 2376/3626 2377/3618
f 3011/3623 2145/3706 3012/3624
f 2631/3622 890/3707 3011/3623
f 2561/3621 2375/3625 2007/3619
f 2375/3625 2377/3618 2007/3619
f 2377/3618 2225/3636 2224/3616
f 2224/3616 2223/3635 3537/3615
f 2973/3617 3530/3613 3536/3611
f 2008/3610 2973/3617 3536/3611
f 2006/3620 2008/3610 2009/3608
f 1859/3607 2006/3620 2009/3608
f 1149/3605 1150/3606 3571/1443
f 1149/3605 111/3903 110/3603
f 110/3603 111/3903 112/1436
f 111/3903 1149/3605 3570/1442
f 111/3903 3570/1442 3511/3904
f 3563/1438 111/3903 3511/3904
f 2630/3602 1859/3607 1858/3604
f 887/3600 2631/3622 2630/3602
f 2484/1432 2975/3599 2982/3601
f 887/3600 888/3598 889/3708
f 3175/1430 2976/3596 2975/3599
f 888/3598 958/3597 957/3709
f 2981/3594 2254/1736 3489/1731
f 2253/1735 3452/2044 3056/1734
f 3056/1734 868/2046 2209/1732
f 2254/1736 3055/1733 3489/1731
f 2981/3594 3489/1731 958/1730
f 926/3718 957/3709 958/3597
f 926/1727 2999/1721 664/1719
f 926/1727 664/1719 667/1718
f 667/1718 666/1717 1913/3690
f 1331/3688 666/1717 750/1715
f 751/1714 665/1716 2979/1720
f 1054/3686 750/1715 753/1713
f 752/1712 751/1714 2978/1722
f 753/1713 1055/1711 1056/3683
f 752/1712 2978/1722 1057/1710
f 1058/1709 1057/1710 2992/1724
f 1058/1709 2992/1724 2991/1691
f 1058/1709 1106/1693 1105/1708
f 1931/1706 1055/1711 1059/1707
f 1931/1706 1286/1704 1306/3680
f 1307/1703 1306/3680 1286/1704
f 788/1702 619/3679 1307/1703
f 788/1702 791/1700 892/3723
f 791/1700 663/1699 982/3725
f 789/1701 1287/1697 790/1698
f 1287/1697 3006/1705 1104/1695
f 1104/1695 1105/1708 1106/1693
f 1106/1693 1058/1709 2991/1691
f 2991/1691 2992/1724 2993/1690
f 2993/1690 3001/1725 3002/1687
f 2995/1692 2994/1689 2996/1688
f 3002/1687 2998/1726 2209/1685
f 3004/1684 2996/1688 3003/1686
f 868/1675 2210/1683 2209/1685
f 588/1682 1103/1694 3004/1684
f 586/1681 587/1696 588/1682
f 558/1680 663/1699 586/1681
f 679/1678 555/3728 558/1680
f 585/1679 2210/1683 997/1677
f 677/3733 679/1678 676/1676
f 868/1675 997/1677 2210/1683
f 1210/3734 676/1676 867/1674
f 1209/1673 1210/3734 867/1674
f 1885/1670 2029/3731 1209/1673
f 1829/1667 616/1671 792/1662
f 792/1662 616/1671 615/1011
f 1883/1669 1884/3730 1885/1670
f 2701/1668 2699/3736 1883/1669
f 2701/1668 2703/1666 852/3896
f 2703/1666 1107/3905 852/3896
f 852/3896 1107/3905 1108/1650
f 2703/1666 1280/1665 1107/3905
f 1279/1651 1107/3905 1280/1665
f 1280/1665 1239/1664 1238/1653
f 1237/1657 1238/1653 1239/1664
f 1237/1657 1239/1664 745/1661
f 1829/1667 792/1662 1273/1663
f 743/1659 742/1660 2618/1003
f 1010/1008 2618/1003 742/1660
f 1237/1657 745/1661 744/1658
f 2653/993 1084/3906 2654/1655
f 1180/3907 2654/1655 1084/3906
f 1180/3907 1084/3906 1291/3908
f 1181/952 1180/3907 1291/3908
f 1181/952 1291/3908 1222/3909
f 1291/3908 1083/3910 1222/3909
f 1220/3911 1222/3909 1083/3910
f 21/3912 1220/3911 1083/3910
f 21/3912 1083/3910 1084/3906
f 21/3912 1084/3906 1085/992
f 1085/992 22/3913 21/3912
f 21/3912 22/3913 23/3914
f 21/3912 23/3914 20/3915
f 20/3915 23/3914 1187/3916
f 20/3915 1187/3916 1186/3917
f 1220/3911 20/3915 1186/3917
f 1220/3911 1186/3917 1221/3918
f 1221/3918 1186/3917 1189/954
f 1186/3917 1187/3916 1188/956
f 1187/3916 1175/3919 1188/956
f 1187/3916 1172/3920 1175/3919
f 1172/3920 1174/3921 1175/3919
f 1175/3919 1174/3921 1292/960
f 1292/960 1174/3921 1917/3922
f 1173/3923 1917/3922 1174/3921
f 1173/3923 1270/3924 1917/3922
f 1235/961 1917/3922 1270/3924
f 1235/961 1270/3924 1236/3925
f 1236/3925 1270/3924 1271/3926
f 1236/3925 1271/3926 1262/3927
f 1072/3928 1236/3925 1262/3927
f 1072/3928 1262/3927 1261/3929
f 1072/3928 1261/3929 2649/3930
f 1072/3928 2649/3930 2650/3931
f 831/965 1072/3928 2650/3931
f 831/965 2650/3931 832/3932
f 2650/3931 813/970 832/3932
f 2649/3930 813/970 2650/3931
f 2696/3933 813/970 2649/3930
f 1260/3934 2696/3933 2649/3930
f 2693/989 2696/3933 1260/3934
f 2693/989 1260/3934 1259/3935
f 2693/989 1259/3935 1223/3936
f 1223/3936 1259/3935 1289/3937
f 1223/3936 1289/3937 1224/3938
f 22/3913 1223/3936 1224/3938
f 2695/990 1223/3936 22/3913
f 1224/3938 1289/3937 1173/3923
f 1224/3938 1173/3923 1172/3920
f 23/3914 1224/3938 1172/3920
f 1271/3926 1173/3923 1289/3937
f 1259/3935 1271/3926 1289/3937
f 1259/3935 1260/3934 1261/3929
f 2696/3933 2651/983 813/970
f 2697/988 2651/983 2696/3933
f 1260/3934 2649/3930 1261/3929
f 1259/3935 1261/3929 1262/3927
f 1071/962 1236/3925 1072/3928
f 1259/3935 1262/3927 1271/3926
f 1271/3926 1270/3924 1173/3923
f 1172/3920 1173/3923 1174/3921
f 23/3914 1172/3920 1187/3916
f 22/3913 1224/3938 23/3914
f 21/3912 20/3915 1220/3911
f 1220/3911 1221/3918 1222/3909
f 1240/953 1222/3909 1221/3918
f 1291/3908 1084/3906 1083/3910
f 2687/948 2654/1655 1180/3907
f 2654/1655 2687/948 2686/1652
f 1238/1653 1237/1657 2655/1654
f 1280/1665 1238/1653 1279/1651
f 2687/948 2688/1649 2686/1652
f 1279/1651 1108/1650 1107/3905
f 852/3896 1108/1650 853/1648
f 851/1647 852/3896 853/1648
f 1253/1645 2700/3785 851/1647
f 2690/946 1252/1644 850/1646
f 1302/1643 1301/3766 1253/1645
f 1301/3766 1302/1643 1303/1642
f 2665/1640 1845/3764 1303/1642
f 836/1639 1842/3762 2665/1640
f 835/1630 836/1639 837/1631
f 941/1629 942/3760 835/1630
f 834/1628 1120/1632 1119/1627
f 1119/1627 1120/1632 2677/931
f 1119/1627 2677/931 1241/923
f 983/1625 941/1629 984/1626
f 2256/3895 983/1625 1132/1624
f 2256/3895 1132/1624 1886/1618
f 1886/1618 1132/1624 1131/1622
f 1263/1617 2256/3895 1886/1618
f 686/3795 1263/1617 687/1615
f 661/1620 1095/1614 1096/1616
f 685/3797 687/1615 688/1612
f 661/1620 660/1613 1095/1614
f 660/1613 659/1621 937/1610
f 936/1611 685/3797 688/1612
f 2646/1609 914/3798 936/1611
f 1146/1608 937/1610 659/1621
f 1146/1608 659/1621 938/918
f 2648/1607 2664/3800 2646/1609
f 2648/1607 2647/1605 2662/3852
f 2658/1604 2659/3848 2647/1605
f 1081/3847 2658/1604 1075/1602
f 933/1600 1081/3847 1075/1602
f 932/1598 1082/3845 933/1600
f 896/1596 1265/3844 932/1598
f 895/1591 1264/3868 896/1596
f 922/3939 921/1595 2218/883
f 895/1591 2694/1589 1264/3868
f 1317/1535 922/3939 2217/881
f 2694/1589 1157/1588 1216/3869
f 1158/1586 1160/3875 1157/1588
f 1158/1586 1159/1585 1160/3875
f 1834/1582 846/3873 1159/1585
f 1834/1582 1835/1581 846/3873
f 2656/1580 596/3874 1835/1581
f 2656/1580 1489/1570 596/3874
f 1785/1579 1786/1583 1787/1578
f 1786/1583 1122/1544 1787/1578
f 1784/1577 871/1571 2656/1580
f 1489/1570 2656/1580 871/1571
f 1335/1568 596/3874 1489/1570
f 1823/1566 870/1569 873/1573
f 644/1567 643/3834 1335/1568
f 2627/3831 644/1567 1840/1565
f 1823/1566 873/1573 1839/1564
f 2628/3829 1840/1565 2629/1563
f 2629/1563 1197/1562 2632/3827
f 526/1561 1198/3876 1197/1562
f 524/3890 526/1561 523/1558
f 1208/1559 1207/1560 1839/1564
f 1208/1559 1316/1574 611/1556
f 612/1557 524/3890 523/1558
f 612/1557 1125/1555 1041/3888
f 1316/1574 1763/1554 611/1556
f 1125/1555 1092/1553 1042/3667
f 1315/1575 3023/1550 1763/1554
f 1092/1553 795/1552 794/3665
f 3009/1551 653/3659 795/1552
f 3007/3658 3009/1551 3010/1549
f 1315/1575 3022/1548 3023/1550
f 3016/3898 3010/1549 3017/1546
f 1314/1576 3021/1547 3022/1548
f 3021/1547 1787/1578 1122/1544
f 1121/1545 3016/3898 3017/1546
f 1121/1545 1124/1543 2684/3899
f 1786/1583 1123/1542 1122/1544
f 3032/3901 1124/1543 2989/1540
f 1123/1542 3033/1584 2990/1541
f 2990/1541 1319/1587 1318/1536
f 1100/1539 3032/3901 2989/1540
f 1099/3902 1100/1539 1101/1538
f 1317/1537 1318/1536 1319/1587
f 1312/1530 1098/3940 1101/1534
f 1266/1526 1098/3643 1312/1527
f 3015/1525 1267/3638 1266/1526
f 3031/1523 3068/3629 3015/1525
f 1313/1528 3027/1522 1311/1524
f 3066/1491 3031/1523 3030/1521
f 3026/1533 3029/1520 3027/1522
f 3026/1533 3028/1515 3029/1520
f 3041/876 3028/1513 3026/1532
f 3076/1492 3030/1521 3075/1519
f 2593/1518 2592/3941 3075/1519
f 3072/1494 3075/1519 2592/3941
f 2592/3941 2593/1518 2594/1498
f 2593/1518 3048/1517 2962/1500
f 3074/1514 3029/1520 3028/1515
f 3047/1510 3048/3942 3049/1512
f 2963/1503 3048/3942 3047/1510
f 2963/1503 2962/1502 3048/3942
f 2593/1518 2962/1500 2594/1498
f 2592/3941 2594/1498 2595/1496
f 3072/1494 2592/3941 2595/1496
f 3072/1494 3076/1492 3075/1519
f 3076/1492 3066/1491 3030/1521
f 2608/1490 3067/3631 3066/1491
f 2478/1487 2477/3632 2608/1490
f 2481/1489 2482/1493 2483/1488
f 2475/1486 2477/3632 2478/1487
f 2483/1488 2771/1483 3070/1485
f 3073/1495 2772/1482 2771/1483
f 2772/1482 2951/1497 3531/1481
f 2951/1497 3540/842 3531/1481
f 1654/1479 3546/1484 3575/1480
f 2034/1470 3546/1484 1654/1479
f 1325/1472 1654/1479 2038/1477
f 1324/1474 1325/1472 2038/1477
f 1325/1472 2034/1470 1654/1479
f 2034/1470 3558/1469 3546/1484
f 2475/1486 3558/1469 3524/1467
f 2476/3634 3524/1467 3523/1466
f 741/1465 3537/3615 3523/1466
f 741/1465 748/1463 747/1454
f 1299/1468 1309/1462 1300/1464
f 748/1463 1888/1461 1425/1455
f 1310/1471 1471/1460 1309/1462
f 1323/1473 2026/1459 1471/1460
f 1888/1461 2027/1458 2030/1457
f 1888/1461 2030/1457 1425/1455
f 748/1463 1425/1455 747/1454
f 1019/1453 746/3614 747/1454
f 1018/1452 2042/1456 1948/814
f 1017/1451 579/1449 1019/1453
f 1495/809 578/1447 1424/1450
f 579/1449 580/1448 1895/3612
f 581/1446 3518/3609 580/1448
f 581/1446 3567/1445 3518/3609
f 1150/3606 3567/1445 3571/1443
f 1149/3605 3571/1443 3570/1442
f 10/1440 3511/3904 3570/1442
f 3563/1438 3511/3904 10/1440
f 3563/1438 112/1436 111/3903
f 2152/798 3014/1435 2037/1437
f 110/3603 112/1436 113/1434
f 3013/796 2485/1433 3014/1435
f 2982/3601 113/1434 2484/1432
f 2484/1432 3175/1430 2975/3599
f 3175/1430 3143/1429 2976/3596
f 1933/1428 2980/3588 3143/1429
f 2219/1426 1934/3515 1933/1428
f 2220/1427 221/1431 220/1425
f 223/1424 3186/3514 2219/1426
f 220/1425 221/1431 222/1423
f 223/1424 3300/1422 3298/3511
f 2965/795 3303/1421 222/1423
f 3299/3509 3300/1422 3301/1420
f 3302/1419 3303/1421 3304/793
f 3366/3507 3301/1420 3346/1418
f 3346/1418 3334/1416 3333/3504
f 3338/1415 3335/3502 3334/1416
f 3376/3498 3338/1415 3337/1414
f 3339/1413 3347/1417 3348/791
f 3350/1410 3337/1414 3340/1412
f 3337/1414 3350/1410 3359/1409
f 3359/1409 3360/1408 3361/3500
f 3228/1400 3263/1404 3281/778
f 3275/1398 3230/1401 3231/1399
f 3275/1398 3274/1397 3230/1401
f 3226/1394 3227/3593 3273/1396
f 3240/1392 3225/3592 3226/1394
f 3241/1391 3242/3456 3240/1392
f 3243/3452 3241/1391 3268/1390
f 3267/1389 3245/774 3198/1388
f 3245/774 3199/3943 3198/1388
f 3200/764 3198/1388 3199/3943
f 3196/1387 3193/1385 3268/1390
f 3193/1385 3208/1384 3254/3453
f 3208/1378 3205/1376 3255/3448
f 3205/1376 3206/1375 3269/3449
f 3190/1374 3191/3441 3206/1375
f 3190/1374 1387/1373 1791/3437
f 3204/1377 376/1372 3203/1371
f 1387/1370 651/1368 565/3432
f 373/1367 376/1369 375/3944
f 373/1367 375/3944 374/668
f 564/2282 651/1368 650/1366
f 497/1365 373/1367 374/668
f 650/1366 3682/1364 3681/2280
f 785/663 3686/1363 497/1365
f 3682/1364 3647/1362 3645/2283
f 3692/661 3650/1361 3686/1363
f 3651/659 3582/1347 3650/1361
f 3647/1362 3584/1345 3588/1344
f 3741/1343 3638/2275 3588/1344
f 3741/1343 3723/1341 3716/2269
f 3585/1346 3726/1340 3589/1342
f 3717/2267 3723/1341 3718/1339
f 3727/1338 3726/1340 3731/1349
f 3667/2265 3718/1339 3673/1337
f 3729/1351 3728/1336 3727/1338
f 3666/2264 3673/1337 3672/1335
f 3735/1353 1576/616 3728/1336
f 2082/1332 3666/2264 3672/1335
f 2079/1331 2080/2261 2082/1332
f 1602/2258 2079/1331 2078/1329
f 2083/1334 2093/1328 2081/1330
f 2083/1334 2094/3945 2093/1328
f 2098/612 2094/3945 2083/1334
f 1601/2256 2078/1329 2073/1327
f 2094/3945 2075/1326 2093/1328
f 2094/3945 2077/1303 2075/1326
f 2099/610 2077/1303 2094/3945
f 1606/2255 2073/1327 2072/1325
f 2059/1324 1606/2255 2072/1325
f 2059/1324 2060/1322 1607/2239
f 2061/1305 2063/1321 2062/1323
f 2065/2236 2060/1322 2056/1320
f 2052/1307 2055/1319 2063/1321
f 2056/1320 2057/1318 2067/2166
f 2067/2166 2057/1318 2069/1317
f 2117/1316 3812/2162 2069/1317
f 2118/1314 3817/2160 2117/1316
f 2055/1319 2054/1311 2053/1315
f 1644/1313 3815/2158 2118/1314
f 1644/1313 1645/1312 1643/3365
f 2049/1310 1643/3365 1645/1312
f 2055/1319 2050/1309 2054/1311
f 2051/1308 2048/3413 2049/1310
f 2052/1307 2050/1309 2055/1319
f 2070/3414 2051/1308 2064/1306
f 2061/1305 2052/1307 2063/1321
f 2071/3415 2064/1306 2076/1302
f 2062/1323 2074/1304 2061/1305
f 2074/1304 2075/1326 2077/1303
f 2071/3415 2076/1302 2096/1301
f 725/1294 2071/3415 2096/1301
f 631/1293 2071/3415 725/1294
f 624/1292 625/3412 631/1293
f 624/1292 3903/1290 3904/3408
f 726/1295 3892/1289 630/1291
f 3903/1290 2115/1288 2123/3406
f 3908/1298 2114/1287 3892/1289
f 2115/1288 1423/1286 1419/3402
f 2105/1300 1421/1283 2114/1287
f 2105/1300 1385/598 1421/1283
f 1423/1286 1422/1285 1417/3403
f 1385/598 1420/1284 1421/1283
f 1422/1282 1376/1280 1372/3398
f 1386/594 1374/1279 1420/1281
f 1376/1280 1375/1278 1370/3396
f 1374/1279 910/590 1373/1276
f 1375/1278 905/1277 1354/3395
f 905/1277 1353/3946 1354/3395
f 1356/1234 1354/3395 1353/3946
f 1356/1234 1353/3946 1355/3947
f 1355/3947 1353/3946 829/3948
f 1355/3947 829/3948 825/3949
f 1357/1238 1355/3947 825/3949
f 829/3948 828/3950 825/3949
f 828/3950 826/1240 825/3949
f 829/3948 830/3951 828/3950
f 992/1247 828/3950 830/3951
f 992/1247 830/3951 883/3952
f 884/3953 992/1247 883/3952
f 884/3953 883/3952 879/3954
f 884/3953 879/3954 885/1271
f 883/3952 882/3955 879/3954
f 879/3954 882/3955 881/1274
f 882/3955 897/3956 881/1274
f 882/3955 898/3957 897/3956
f 906/3958 897/3956 898/3957
f 906/3958 898/3957 829/3948
f 906/3958 904/1275 897/3956
f 898/3957 882/3955 830/3951
f 883/3952 830/3951 882/3955
f 992/1247 827/1242 828/3950
f 898/3957 830/3951 829/3948
f 906/3958 829/3948 1353/3946
f 905/1277 906/3958 1353/3946
f 906/3958 905/1277 904/1275
f 1373/1276 910/590 903/1273
f 881/1274 897/3956 904/1275
f 879/3954 881/1274 880/1272
f 885/1271 879/3954 880/1272
f 956/1270 884/3953 885/1271
f 956/1270 959/3959 884/3953
f 959/3959 995/1248 884/3953
f 955/1266 959/3959 956/1270
f 955/1266 956/1270 960/1268
f 955/1266 810/1265 959/3959
f 810/1265 996/1250 959/3959
f 809/1264 947/1262 824/1260
f 808/1253 809/1264 824/1260
f 923/574 948/1259 946/1261
f 808/1253 824/1260 823/1258
f 822/1257 1126/3960 1116/1256
f 1116/1256 1126/3960 1118/1188
f 1133/567 1118/1188 1126/3960
f 1102/568 1126/3960 822/1257
f 816/1254 808/1253 823/1258
f 815/1252 809/1264 808/1253
f 810/1265 815/1252 996/1250
f 1000/1249 817/1251 1127/1255
f 1000/1249 1127/1255 1004/3961
f 1000/1249 1004/3961 1001/3962
f 1001/3962 1004/3961 1003/1191
f 1004/3961 1127/1255 1128/1190
f 959/3959 996/1250 995/1248
f 1000/1249 1001/3962 994/1246
f 884/3953 995/1248 992/1247
f 994/1246 1001/3962 1007/1245
f 1007/1245 1001/3962 1002/1192
f 992/1247 993/1244 827/1242
f 828/3950 827/1242 826/1240
f 1357/1238 825/3949 826/1240
f 865/1235 1355/3947 1357/1238
f 865/1235 1356/1234 1355/3947
f 1358/1233 1354/3395 1356/1234
f 3828/1231 3834/3392 1358/1233
f 866/1232 842/1236 3836/1230
f 842/1236 3825/1199 3836/1230
f 3828/1231 878/1229 1337/3390
f 3825/1199 843/1228 3836/1230
f 878/1229 1244/1227 1330/3389
f 847/1200 1233/1226 843/1228
f 1244/1227 1245/1225 1332/3386
f 1243/1201 1234/1224 1233/1226
f 1341/3387 1245/1225 1294/1223
f 1344/3388 1294/1223 1293/1221
f 1293/1221 3856/1164 1344/3388
f 1293/1221 3854/1219 3856/1164
f 1285/1204 3862/1218 1284/1220
f 1285/1204 3863/1205 3862/1218
f 1284/1220 1288/1203 1285/1204
f 1290/1222 1242/1202 1288/1203
f 1243/1201 1242/1202 1234/1224
f 847/1200 1243/1201 1233/1226
f 3825/1199 847/1200 843/1228
f 842/1236 848/1198 3825/1199
f 849/1237 839/1197 848/1198
f 839/1197 1362/1239 838/1196
f 838/1196 1012/1241 841/1195
f 841/1195 1009/1243 1011/1194
f 1011/1194 1007/1245 1008/1193
f 1007/1245 1002/1192 1008/1193
f 1001/3962 1003/1191 1002/1192
f 1004/3961 1128/1190 1003/1191
f 1127/1255 1117/1189 1128/1190
f 1116/1256 1118/1188 1117/1189
f 1133/567 1129/1187 1118/1188
f 1133/567 1130/1186 1129/1187
f 1135/566 1087/1185 1130/1186
f 1135/566 1148/562 1087/1185
f 1148/562 1086/1184 1087/1185
f 1069/1182 1064/1211 3930/1183
f 1069/1182 1151/1180 1062/1214
f 1144/1179 1076/1181 1086/1184
f 1144/1179 1086/1184 1143/561
f 1151/1180 1152/1177 1063/1176
f 1063/1176 1061/1174 1046/1212
f 1061/1174 1060/1172 1047/1213
f 1060/1172 1218/1170 1321/1215
f 1218/1170 1225/1168 1228/1216
f 1231/1217 1225/1168 1295/1166
f 1345/1165 1219/1167 1035/1148
f 3856/1164 3854/1219 1295/1166
f 1343/1162 1344/3388 3856/1164
f 1347/1161 1342/3385 1343/1162
f 1349/1160 1348/2117 1347/1161
f 3859/1159 1451/2114 1349/1160
f 3858/2111 3859/1159 1013/1157
f 1016/1155 1014/2110 1013/1157
f 1351/1153 3861/1158 3853/1152
f 3853/1152 3857/1163 1346/1150
f 1352/1151 1044/1149 1045/1154
f 1345/1165 1035/1148 1346/1150
f 1044/1149 1020/1147 1021/1156
f 1020/1147 1022/3963 1021/1156
f 1462/1108 1021/1156 1022/3963
f 1219/1167 1024/1146 1035/1148
f 1020/1147 1023/1145 1022/3963
f 1023/1145 1194/3964 1022/3963
f 1463/1110 1022/3963 1194/3964
f 1466/1130 1463/1110 1194/3964
f 1217/1169 1034/1144 1024/1146
f 1023/1145 1191/1143 1194/3964
f 1191/1143 1190/1132 1194/3964
f 1203/1171 1195/1142 1034/1144
f 1191/1143 1185/1141 1190/1132
f 1202/1173 1184/1140 1195/1142
f 1201/1175 1183/1139 1184/1140
f 1183/1139 1155/556 1164/1137
f 1155/556 1162/3965 1164/1137
f 1164/1137 1162/3965 1169/3966
f 1162/3965 1170/3967 1169/3966
f 929/524 1169/3968 1170/3969
f 1162/3965 1163/549 1170/3967
f 1156/554 1163/549 1162/3965
f 1185/1141 1177/1138 1182/1133
f 1164/1137 1169/3966 1165/1135
f 1402/522 1165/1136 1169/3968
f 1185/1141 1182/1133 1190/1132
f 1466/1130 1194/3964 1190/1132
f 1467/1131 1468/1134 1465/1129
f 1465/1129 1468/1134 1479/1125
f 1478/1128 1436/1127 1441/1118
f 1468/1134 1435/1126 1479/1125
f 1440/1120 1441/1119 1436/1123
f 1478/1128 1441/1118 1477/1117
f 1464/1111 1477/1117 1476/1112
f 1464/1111 1463/1110 1466/1130
f 1463/1110 1462/1108 1022/3963
f 1462/1108 1459/1107 1021/1156
f 1015/1106 1016/1155 1459/1107
f 1226/2107 1015/1106 1227/1102
f 1461/1109 1475/1104 1460/1105
f 1475/1104 1427/1113 1428/1103
f 1450/1101 1226/2107 1227/1102
f 3848/2105 1450/1100 1449/1098
f 1429/1097 1428/1099 1427/1115
f 3860/2102 1449/1098 28/1096
f 2135/1094 2136/2100 28/1096
f 3914/1092 3864/2098 2135/1094
f 629/1091 3879/2095 3914/1092
f 629/1091 628/1089 627/2092
f 706/462 3870/1088 3872/1090
f 628/1089 692/1087 693/2090
f 707/460 3909/1086 3870/1088
f 692/1087 574/1085 575/2088
f 2162/458 3886/1084 3909/1086
f 574/1085 577/1082 576/2086
f 2161/456 3889/1083 3886/1084
f 3889/1083 3890/3970 633/1080
f 2160/454 3890/3970 3889/1083
f 632/1081 576/2086 577/1082
f 3569/2084 632/1081 713/1079
f 3890/3970 710/1078 633/1080
f 3890/3970 3905/3971 710/1078
f 2159/452 3905/3971 3890/3970
f 713/1079 583/1077 3566/3426
f 3905/3971 582/1076 710/1078
f 3905/3971 3874/3972 582/1076
f 2158/450 3874/3972 3905/3971
f 3529/3427 583/1077 584/1074
f 3874/3972 589/1075 582/1076
f 3874/3972 3871/3973 589/1075
f 3871/3973 605/3974 589/1075
f 3871/3973 3891/3975 605/3974
f 3891/3975 1893/3976 605/3974
f 1894/3977 605/3974 1893/3976
f 1893/3976 1826/3978 1894/3977
f 1894/3977 1826/3978 3568/855
f 1894/3977 3568/855 3499/1071
f 640/3979 3568/855 1826/3978
f 1826/3978 639/3980 640/3979
f 634/3981 640/3979 639/3980
f 634/3981 639/3980 3884/439
f 639/3980 3895/3982 3884/439
f 639/3980 1878/3983 3895/3982
f 3910/3984 3895/3982 1878/3983
f 3910/3984 1878/3983 1893/3976
f 1890/442 3895/3982 3910/3984
f 634/3981 645/850 640/3979
f 1826/3978 1878/3983 639/3980
f 1893/3976 1878/3983 1826/3978
f 1894/3977 604/1073 605/3974
f 3891/3975 3910/3984 1893/3976
f 1891/444 3910/3984 3891/3975
f 2155/446 3891/3975 3871/3973
f 2156/448 3871/3973 3874/3972
f 589/1075 605/3974 604/1073
f 3533/1072 3529/3427 584/1074
f 3533/1072 2016/1061 3529/3427
f 604/1073 1894/3977 3499/1071
f 3533/1072 2032/1063 2016/1061
f 3529/3427 2016/1061 2015/1060
f 2201/1059 2202/2082 2015/1060
f 2201/1059 3779/1057 3756/2080
f 3724/1056 2014/1058 2017/1062
f 3779/1057 3170/1055 3171/2079
f 3168/1054 3724/1056 3720/1065
f 3170/1055 3165/1052 3164/2078
f 3167/1067 3169/1053 3168/1054
f 3169/1053 3037/1070 3036/1050
f 2957/1051 3164/2078 3165/1052
f 2952/2077 2957/1051 2956/1049
f 2956/1049 2258/1041 2952/2077
f 3037/1070 3034/1048 3036/1050
f 3037/1070 3038/871 3034/1048
f 3038/871 3035/1047 3034/1048
f 2956/1049 2261/1045 2258/1041
f 2953/1040 2952/2077 2258/1041
f 3157/1039 3156/2052 2953/1040
f 3157/1039 3161/1037 2189/2049
f 3065/1036 2257/1038 2260/1043
f 3065/1036 2260/1043 3064/885
f 3161/1037 3162/1035 1984/1995
f 3062/1034 3065/1036 3064/885
f 3162/1035 3163/1033 1985/1997
f 3059/1032 3062/1034 3063/886
f 3163/1033 2708/1031 2182/1999
f 3058/1029 3059/1032 3060/888
f 2708/1031 2707/1030 2183/2001
f 3484/1028 2402/2011 2707/1030
f 3484/1028 3482/1027 2402/2011
f 3483/1025 3477/2010 3482/1027
f 3481/1024 3478/2015 3483/1025
f 3385/1023 3479/2016 3481/1024
f 3383/1022 3384/2041 3385/1023
f 3425/2045 3383/1022 3426/1020
f 3425/2045 3426/1020 3184/1019
f 3184/1019 869/1015 868/2046
f 613/1672 869/1014 614/1012
f 614/1012 615/1011 616/1671
f 792/1662 615/1011 793/1010
f 1010/1008 742/1660 793/1010
f 935/1009 934/1013 1854/1007
f 1010/1008 2617/1005 2618/1003
f 1936/901 1937/1002 1938/1004
f 743/1659 2618/1003 1204/1001
f 1204/1001 1206/997 743/1659
f 2633/1000 1762/978 1761/981
f 2645/999 1205/998 1204/1001
f 1204/1001 1205/998 1206/997
f 743/1659 1206/997 856/996
f 855/1656 856/996 854/994
f 2653/993 855/1656 854/994
f 1085/992 1084/3906 2653/993
f 1085/992 2695/990 22/3913
f 2695/990 2693/989 1223/3936
f 2693/989 2697/988 2696/3933
f 2685/991 1297/986 2698/987
f 1297/986 1282/995 1298/985
f 2697/988 1296/984 2651/983
f 1298/985 1761/981 2652/982
f 1761/981 1762/978 820/979
f 1762/978 2633/1000 1050/976
f 819/980 821/977 818/972
f 860/974 1050/976 1051/900
f 814/971 819/980 818/972
f 2651/983 814/971 813/970
f 832/3932 813/970 812/968
f 811/969 859/973 858/967
f 832/3932 812/968 833/966
f 832/3932 833/966 831/965
f 1070/964 1072/3928 831/965
f 1070/964 1071/962 1072/3928
f 858/967 1168/939 1256/963
f 1071/962 1235/961 1236/3925
f 1292/960 1917/3922 1235/961
f 1175/3919 1292/960 1269/957
f 1188/956 1175/3919 1269/957
f 1186/3917 1188/956 1189/954
f 1221/3918 1189/954 1240/953
f 1240/953 1181/952 1222/3909
f 1179/949 1180/3907 1181/952
f 1178/951 1232/955 1249/950
f 2687/948 1180/3907 1179/949
f 2687/948 2689/947 2688/1649
f 2690/946 850/1646 2689/947
f 2691/944 1252/1644 2690/946
f 1247/943 1248/945 1249/950
f 2691/944 2692/942 2666/1641
f 1246/958 1258/941 1247/943
f 2692/942 617/940 24/1638
f 1257/959 1168/939 1258/941
f 617/940 618/938 25/1637
f 1167/937 1168/939 858/967
f 618/938 999/936 26/1636
f 1254/935 1167/937 1077/975
f 1254/935 1077/975 1255/3985
f 1078/906 1255/3985 1077/975
f 998/1635 999/936 875/934
f 876/933 1254/935 1255/3985
f 876/933 1255/3985 1274/929
f 1138/908 1274/929 1255/3985
f 875/934 874/932 1846/1633
f 1120/1632 874/932 2677/931
f 877/930 876/933 1274/929
f 1052/925 1277/928 1053/926
f 1241/923 2677/931 1052/925
f 1119/1627 1241/923 1032/922
f 985/1623 1032/922 1033/921
f 1134/1619 1033/921 662/920
f 938/918 659/1621 662/920
f 939/919 1005/924 1006/917
f 976/916 1146/1608 938/918
f 974/915 975/1606 976/916
f 917/914 2657/1603 974/915
f 916/1601 917/914 918/911
f 1006/917 1281/912 977/913
f 1281/912 1278/927 1137/910
f 916/1601 918/911 915/909
f 1138/908 1137/910 1274/929
f 915/909 1329/907 931/1599
f 1078/906 1138/908 1255/3985
f 1328/905 931/1599 1329/907
f 1077/975 857/904 1078/906
f 2668/903 893/1597 1328/905
f 860/974 1051/900 857/904
f 2667/902 894/1593 2668/903
f 1936/901 1051/900 1937/1002
f 2212/898 2211/1594 2667/899
f 2211/1594 2212/898 2213/887
f 2212/898 1964/895 1963/889
f 2706/1006 1936/901 1938/1004
f 2706/896 1854/1018 1961/894
f 1961/894 3057/1016 3487/893
f 3487/893 3382/1021 3486/892
f 3486/892 3485/1026 3061/890
f 1962/891 1963/889 1964/895
f 3058/1029 3060/888 3061/890
f 2212/898 1963/889 2213/887
f 3059/1032 3063/886 3060/888
f 2211/1594 2213/887 2214/884
f 3062/1034 3064/885 3063/886
f 3064/885 2260/1043 2215/882
f 2218/883 2211/1594 2214/884
f 922/3939 2218/883 2217/881
f 2260/1043 2216/880 2215/882
f 1317/1535 2217/881 2997/879
f 2259/1042 2263/877 2216/880
f 3040/878 2264/1531 2997/879
f 3040/878 3041/876 3026/1532
f 3042/875 2263/877 2262/1044
f 3041/876 3043/874 3028/1513
f 3054/1046 3039/872 3042/875
f 3044/873 3045/1511 3043/874
f 3052/866 3044/873 3050/870
f 3038/871 3039/872 3035/1047
f 3038/871 3037/1070 3051/869
f 3051/869 3078/1069 2970/868
f 3050/870 3053/867 3052/866
f 2964/865 3046/1509 3052/866
f 2958/1504 2964/865 2959/863
f 2968/862 2967/864 2970/868
f 3747/1506 2959/863 3766/861
f 2969/1068 3784/860 2968/862
f 2132/1508 3766/861 2960/859
f 3759/1066 2971/858 3784/860
f 2132/1508 2960/859 2928/856
f 2972/857 2971/858 2033/1064
f 2972/857 3499/1071 3568/855
f 2132/1508 2928/856 2133/854
f 640/3979 3560/852 3568/855
f 2131/1507 2133/854 2134/853
f 3560/852 640/3979 645/850
f 3786/848 2134/853 3559/851
f 3898/849 645/850 634/3981
f 3898/849 634/3981 3880/437
f 3898/849 1657/436 3526/843
f 3786/848 3769/847 2134/853
f 2774/846 3737/1505 3769/847
f 2961/1501 2774/846 2773/845
f 2951/1497 2773/1499 3540/842
f 1868/840 3531/1481 3540/842
f 1458/839 1655/1478 1868/840
f 2036/1476 1458/839 1455/836
f 2040/834 2036/1476 1455/836
f 1992/3986 2039/833 1456/835
f 1992/3986 1993/3987 2039/833
f 2039/833 1993/3987 1968/832
f 1987/3988 1968/3989 1993/3990
f 1987/3988 1993/3990 1989/3991
f 1988/426 1987/3988 1989/3991
f 1991/431 1989/3991 1993/3990
f 1981/413 1968/3989 1987/3988
f 2040/834 1969/830 1970/829
f 2026/1459 1970/829 1971/828
f 446/824 1951/819 1971/828
f 2042/1456 1951/819 649/815
f 1948/814 2042/1456 649/815
f 1424/1450 1948/814 1947/812
f 1495/809 1424/1450 1947/812
f 1495/809 541/808 578/1447
f 335/1444 541/808 540/807
f 9/805 334/1441 540/807
f 1904/804 1494/806 194/810
f 1904/804 194/810 1897/756
f 9/805 12/802 11/1439
f 1326/803 1904/804 1897/756
f 1326/803 14/759 1327/801
f 15/762 1327/801 14/759
f 1950/800 11/1439 12/802
f 2152/798 2037/1437 1950/800
f 2152/798 3013/796 3014/1435
f 3313/794 3283/797 3224/788
f 3013/796 2965/795 2485/1433
f 2965/795 3304/793 3303/1421
f 3302/1419 3304/793 3305/792
f 3305/792 3348/791 3347/1417
f 3348/791 3349/790 3351/1411
f 3291/785 3351/1411 3349/790
f 3313/794 3224/788 3312/789
f 3291/785 3349/790 3223/787
f 3247/770 3252/784 3248/786
f 3247/770 3239/780 3252/784
f 3276/783 3351/1411 3291/785
f 3260/782 3250/1406 3276/783
f 3236/779 3263/1404 3260/782
f 3251/781 3252/784 3239/780
f 3281/778 3263/1404 3236/779
f 3234/776 3280/1395 3281/778
f 3232/775 3235/1393 3234/776
f 3245/774 3267/1389 3232/775
f 3245/774 3246/771 3199/3943
f 3237/777 3238/772 3233/773
f 3238/772 3239/780 3247/770
f 3202/769 3199/3943 3246/771
f 3247/770 3248/786 3209/768
f 3199/3943 3202/769 3201/766
f 3210/767 3209/768 3224/788
f 3210/767 1949/799 1887/765
f 3199/3943 3201/766 3200/764
f 15/762 1887/765 1327/801
f 3200/764 3197/763 3198/1388
f 16/761 3195/1386 3197/763
f 16/761 3188/674 3195/1386
f 13/760 15/762 14/759
f 14/759 1326/803 2163/757
f 1326/803 1897/756 2163/757
f 1897/756 194/810 195/753
f 194/810 196/751 195/753
f 53/3992 232/752 754/749
f 53/3992 54/3993 232/752
f 197/811 749/750 196/751
f 749/750 646/813 647/746
f 647/746 648/816 122/747
f 270/738 1484/744 1483/3994
f 84/742 1483/3994 1484/744
f 269/739 1483/3994 84/742
f 270/738 1483/3994 269/739
f 270/748 53/3992 754/749
f 56/736 1954/740 1906/735
f 1909/286 1906/735 1954/740
f 548/3995 549/732 1905/734
f 548/3995 1905/734 458/281
f 95/728 548/3995 458/281
f 53/737 55/733 54/731
f 96/729 549/732 548/3995
f 216/3996 232/752 54/3993
f 96/729 548/3995 95/728
f 93/730 94/727 1901/693
f 93/730 1901/693 1924/689
f 278/696 1925/691 1900/692
f 1925/691 1926/711 1923/690
f 216/688 93/730 1924/689
f 216/3996 233/754 232/752
f 727/718 3761/684 1923/686
f 233/754 1903/680 1898/755
f 787/683 3761/684 1999/721
f 2116/679 1898/755 1903/680
f 738/758 2116/679 554/676
f 737/675 738/758 554/676
f 16/761 737/675 3188/674
f 3195/1386 3188/674 3187/672
f 3194/1382 3187/672 1899/671
f 374/668 375/3944 1899/669
f 497/1365 374/668 498/665
f 553/677 560/670 559/673
f 553/666 1902/681 796/664
f 785/663 497/1365 498/665
f 796/664 787/683 786/662
f 785/663 3692/661 3686/1363
f 2000/720 3694/660 786/662
f 3692/661 3651/659 3650/1361
f 2000/720 3653/656 3694/660
f 3651/659 3580/658 3582/1347
f 3581/1360 3580/658 3579/657
f 2000/720 2176/655 3653/656
f 3578/653 3579/657 3654/654
f 3743/1359 3578/653 3757/651
f 566/237 567/650 3758/652
f 2013/648 3755/1358 3757/651
f 2013/648 2010/634 3754/633
f 1093/632 3746/1356 3754/633
f 1093/632 1089/630 689/620
f 1572/635 682/629 1571/631
f 1089/630 943/627 684/621
f 683/628 682/629 681/638
f 683/628 3876/641 3885/626
f 3885/626 945/644 944/625
f 2110/3997 3868/622 2109/624
f 1389/527 2110/3997 2109/624
f 2110/3997 3867/3998 3868/622
f 2113/3999 3867/3998 2110/3997
f 1390/529 2113/3999 2110/3997
f 2113/3999 3911/4000 3867/3998
f 3867/3998 3911/4000 2103/4001
f 3867/3998 2103/4001 593/4002
f 3867/3998 593/4002 590/619
f 593/4002 2103/4001 2102/613
f 3911/4000 2107/4003 2103/4001
f 2103/4001 2107/4003 2097/611
f 3911/4000 3883/4004 2107/4003
f 3882/603 2107/4003 3883/4004
f 2111/4005 3883/4004 3911/4000
f 2112/602 3883/4004 2111/4005
f 1401/4006 2112/602 2111/4005
f 1401/4006 2111/4005 1398/533
f 1398/533 2111/4005 2113/3999
f 2111/4005 3911/4000 2113/3999
f 943/627 3899/623 684/621
f 3867/3998 590/619 3868/622
f 1089/630 684/621 689/620
f 591/618 1088/1355 689/620
f 590/619 593/4002 592/615
f 591/618 1575/617 1088/1355
f 3735/1353 1575/617 1576/616
f 1576/616 2101/614 2084/1333
f 593/4002 2102/613 592/615
f 2101/614 2098/612 2083/1334
f 2103/4001 2097/611 2102/613
f 2098/612 2099/610 2094/3945
f 2107/4003 2100/607 2097/611
f 2099/610 2095/609 2077/1303
f 501/1296 2095/609 500/608
f 502/1297 500/608 499/606
f 2107/4003 2108/605 2100/607
f 3896/1299 499/606 3901/604
f 3882/603 2108/605 2107/4003
f 2112/602 3882/603 3883/4004
f 2112/602 1401/4006 1384/601
f 1401/4006 1378/4007 1384/601
f 1384/601 1378/4007 1377/596
f 1401/4006 1400/535 1378/4007
f 1400/537 920/586 1378/4008
f 1378/4008 920/586 908/591
f 2104/599 3901/604 2106/600
f 1385/598 2105/1300 2104/599
f 1385/598 1386/597 1420/1284
f 1384/601 1377/596 1379/595
f 1386/594 909/592 1374/1279
f 1378/4008 908/591 1377/593
f 1374/1279 909/592 910/590
f 900/589 903/1273 910/590
f 900/589 899/588 886/1269
f 907/587 908/591 920/586
f 962/584 899/588 919/585
f 954/1267 962/584 961/582
f 953/581 954/1267 961/582
f 952/1263 953/581 951/579
f 946/1261 951/579 950/576
f 923/574 946/1261 950/576
f 923/574 949/571 948/1259
f 1094/570 948/1259 949/571
f 822/1257 1094/570 1102/568
f 1102/568 1133/567 1126/3960
f 1133/567 1135/566 1130/1186
f 1109/565 1097/569 1114/564
f 1135/566 1136/563 1148/562
f 1148/562 1143/561 1086/1184
f 1147/560 1144/1179 1143/561
f 1196/1178 1147/560 1176/558
f 1145/559 1114/564 1171/557
f 1183/1139 1176/558 1155/556
f 1114/564 1154/555 1171/557
f 1155/556 1156/554 1162/3965
f 1115/572 1153/553 1154/555
f 1153/553 924/573 925/552
f 925/552 927/575 966/551
f 1156/554 967/550 1163/549
f 973/548 1170/3967 1163/549
f 928/4009 1170/3967 973/548
f 1388/4010 973/548 969/546
f 966/551 968/545 972/547
f 1391/4011 969/546 970/544
f 965/577 971/543 968/545
f 1392/4012 970/544 979/542
f 964/578 978/541 971/543
f 963/580 981/540 978/541
f 981/540 986/583 987/536
f 1399/538 979/542 980/539
f 1400/537 987/536 920/586
f 1400/535 1401/4006 1398/533
f 1399/538 1392/4012 979/542
f 1398/533 2113/3999 1397/531
f 1392/4012 1391/4011 970/544
f 1390/529 1397/531 2113/3999
f 1391/4011 1388/4010 969/546
f 1389/527 1390/529 2110/3997
f 1388/4010 928/4009 973/548
f 940/525 1389/527 2109/624
f 928/526 929/524 1170/3969
f 944/625 930/523 940/525
f 929/524 1402/522 1169/3968
f 2047/643 1404/521 930/523
f 1402/522 1403/519 1165/1136
f 2045/645 1405/520 1404/521
f 1405/520 2045/645 2044/514
f 1403/519 1434/518 1435/1124
f 1439/517 1437/1122 1434/518
f 1442/1121 1439/517 2046/515
f 1442/1121 2046/515 2141/509
f 1405/520 2044/514 1438/516
f 2141/509 2046/515 3894/512
f 2045/645 3897/513 2044/514
f 3897/513 573/646 570/511
f 2141/509 3894/512 3893/510
f 1431/507 1442/1121 2141/509
f 1442/1121 1431/507 1432/506
f 1426/505 1433/1116 1432/506
f 19/504 1429/1097 1426/505
f 17/1095 19/504 18/502
f 1430/503 2140/508 2139/501
f 2139/501 2140/508 3866/500
f 694/495 2138/4013 670/498
f 670/498 2138/4013 2137/470
f 3866/500 695/496 671/497
f 695/496 570/511 571/494
f 694/495 2142/493 2138/4013
f 2142/493 798/477 2138/4013
f 572/639 2143/492 571/494
f 2142/493 2025/491 798/477
f 2144/637 2022/490 2143/492
f 2025/491 2024/489 803/479
f 2024/489 733/485 803/479
f 2011/636 2023/488 2022/490
f 2012/647 731/487 2023/488
f 2024/489 732/486 733/485
f 733/485 735/481 734/480
f 803/479 733/485 734/480
f 2025/491 803/479 798/477
f 2138/4013 798/477 1870/472
f 1872/471 1873/473 2154/453
f 2138/4013 1870/472 2137/470
f 1473/469 1872/471 2035/455
f 670/498 2137/470 669/467
f 1472/457 1474/468 1473/469
f 668/466 670/498 669/467
f 3875/464 3865/499 668/466
f 3873/463 18/502 3875/464
f 706/462 3900/1093 3873/463
f 706/462 707/460 3870/1088
f 708/459 709/461 2031/465
f 707/460 2162/458 3909/1086
f 1472/457 708/459 1474/468
f 2162/458 2161/456 3886/1084
f 1473/469 2035/455 1472/457
f 2161/456 2160/454 3889/1083
f 1872/471 2154/453 2035/455
f 2160/454 2159/452 3890/3970
f 1873/473 2149/451 2154/453
f 2159/452 2158/450 3905/3971
f 1875/475 2153/449 2149/451
f 2158/450 2156/448 3874/3972
f 2157/447 2153/449 1976/476
f 2157/447 1976/476 1977/4014
f 1977/4014 1976/476 1974/421
f 2156/448 2155/446 3871/3973
f 2043/445 2157/447 1977/4014
f 2043/445 1977/4014 1995/4015
f 1995/4015 1977/4014 1978/423
f 2155/446 1891/444 3891/3975
f 1995/4015 1892/443 2043/445
f 1995/4015 1997/4016 1892/443
f 1997/4016 1995/4015 1994/425
f 1891/444 1890/442 3910/3984
f 1997/4016 1889/441 1892/443
f 1997/4016 1996/427 1889/441
f 1890/442 1877/440 3895/3982
f 3884/439 3895/3982 1877/440
f 634/3981 3884/439 3880/437
f 1657/436 3898/849 3880/437
f 3526/843 1657/436 1656/435
f 1457/837 1656/841 1880/838
f 1879/434 1876/438 1881/430
f 1456/835 1880/838 1992/3986
f 1991/431 1993/3990 1992/432
f 1990/428 1989/3991 1991/431
f 1876/438 1882/429 1881/430
f 1882/429 1889/441 1996/427
f 1990/428 1988/426 1989/3991
f 1997/4016 1994/425 1996/427
f 1988/426 1979/424 1987/3988
f 1982/415 1987/3988 1979/424
f 1995/4015 1978/423 1994/425
f 1998/417 1979/424 1975/422
f 1977/4014 1974/421 1978/423
f 1976/476 1874/420 1974/421
f 1874/420 1869/474 799/419
f 799/419 800/478 805/416
f 1998/417 1975/422 804/418
f 1998/417 1982/415 1979/424
f 800/478 806/414 805/416
f 1982/415 1981/413 1987/3988
f 1981/413 1966/412 1968/3989
f 448/826 1967/827 1966/831
f 1980/410 806/414 1922/409
f 448/411 807/408 447/407
f 412/820 447/825 303/822
f 304/403 1545/823 303/404
f 304/403 1546/4017 1545/823
f 1545/823 1546/4017 1569/304
f 1548/4018 1569/304 1546/4017
f 1548/4018 1546/4017 1972/4019
f 322/4020 1548/4018 1972/4019
f 322/4020 1972/4019 1911/4021
f 1911/4021 321/4022 322/4020
f 322/4020 321/4022 320/4023
f 322/4020 320/4023 319/4024
f 319/4024 320/4023 1953/311
f 320/4023 321/4022 509/4025
f 320/4023 509/4025 510/4026
f 1957/313 320/4023 510/4026
f 1957/313 510/4026 507/4027
f 510/4026 508/4028 507/4027
f 1520/4029 507/4027 508/4028
f 508/4028 515/4030 1520/4029
f 1520/4029 515/4030 49/4031
f 1520/4029 49/4031 477/4032
f 187/4033 1520/4029 477/4032
f 187/4033 477/4032 186/4034
f 186/4034 188/4035 187/4033
f 187/4033 188/4035 449/314
f 187/4033 449/314 507/4027
f 186/4034 189/4036 188/4035
f 189/4036 451/4037 188/4035
f 188/4035 451/4037 450/315
f 189/4036 370/4038 451/4037
f 370/4038 61/4039 451/4037
f 451/4037 61/4039 505/317
f 370/4038 29/4040 61/4039
f 29/4040 62/4041 61/4039
f 61/4039 62/4041 323/319
f 29/4040 30/4042 62/4041
f 204/4043 62/4041 30/4042
f 204/4043 30/4042 205/4044
f 455/323 204/4043 205/4044
f 205/4044 30/4042 31/4045
f 205/4044 31/4045 244/4046
f 542/327 205/4044 244/4046
f 542/327 244/4046 245/4047
f 245/4047 244/4046 243/4048
f 245/4047 243/4048 242/4049
f 40/331 245/4047 242/4049
f 243/4048 516/4050 242/4049
f 39/332 242/4049 516/4050
f 39/332 516/4050 1536/4051
f 316/4052 1536/4051 516/4050
f 316/4052 516/4050 33/4053
f 316/4052 33/4053 164/4054
f 316/4052 164/4054 315/4055
f 313/4056 316/4052 315/4055
f 313/4056 315/4055 314/4057
f 75/4058 313/4056 314/4057
f 75/4058 314/4057 74/4059
f 76/4060 75/4058 74/4059
f 76/4060 74/4059 73/4061
f 1490/4062 76/4060 73/4061
f 1490/4062 73/4061 1488/4063
f 1487/336 1490/4062 1488/4063
f 1487/336 1488/4063 539/344
f 1488/4063 73/4061 396/347
f 76/4060 1490/4062 1504/4064
f 1490/4062 418/334 1504/4064
f 73/4061 74/4059 282/4065
f 73/4061 282/4065 281/4066
f 73/4061 281/4066 397/348
f 281/4066 282/4065 460/353
f 74/4059 263/4067 282/4065
f 282/4065 263/4067 264/355
f 76/4060 1504/4064 75/4058
f 74/4059 314/4057 263/4067
f 109/4068 263/4067 314/4057
f 114/357 263/4067 109/4068
f 313/4056 75/4058 1504/4064
f 313/4056 1504/4064 1505/4069
f 1504/4064 38/333 1505/4069
f 38/333 1536/4051 1505/4069
f 109/4068 314/4057 315/4055
f 108/4070 109/4068 315/4055
f 107/359 109/4068 108/4070
f 1505/4069 316/4052 313/4056
f 108/4070 315/4055 164/4054
f 116/4071 108/4070 164/4054
f 116/4071 164/4054 105/4072
f 148/4073 116/4071 105/4072
f 148/4073 105/4072 106/4074
f 148/4073 106/4074 60/4075
f 148/4073 60/4075 147/4076
f 147/4076 1543/4077 148/4073
f 148/4073 1543/4077 115/360
f 147/4076 1542/4078 1543/4077
f 1542/4078 513/4079 1543/4077
f 1543/4077 513/4079 286/361
f 1542/4078 1544/4080 513/4079
f 1544/4080 239/4081 513/4079
f 513/4079 239/4081 230/363
f 239/4081 240/4082 230/363
f 239/4081 241/4083 240/4082
f 241/4083 259/4084 240/4082
f 317/368 240/4082 259/4084
f 241/4083 260/4085 259/4084
f 260/4085 229/4086 259/4084
f 391/370 259/4084 229/4086
f 260/4085 91/4087 229/4086
f 228/4088 229/4086 91/4087
f 228/4088 91/4087 88/4089
f 333/4090 228/4088 88/4089
f 333/4090 88/4089 227/4091
f 227/4091 1510/4092 333/4090
f 1510/4092 1512/381 333/4090
f 1510/4092 1528/4093 1512/381
f 206/4094 1528/4093 1510/4092
f 209/4095 206/4094 1510/4092
f 209/4095 1510/4092 226/4096
f 209/4095 226/4096 101/4097
f 209/4095 101/4097 208/4098
f 208/4098 101/4097 102/4099
f 208/4098 102/4099 132/4100
f 207/4101 208/4098 132/4100
f 207/4101 132/4100 543/4102
f 543/4102 360/4103 207/4101
f 1506/4104 207/4101 360/4103
f 360/4103 1508/4105 1506/4104
f 1506/4104 1508/4105 1507/4106
f 1506/4104 1507/4106 1486/4107
f 1486/4107 1507/4106 1527/4108
f 1486/4107 1527/4108 1485/4109
f 1486/4107 1485/4109 206/4094
f 1486/4107 206/4094 207/4101
f 1485/4109 1527/4108 1526/382
f 1485/4109 1526/382 1528/4093
f 332/386 1527/4108 1507/4106
f 331/387 1507/4106 1508/4105
f 331/387 1508/4105 1524/4110
f 1524/4110 1508/4105 361/4111
f 1524/4110 361/4111 78/4112
f 462/4113 1524/4110 78/4112
f 462/4113 78/4112 79/4114
f 50/4115 462/4113 79/4114
f 50/4115 79/4114 461/4116
f 461/4116 49/4031 50/4115
f 52/392 50/4115 49/4031
f 461/4116 79/4114 80/4117
f 461/4116 80/4117 511/4118
f 186/4034 461/4116 511/4118
f 518/4119 511/4118 80/4117
f 1491/4120 518/4119 80/4117
f 1491/4120 80/4117 77/4121
f 364/4122 1491/4120 77/4121
f 364/4122 77/4121 506/4123
f 252/4124 364/4122 506/4123
f 252/4124 506/4123 258/4125
f 254/4126 252/4124 258/4125
f 254/4126 258/4125 255/4127
f 255/4127 344/4128 254/4126
f 254/4126 344/4128 57/4129
f 254/4126 57/4129 58/4130
f 60/4075 58/4130 57/4129
f 429/4131 60/4075 57/4129
f 57/4129 133/4132 429/4131
f 429/4131 133/4132 1542/4078
f 57/4129 132/4100 133/4132
f 132/4100 134/4133 133/4132
f 133/4132 134/4133 1544/4080
f 134/4133 797/4134 1544/4080
f 134/4133 409/4135 797/4134
f 547/4136 797/4134 409/4135
f 547/4136 409/4135 302/4137
f 326/4138 547/4136 302/4137
f 326/4138 302/4137 90/4139
f 91/4087 326/4138 90/4139
f 90/4139 302/4137 301/4140
f 90/4139 301/4140 89/4141
f 88/4089 90/4139 89/4141
f 104/4142 89/4141 301/4140
f 104/4142 301/4140 103/4143
f 101/4097 104/4142 103/4143
f 89/4141 104/4142 227/4091
f 226/4096 227/4091 104/4142
f 103/4143 301/4140 302/4137
f 324/4144 547/4136 326/4138
f 260/4085 324/4144 326/4138
f 324/4144 325/4145 547/4136
f 241/4083 325/4145 324/4144
f 103/4143 302/4137 409/4135
f 102/4099 103/4143 409/4135
f 325/4145 797/4134 547/4136
f 325/4145 239/4081 797/4134
f 102/4099 409/4135 134/4133
f 57/4129 299/4146 132/4100
f 60/4075 59/4147 58/4130
f 253/4148 58/4130 59/4147
f 253/4148 59/4147 85/4149
f 365/4150 253/4148 85/4149
f 365/4150 85/4149 345/4151
f 345/4151 1492/4152 365/4150
f 365/4150 1492/4152 1491/4120
f 345/4151 1496/4153 1492/4152
f 1496/4153 1493/4154 1492/4152
f 1492/4152 1493/4154 518/4119
f 1493/4154 517/4155 518/4119
f 1493/4154 369/4156 517/4155
f 517/4155 369/4156 370/4038
f 362/4157 369/4156 1493/4154
f 362/4157 32/4158 369/4156
f 369/4156 32/4158 29/4040
f 363/4159 32/4158 362/4157
f 117/4160 363/4159 362/4157
f 117/4160 362/4157 1496/4153
f 119/4161 117/4160 1496/4153
f 117/4160 119/4161 36/4162
f 117/4160 36/4162 118/4163
f 118/4163 36/4162 33/4053
f 36/4162 34/4164 33/4053
f 33/4053 34/4164 105/4072
f 36/4162 35/4165 34/4164
f 35/4165 87/4166 34/4164
f 106/4074 34/4164 87/4166
f 35/4165 86/4167 87/4166
f 59/4147 87/4166 86/4167
f 119/4161 86/4167 35/4165
f 345/4151 86/4167 119/4161
f 119/4161 35/4165 36/4162
f 363/4159 117/4160 118/4163
f 363/4159 118/4163 243/4048
f 363/4159 31/4045 32/4158
f 1496/4153 362/4157 1493/4154
f 119/4161 1496/4153 345/4151
f 345/4151 85/4149 86/4167
f 364/4122 253/4148 365/4150
f 59/4147 86/4167 85/4149
f 252/4124 58/4130 253/4148
f 60/4075 87/4166 59/4147
f 57/4129 344/4128 299/4146
f 344/4128 256/4168 299/4146
f 298/4169 299/4146 256/4168
f 298/4169 256/4168 257/4170
f 298/4169 257/4170 361/4111
f 298/4169 361/4111 360/4103
f 506/4123 361/4111 257/4170
f 258/4125 257/4170 256/4168
f 299/4146 298/4169 543/4102
f 344/4128 255/4127 256/4168
f 258/4125 256/4168 255/4127
f 252/4124 254/4126 58/4130
f 506/4123 257/4170 258/4125
f 364/4122 252/4124 253/4148
f 506/4123 77/4121 78/4112
f 365/4150 1491/4120 364/4122
f 1492/4152 518/4119 1491/4120
f 518/4119 517/4155 511/4118
f 511/4118 517/4155 189/4036
f 77/4121 80/4117 79/4114
f 462/4113 50/4115 51/390
f 77/4121 79/4114 78/4112
f 330/388 1524/4110 462/4113
f 506/4123 78/4112 361/4111
f 360/4103 361/4111 1508/4105
f 1506/4104 1486/4107 207/4101
f 543/4102 298/4169 360/4103
f 299/4146 543/4102 132/4100
f 206/4094 208/4098 207/4101
f 132/4100 102/4099 134/4133
f 101/4097 103/4143 102/4099
f 226/4096 104/4142 101/4097
f 206/4094 209/4095 208/4098
f 206/4094 1485/4109 1528/4093
f 227/4091 226/4096 1510/4092
f 89/4141 227/4091 88/4089
f 236/378 228/4088 333/4090
f 250/374 228/4088 236/378
f 88/4089 91/4087 90/4139
f 250/374 229/4086 228/4088
f 91/4087 260/4085 326/4138
f 260/4085 241/4083 324/4144
f 241/4083 239/4081 325/4145
f 1544/4080 797/4134 239/4081
f 133/4132 1544/4080 1542/4078
f 429/4131 1542/4078 147/4076
f 429/4131 147/4076 60/4075
f 60/4075 106/4074 87/4166
f 106/4074 105/4072 34/4164
f 148/4073 115/360 116/4071
f 108/4070 116/4071 115/360
f 33/4053 105/4072 164/4054
f 118/4163 33/4053 516/4050
f 1505/4069 1536/4051 316/4052
f 243/4048 118/4163 516/4050
f 244/4046 363/4159 243/4048
f 244/4046 31/4045 363/4159
f 32/4158 31/4045 30/4042
f 62/4041 204/4043 266/321
f 32/4158 30/4042 29/4040
f 369/4156 29/4040 370/4038
f 517/4155 370/4038 189/4036
f 511/4118 189/4036 186/4034
f 186/4034 477/4032 461/4116
f 461/4116 477/4032 49/4031
f 515/4030 52/392 49/4031
f 515/4030 167/4171 52/392
f 514/4172 167/4171 515/4030
f 514/4172 342/4173 167/4171
f 342/4173 166/393 167/4171
f 1973/4174 342/4173 514/4172
f 509/4025 1973/4174 514/4172
f 509/4025 514/4172 508/4028
f 1973/4174 341/397 342/4173
f 1912/4175 341/397 1973/4174
f 321/4022 1912/4175 1973/4174
f 508/4028 514/4172 515/4030
f 1520/4029 187/4033 507/4027
f 510/4026 509/4025 508/4028
f 321/4022 1973/4174 509/4025
f 1911/4021 1912/4175 321/4022
f 453/400 1912/4175 1911/4021
f 1911/4021 1972/4019 305/402
f 1548/4018 322/4020 319/4024
f 1548/4018 319/4024 1547/308
f 1569/304 1548/4018 1547/308
f 1972/4019 1546/4017 304/403
f 1972/4019 304/403 305/402
f 1911/4021 305/402 453/400
f 306/405 1922/409 452/482
f 453/400 454/398 1912/4175
f 1912/4175 454/398 341/397
f 343/396 342/4173 341/397
f 342/4173 343/396 166/393
f 1558/214 378/394 340/395
f 378/394 377/4176 165/391
f 410/212 377/4176 378/394
f 52/392 167/4171 166/393
f 52/392 51/390 50/4115
f 377/4176 519/389 165/391
f 377/4176 291/208 519/389
f 462/4113 51/390 330/388
f 329/385 519/389 291/208
f 330/388 331/387 1524/4110
f 332/386 1507/4106 331/387
f 1527/4108 332/386 1525/384
f 1527/4108 1525/384 1526/382
f 1512/381 1528/4093 1526/382
f 333/4090 1512/381 235/379
f 1511/380 1521/203 234/377
f 333/4090 235/379 236/378
f 236/378 237/376 250/374
f 274/373 427/375 424/4177
f 274/373 424/4177 423/194
f 427/375 327/195 424/4177
f 250/374 249/372 229/4086
f 423/194 273/371 274/373
f 391/370 229/4086 249/372
f 193/192 1541/369 273/371
f 317/368 259/4084 391/370
f 190/190 318/367 1541/369
f 160/365 240/4082 317/368
f 163/366 318/367 532/189
f 163/366 532/189 8/186
f 163/366 8/186 5/182
f 163/366 5/182 162/4178
f 163/366 162/4178 161/364
f 520/4179 161/364 162/4178
f 520/4179 162/4178 1529/181
f 531/4180 520/4179 1529/181
f 520/4179 531/4180 522/4181
f 520/4179 522/4181 521/4182
f 521/4182 522/4181 1539/354
f 531/4180 441/4183 522/4181
f 522/4181 441/4183 1537/352
f 531/4180 440/179 441/4183
f 161/364 520/4179 521/4182
f 160/365 230/363 240/4082
f 161/364 521/4182 231/362
f 231/362 521/4182 1540/356
f 513/4079 230/363 286/361
f 1543/4077 286/361 115/360
f 108/4070 115/360 107/359
f 107/359 114/357 109/4068
f 231/362 1540/356 287/358
f 114/357 264/355 263/4067
f 521/4182 1539/354 1540/356
f 282/4065 264/355 460/353
f 522/4181 1537/352 1539/354
f 281/4066 460/353 459/350
f 441/4183 1538/351 1537/352
f 441/4183 438/177 1538/351
f 397/348 281/4066 459/350
f 73/4061 397/348 396/347
f 1488/4063 396/347 1533/345
f 539/344 1488/4063 1533/345
f 199/342 534/343 262/170
f 199/342 262/170 238/256
f 142/4184 199/342 238/256
f 199/342 142/4184 139/341
f 142/4184 140/263 139/341
f 70/337 539/344 198/340
f 71/335 72/338 179/329
f 72/338 182/269 179/329
f 70/337 1487/336 539/344
f 1490/4062 1487/336 418/334
f 1504/4064 418/334 38/333
f 38/333 39/332 1536/4051
f 40/331 242/4049 39/332
f 180/328 245/4047 40/331
f 71/335 179/329 37/330
f 179/329 182/269 181/324
f 180/328 542/327 245/4047
f 455/323 205/4044 542/327
f 266/321 204/4043 455/323
f 265/322 268/325 267/320
f 267/320 268/325 1499/287
f 62/4041 266/321 323/319
f 145/289 300/318 267/320
f 61/4039 323/319 505/317
f 146/291 1959/316 300/318
f 451/4037 505/317 450/315
f 188/4035 450/315 449/314
f 1957/313 507/4027 449/314
f 1957/313 1953/311 320/4023
f 1959/316 1946/310 1958/312
f 1959/316 1945/293 1946/310
f 319/4024 1953/311 1952/309
f 1547/308 319/4024 1952/309
f 1569/304 1547/308 1568/305
f 1965/303 1545/823 1569/304
f 414/302 1545/823 1965/303
f 414/821 121/818 413/817
f 1535/301 1534/306 120/298
f 123/299 122/745 121/300
f 123/299 1960/297 83/743
f 1960/297 82/292 83/743
f 1534/306 1956/296 120/298
f 1955/307 1943/295 1956/296
f 1943/295 1946/310 1945/293
f 1960/297 1944/294 82/292
f 146/291 1945/293 1959/316
f 81/290 83/743 82/292
f 145/289 146/291 300/318
f 1482/741 81/290 1498/288
f 267/320 1499/287 145/289
f 1498/288 1909/286 1954/740
f 1501/285 1499/287 268/325
f 1909/286 1908/284 1906/735
f 1503/283 1501/285 1500/326
f 1503/283 1500/326 1502/272
f 1905/734 1908/284 1907/282
f 458/281 1905/734 1907/282
f 95/728 458/281 128/280
f 131/278 129/694 128/280
f 276/277 130/695 131/278
f 551/276 552/698 276/277
f 443/266 552/698 551/276
f 551/276 1939/273 442/268
f 1910/274 277/275 275/279
f 1910/274 1503/283 1502/272
f 1502/272 1500/326 421/271
f 421/271 181/324 182/269
f 1939/273 422/270 442/268
f 72/338 445/267 182/269
f 551/276 442/268 443/266
f 69/339 444/265 445/267
f 443/266 430/264 552/698
f 139/341 140/263 444/265
f 1940/699 430/264 431/262
f 142/4184 141/260 140/263
f 308/701 431/262 47/261
f 48/726 47/261 46/259
f 141/260 142/4184 92/257
f 44/258 45/725 46/259
f 142/4184 238/256 92/257
f 238/256 262/170 42/253
f 41/254 44/258 43/255
f 41/254 594/252 99/251
f 100/724 99/251 98/250
f 372/249 97/723 98/250
f 183/246 372/249 371/247
f 183/246 185/243 184/717
f 2005/240 2176/655 185/241
f 566/237 3758/652 2005/240
f 569/235 567/650 566/237
f 1570/234 1480/156 563/233
f 569/235 561/223 730/222
f 729/220 731/487 730/222
f 214/219 736/484 729/220
f 1531/218 1532/122 201/217
f 1532/122 200/4185 201/217
f 203/211 201/217 200/4185
f 215/483 736/484 214/219
f 1558/214 452/399 215/215
f 1558/214 410/212 378/394
f 203/211 202/213 201/217
f 410/212 411/209 377/4176
f 218/210 203/211 200/4185
f 218/210 200/4185 217/199
f 217/199 200/4185 456/120
f 291/208 377/4176 411/209
f 329/385 291/208 292/206
f 219/200 293/205 294/207
f 292/206 1522/204 1523/383
f 1522/204 1521/203 1511/380
f 234/377 1521/203 212/202
f 219/200 288/201 293/205
f 219/200 218/210 217/199
f 213/197 212/202 211/198
f 427/375 213/197 327/195
f 423/194 424/4177 327/195
f 423/194 193/192 273/371
f 193/192 190/190 1541/369
f 190/190 532/189 318/367
f 8/186 532/189 247/187
f 8/186 6/184 5/182
f 1529/181 162/4178 5/182
f 531/4180 1529/181 440/179
f 438/177 441/4183 440/179
f 1566/176 1538/351 438/177
f 136/175 784/349 1566/176
f 135/172 137/346 136/175
f 135/172 138/171 137/346
f 534/343 138/171 262/170
f 545/168 42/253 262/170
f 261/169 1563/173 544/167
f 544/167 1563/173 1565/96
f 545/168 546/166 595/248
f 544/167 1565/96 512/164
f 66/165 63/245 546/166
f 1567/95 419/163 512/164
f 426/4186 419/163 1567/95
f 426/4186 389/4187 419/163
f 388/75 389/4187 426/4186
f 388/75 426/4186 425/92
f 419/163 389/4187 127/162
f 387/74 127/162 389/4187
f 387/74 126/152 127/162
f 65/160 66/165 143/161
f 225/158 64/244 65/160
f 533/157 224/242 225/158
f 1480/156 1570/234 533/157
f 1481/154 563/233 1480/156
f 251/155 144/159 124/153
f 124/153 127/162 126/152
f 428/145 368/149 174/151
f 172/70 428/145 174/151
f 1481/154 125/150 366/148
f 1509/147 1497/227 366/148
f 437/144 503/232 1509/147
f 428/145 367/146 368/149
f 437/144 1516/142 503/232
f 1516/142 152/128 154/230
f 153/127 154/230 152/128
f 149/126 150/130 176/110
f 153/127 177/125 178/124
f 272/123 271/226 178/124
f 272/123 1532/122 1531/218
f 1532/122 456/120 200/4185
f 217/199 456/120 457/119
f 328/118 210/196 457/119
f 420/193 328/118 401/116
f 289/115 290/117 175/121
f 401/116 400/114 192/191
f 400/114 248/113 191/188
f 68/112 7/185 248/113
f 347/107 67/183 68/112
f 346/111 289/115 176/110
f 176/110 159/141 402/109
f 402/109 283/139 284/108
f 404/105 67/183 347/107
f 404/105 1556/104 67/183
f 1555/102 1530/180 1556/104
f 398/100 439/178 1555/102
f 439/178 398/100 399/99
f 1564/174 399/99 169/97
f 1563/173 169/97 1565/96
f 1567/95 512/164 1565/96
f 311/93 426/4186 1567/95
f 425/92 426/4186 311/93
f 425/92 1552/89 1550/76
f 312/91 170/94 171/90
f 171/90 168/98 1553/88
f 1553/88 1554/101 394/87
f 395/85 394/87 393/103
f 384/84 395/85 392/106
f 384/84 392/106 415/52
f 355/81 353/86 352/83
f 355/81 354/79 353/86
f 1517/71 1518/77 296/43
f 1551/78 353/86 354/79
f 1552/89 1551/78 1550/76
f 425/92 1550/76 388/75
f 387/74 389/4187 388/75
f 387/74 173/72 126/152
f 1517/71 1519/73 1518/77
f 174/151 173/72 172/70
f 172/70 436/69 428/145
f 1562/67 435/143 436/69
f 1562/67 1561/66 435/143
f 1561/66 1560/65 1515/134
f 406/64 1513/133 1560/65
f 405/62 407/136 406/64
f 417/60 408/137 405/62
f 417/60 416/59 386/138
f 348/37 350/57 349/58
f 348/37 351/51 350/57
f 385/55 416/59 550/56
f 403/54 284/108 385/55
f 415/52 392/106 403/54
f 434/53 350/57 351/51
f 358/50 384/84 415/52
f 384/84 358/50 359/49
f 380/47 390/82 359/49
f 356/48 1/35 379/45
f 381/46 390/82 380/47
f 295/44 433/80 381/46
f 295/44 296/43 433/80
f 297/42 1517/71 296/43
f 1559/41 1549/68 297/42
f 382/40 1557/63 1559/41
f 432/61 382/40 383/38
f 349/58 383/38 348/37
f 357/36 351/51 348/37
f 1/35 356/48 357/36
f 379/45 1/35 2/34
f 4/33 3/39 2/34
f 3934/4188 3937/4189 3938/4190
f 3934/4188 3938/4190 3939/4191
f 3934/4188 3939/4191 3935/4192
f 4060/4193 3934/4188 3935/4192
f 3935/4192 4465/4194 4060/4193
f 4465/4194 4056/4195 4060/4193
f 4056/4195 4059/4196 4060/4193
f 4056/4195 4055/4197 4059/4196
f 4055/4197 4058/4198 4059/4196
f 4058/4198 3934/4188 4059/4196
f 4058/4198 3933/4199 3934/4188
f 4058/4198 3932/4200 3933/4199
f 3932/4200 3937/4189 3933/4199
f 3932/4200 3936/4201 3937/4189
f 3937/4189 3936/4201 3940/4202
f 3937/4189 3940/4202 3941/4203
f 3937/4189 3941/4203 3942/4204
f 3942/4204 3941/4203 3945/4205
f 3942/4204 3945/4205 3946/4206
f 3942/4204 3946/4206 3947/4207
f 3942/4204 3947/4207 3943/4208
f 3938/4190 3942/4204 3943/4208
f 3947/4207 4087/4209 3943/4208
f 3943/4208 4087/4209 4074/4210
f 3943/4208 4074/4210 3939/4191
f 4074/4210 4087/4209 4088/4211
f 4074/4210 4088/4211 4075/4212
f 4061/4213 4074/4210 4075/4212
f 4061/4213 4075/4212 4062/4214
f 4466/4215 4061/4213 4062/4214
f 4466/4215 4062/4214 4063/4216
f 4466/4215 4063/4216 4467/4217
f 4453/4218 4466/4215 4467/4217
f 4453/4218 4467/4217 4454/4219
f 4440/4220 4453/4218 4454/4219
f 4440/4220 4454/4219 4441/4221
f 4427/4222 4440/4220 4441/4221
f 4427/4222 4441/4221 4428/4223
f 4415/4224 4427/4222 4428/4223
f 4416/4225 4415/4224 4428/4223
f 4416/4225 4428/4223 4429/4226
f 4416/4225 4429/4226 4430/4227
f 4416/4225 4430/4227 4417/4228
f 4403/4229 4416/4225 4417/4228
f 4403/4229 4417/4228 4404/4230
f 4391/4231 4403/4229 4404/4230
f 4391/4231 4404/4230 4405/4232
f 4391/4231 4405/4232 4392/4233
f 4379/4234 4391/4231 4392/4233
f 4379/4235 4392/4236 4393/4237
f 4379/4235 4393/4237 4380/4238
f 4367/4239 4379/4235 4380/4238
f 4368/4240 4367/4239 4380/4238
f 4368/4240 4380/4238 4381/4241
f 4368/4240 4381/4241 4382/4242
f 4368/4240 4382/4242 4369/4243
f 4355/4244 4368/4240 4369/4243
f 4355/4244 4369/4243 4356/4245
f 4341/4246 4355/4244 4356/4245
f 4341/4246 4356/4245 4342/4247
f 4329/4248 4341/4246 4342/4247
f 4330/4249 4329/4248 4342/4247
f 4330/4249 4342/4247 4343/4250
f 4330/4249 4343/4250 4344/4251
f 4330/4249 4344/4251 4331/4252
f 4318/4253 4330/4249 4331/4252
f 4318/4253 4331/4252 4332/4254
f 4318/4253 4332/4254 4319/4255
f 4305/4256 4318/4253 4319/4255
f 4305/4256 4319/4255 4306/4257
f 4293/4258 4305/4256 4306/4257
f 4294/4259 4293/4258 4306/4257
f 4294/4259 4306/4257 4307/4260
f 4347/4261 4294/4259 4307/4260
f 4347/4261 4307/4260 4320/4262
f 4347/4261 4320/4262 4333/4263
f 4347/4261 4333/4263 4346/4264
f 4347/4261 4346/4264 4360/4265
f 4347/4261 4360/4265 4373/4266
f 4347/4261 4373/4266 4386/4267
f 4347/4261 4386/4267 4399/4268
f 4347/4261 4399/4268 4412/4269
f 4347/4261 4412/4269 4425/4270
f 4347/4261 4425/4270 4438/4271
f 4347/4261 4438/4271 4451/4272
f 4347/4261 4451/4272 4464/4273
f 4347/4261 4464/4273 4477/4274
f 4347/4261 4477/4274 4073/4275
f 4347/4261 4073/4275 4086/4276
f 4347/4261 4086/4276 4099/4277
f 4347/4261 4099/4277 4112/4278
f 4347/4261 4112/4278 4125/4279
f 4347/4261 4125/4279 4138/4280
f 4347/4261 4138/4280 4151/4281
f 4347/4261 4151/4281 4164/4282
f 4347/4261 4164/4282 4177/4283
f 4347/4261 4177/4283 4190/4284
f 4347/4261 4190/4284 4203/4285
f 4347/4261 4203/4285 4216/4286
f 4347/4261 4216/4286 4229/4287
f 4347/4261 4229/4287 4242/4288
f 4347/4261 4242/4288 4255/4289
f 4347/4261 4255/4289 4268/4290
f 4347/4261 4268/4290 4281/4291
f 4267/4292 4281/4291 4268/4290
f 4254/4293 4267/4292 4268/4290
f 4253/4294 4267/4292 4254/4293
f 4241/4295 4253/4294 4254/4293
f 4242/4288 4241/4295 4254/4293
f 4228/4296 4241/4295 4242/4288
f 4228/4296 4240/4297 4241/4295
f 4228/4296 4227/4298 4240/4297
f 4226/4299 4240/4297 4227/4298
f 4213/4300 4226/4299 4227/4298
f 4213/4300 4227/4298 4214/4301
f 4200/4302 4213/4300 4214/4301
f 4200/4302 4214/4301 4201/4303
f 4187/4304 4200/4302 4201/4303
f 4187/4304 4201/4303 4188/4305
f 4175/4306 4187/4304 4188/4305
f 4175/4306 4188/4305 4189/4307
f 4175/4306 4189/4307 4176/4308
f 4163/4309 4175/4306 4176/4308
f 4163/4309 4176/4308 4177/4283
f 4163/4309 4162/4310 4175/4306
f 4161/4311 4175/4306 4162/4310
f 4149/4312 4161/4311 4162/4310
f 4149/4312 4148/4313 4161/4311
f 4148/4313 4160/4314 4161/4311
f 4161/4311 4160/4314 4173/4315
f 4161/4311 4173/4315 4174/4316
f 4173/4315 4187/4304 4174/4316
f 4173/4315 4186/4317 4187/4304
f 4173/4315 4185/4318 4186/4317
f 4186/4317 4185/4318 4198/4319
f 4186/4317 4198/4319 4199/4320
f 4186/4317 4199/4320 4200/4302
f 4199/4320 4198/4319 4211/4321
f 4199/4320 4211/4321 4212/4322
f 4199/4320 4212/4322 4213/4300
f 4213/4300 4212/4322 4225/4323
f 4211/4321 4225/4323 4212/4322
f 4211/4321 4224/4324 4225/4323
f 4225/4323 4224/4324 4237/4325
f 4225/4323 4237/4325 4238/4326
f 4226/4299 4225/4323 4238/4326
f 4226/4299 4238/4326 4239/4327
f 4239/4327 4238/4326 4251/4328
f 4239/4327 4251/4328 4252/4329
f 4240/4297 4239/4327 4252/4329
f 4240/4297 4252/4329 4253/4294
f 4253/4294 4252/4329 4265/4330
f 4253/4294 4265/4330 4266/4331
f 4265/4330 4279/4332 4266/4331
f 4266/4331 4279/4332 4280/4333
f 4266/4331 4280/4333 4267/4292
f 4280/4333 4279/4332 4292/4334
f 4280/4333 4292/4334 4293/4258
f 4281/4291 4280/4333 4293/4258
f 4279/4332 4291/4335 4292/4334
f 4291/4335 4305/4256 4292/4334
f 4291/4335 4304/4336 4305/4256
f 4290/4337 4304/4336 4291/4335
f 4277/4338 4290/4337 4291/4335
f 4277/4338 4291/4335 4278/4339
f 4265/4330 4277/4338 4278/4339
f 4265/4330 4264/4340 4277/4338
f 4263/4341 4277/4338 4264/4340
f 4250/4342 4263/4341 4264/4340
f 4250/4342 4264/4340 4251/4328
f 4237/4325 4250/4342 4251/4328
f 4236/4343 4250/4342 4237/4325
f 4223/4344 4236/4343 4237/4325
f 4223/4344 4235/4345 4236/4343
f 4235/4345 4249/4346 4236/4343
f 4235/4345 4248/4347 4249/4346
f 4248/4347 4262/4348 4249/4346
f 4250/4342 4249/4346 4262/4348
f 4248/4347 4261/4349 4262/4348
f 4262/4348 4261/4349 4274/4350
f 4262/4348 4274/4350 4275/4351
f 4263/4341 4262/4348 4275/4351
f 4263/4341 4275/4351 4276/4352
f 4275/4351 4289/4353 4276/4352
f 4277/4338 4276/4352 4289/4353
f 4275/4351 4288/4354 4289/4353
f 4288/4354 4302/4355 4289/4353
f 4290/4337 4289/4353 4302/4355
f 4290/4337 4302/4355 4303/4356
f 4303/4356 4302/4355 4315/4357
f 4303/4356 4315/4357 4316/4358
f 4304/4336 4303/4356 4316/4358
f 4304/4336 4316/4358 4317/4359
f 4304/4336 4317/4359 4318/4253
f 4316/4358 4330/4249 4317/4359
f 4316/4358 4315/4357 4328/4360
f 4316/4358 4328/4360 4329/4248
f 4315/4357 4327/4361 4328/4360
f 4327/4361 4341/4246 4328/4360
f 4327/4361 4340/4362 4341/4246
f 4327/4361 4339/4363 4340/4362
f 4340/4362 4339/4363 4353/4364
f 4340/4362 4353/4364 4354/4365
f 4340/4362 4354/4365 4355/4244
f 4355/4244 4354/4365 4367/4239
f 4354/4365 4366/4366 4367/4239
f 4354/4365 4353/4364 4366/4366
f 4352/4367 4366/4368 4353/4369
f 4338/4370 4352/4367 4353/4369
f 4338/4370 4351/4371 4352/4367
f 4351/4371 4365/4372 4352/4367
f 4351/4371 4364/4373 4365/4372
f 4364/4373 4378/4374 4365/4372
f 4365/4372 4378/4374 4379/4234
f 4365/4372 4379/4234 4366/4368
f 4364/4373 4377/4375 4378/4374
f 4378/4374 4377/4375 4390/4376
f 4378/4374 4390/4376 4391/4231
f 4376/4377 4390/4376 4377/4375
f 4376/4377 4389/4378 4390/4376
f 4389/4378 4403/4229 4390/4376
f 4389/4378 4402/4379 4403/4229
f 4389/4378 4401/4380 4402/4379
f 4402/4379 4401/4380 4414/4381
f 4402/4379 4414/4381 4415/4224
f 4401/4380 4413/4382 4414/4381
f 4413/4382 4427/4222 4414/4381
f 4413/4382 4426/4383 4427/4222
f 4047/4384 4426/4383 4413/4382
f 4047/4384 4413/4382 4043/4385
f 4043/4385 4046/4386 4047/4384
f 4046/4386 4051/4387 4047/4384
f 4439/4388 4047/4384 4051/4387
f 4452/4389 4439/4388 4051/4387
f 4452/4389 4051/4387 4056/4195
f 4439/4388 4452/4389 4453/4218
f 4453/4218 4452/4389 4465/4194
f 4046/4386 4050/4390 4051/4387
f 4051/4387 4050/4390 4055/4197
f 4049/4391 4055/4197 4050/4390
f 4049/4391 4054/4392 4055/4197
f 4048/4393 4054/4392 4049/4391
f 4045/4394 4048/4393 4049/4391
f 4046/4386 4045/4394 4049/4391
f 4041/4395 4045/4394 4046/4386
f 4041/4395 4046/4386 4042/4396
f 4038/4397 4041/4395 4042/4396
f 4038/4397 4042/4396 4043/4385
f 4038/4397 4043/4385 4039/4398
f 4034/4399 4038/4397 4039/4398
f 4034/4399 4039/4398 4035/4400
f 4031/4401 4034/4399 4035/4400
f 4387/4402 4031/4401 4035/4400
f 4387/4402 4374/4403 4031/4401
f 4031/4401 4374/4403 4361/4404
f 4031/4401 4361/4404 4027/4405
f 4027/4405 4030/4406 4031/4401
f 4027/4405 4026/4407 4030/4406
f 4025/4408 4030/4406 4026/4407
f 4022/4409 4025/4408 4026/4407
f 4023/4410 4022/4409 4026/4407
f 4019/4411 4022/4409 4023/4410
f 4348/4412 4019/4411 4023/4410
f 4361/4404 4348/4412 4023/4410
f 4349/4413 4348/4412 4361/4404
f 4349/4413 4361/4404 4362/4414
f 4349/4413 4362/4414 4363/4415
f 4349/4413 4363/4415 4350/4416
f 4335/4417 4349/4413 4350/4416
f 4335/4417 4350/4416 4336/4418
f 4322/4419 4335/4417 4336/4418
f 4322/4419 4336/4418 4323/4420
f 4310/4421 4322/4419 4323/4420
f 4310/4421 4323/4420 4324/4422
f 4310/4421 4324/4422 4311/4423
f 4297/4424 4310/4421 4311/4423
f 4297/4424 4311/4423 4298/4425
f 4284/4426 4297/4424 4298/4425
f 4284/4426 4298/4425 4285/4427
f 4271/4428 4284/4426 4285/4427
f 4271/4428 4285/4427 4272/4429
f 4259/4430 4271/4428 4272/4429
f 4259/4430 4272/4429 4273/4431
f 4259/4430 4273/4431 4260/4432
f 4246/4433 4259/4430 4260/4432
f 4246/4433 4260/4432 4247/4434
f 4234/4435 4246/4433 4247/4434
f 4235/4436 4234/4435 4247/4434
f 4221/4437 4234/4435 4235/4436
f 4221/4437 4235/4436 4222/4438
f 4209/4439 4221/4437 4222/4438
f 4209/4440 4222/4441 4223/4344
f 4209/4440 4223/4344 4210/4442
f 4196/4443 4209/4440 4210/4442
f 4196/4443 4210/4442 4197/4444
f 4183/4445 4196/4443 4197/4444
f 4183/4445 4197/4444 4184/4446
f 4170/4447 4183/4445 4184/4446
f 4170/4447 4184/4446 4171/4448
f 4158/4449 4170/4447 4171/4448
f 4159/4450 4158/4449 4171/4448
f 4159/4450 4171/4448 4172/4451
f 4159/4450 4172/4451 4173/4315
f 4171/4448 4185/4318 4172/4451
f 4146/4452 4158/4449 4159/4450
f 4146/4452 4159/4450 4160/4314
f 4146/4452 4160/4314 4147/4453
f 4133/4454 4146/4452 4147/4453
f 4133/4454 4147/4453 4134/4455
f 4120/4456 4133/4454 4134/4455
f 4120/4456 4134/4455 4121/4457
f 4107/4458 4120/4456 4121/4457
f 4107/4458 4121/4457 4108/4459
f 4095/4460 4107/4458 4108/4459
f 4095/4460 4108/4459 4109/4461
f 4095/4460 4109/4461 4096/4462
f 4082/4463 4095/4460 4096/4462
f 4082/4463 4096/4462 4083/4464
f 4069/4465 4082/4463 4083/4464
f 4069/4465 4083/4464 4070/4466
f 4474/4467 4069/4465 4070/4466
f 4474/4467 4070/4466 4071/4468
f 4474/4467 4071/4468 4475/4469
f 4462/4470 4474/4467 4475/4469
f 4462/4470 4475/4469 4476/4471
f 4462/4470 4476/4471 4463/4472
f 4450/4473 4462/4470 4463/4472
f 4451/4272 4450/4473 4463/4472
f 4437/4474 4450/4473 4451/4272
f 4437/4474 4449/4475 4450/4473
f 4437/4474 4436/4476 4449/4475
f 4435/4477 4449/4475 4436/4476
f 4423/4478 4435/4477 4436/4476
f 4423/4478 4422/4479 4435/4477
f 4421/4480 4435/4477 4422/4479
f 4408/4481 4421/4480 4422/4479
f 4408/4481 4422/4479 4409/4482
f 4395/4483 4408/4481 4409/4482
f 4395/4483 4409/4482 4396/4484
f 4382/4242 4395/4483 4396/4484
f 4382/4242 4396/4484 4383/4485
f 4370/4486 4382/4242 4383/4485
f 4370/4486 4383/4485 4384/4487
f 4370/4486 4384/4487 4371/4488
f 4358/4489 4370/4486 4371/4488
f 4358/4489 4371/4488 4372/4490
f 4358/4489 4372/4490 4359/4491
f 4345/4492 4358/4489 4359/4491
f 4346/4264 4345/4492 4359/4491
f 4332/4254 4345/4492 4346/4264
f 4332/4254 4344/4251 4345/4492
f 4345/4492 4344/4251 4358/4489
f 4344/4251 4357/4493 4358/4489
f 4359/4491 4372/4490 4373/4266
f 4373/4266 4372/4490 4385/4494
f 4372/4490 4384/4487 4385/4494
f 4384/4487 4398/4495 4385/4494
f 4385/4494 4398/4495 4399/4268
f 4399/4268 4398/4495 4411/4496
f 4398/4495 4410/4497 4411/4496
f 4410/4497 4424/4498 4411/4496
f 4411/4496 4424/4498 4425/4270
f 4425/4270 4424/4498 4437/4474
f 4423/4478 4437/4474 4424/4498
f 4410/4497 4423/4478 4424/4498
f 4409/4482 4423/4478 4410/4497
f 4398/4495 4397/4499 4410/4497
f 4396/4484 4410/4497 4397/4499
f 4384/4487 4396/4484 4397/4499
f 4384/4487 4397/4499 4398/4495
f 4358/4489 4357/4493 4370/4486
f 4357/4493 4369/4243 4370/4486
f 4372/4490 4371/4488 4384/4487
f 4384/4487 4383/4485 4396/4484
f 4382/4242 4394/4500 4395/4483
f 4395/4483 4394/4500 4407/4501
f 4393/4237 4407/4501 4394/4500
f 4393/4237 4406/4502 4407/4501
f 4407/4501 4406/4502 4419/4503
f 4407/4501 4419/4503 4420/4504
f 4408/4481 4407/4501 4420/4504
f 4420/4504 4419/4503 4432/4505
f 4420/4504 4432/4505 4433/4506
f 4421/4480 4420/4504 4433/4506
f 4421/4480 4433/4506 4434/4507
f 4434/4507 4433/4506 4446/4508
f 4434/4507 4446/4508 4447/4509
f 4435/4477 4434/4507 4447/4509
f 4435/4477 4447/4509 4448/4510
f 4447/4509 4461/4511 4448/4510
f 4449/4475 4448/4510 4461/4511
f 4449/4475 4461/4511 4462/4470
f 4447/4509 4460/4512 4461/4511
f 4461/4511 4460/4512 4473/4513
f 4461/4511 4473/4513 4474/4467
f 4459/4514 4473/4513 4460/4512
f 4446/4508 4459/4514 4460/4512
f 4445/4515 4459/4514 4446/4508
f 4432/4505 4445/4515 4446/4508
f 4432/4505 4444/4516 4445/4515
f 4444/4516 4458/4517 4445/4515
f 4444/4516 4457/4518 4458/4517
f 4457/4518 4471/4519 4458/4517
f 4459/4514 4458/4517 4471/4519
f 4459/4514 4471/4519 4472/4520
f 4472/4520 4471/4519 4067/4521
f 4472/4520 4067/4521 4068/4522
f 4472/4520 4068/4522 4069/4465
f 4472/4520 4069/4465 4473/4513
f 4069/4465 4068/4522 4081/4523
f 4067/4521 4081/4523 4068/4522
f 4067/4521 4080/4524 4081/4523
f 4080/4524 4094/4525 4081/4523
f 4082/4463 4081/4523 4094/4525
f 4080/4524 4093/4526 4094/4525
f 4094/4525 4093/4526 4106/4527
f 4094/4525 4106/4527 4107/4458
f 4107/4458 4106/4527 4119/4528
f 4105/4529 4119/4528 4106/4527
f 4092/4530 4105/4529 4106/4527
f 4092/4531 4104/4532 4105/4533
f 4105/4533 4104/4532 4117/4534
f 4105/4533 4117/4534 4118/4535
f 4117/4534 4131/4536 4118/4535
f 4119/4528 4118/4537 4131/4538
f 4119/4528 4131/4538 4132/4539
f 4119/4528 4132/4539 4133/4454
f 4131/4538 4145/4540 4132/4539
f 4132/4539 4145/4540 4146/4452
f 4131/4538 4144/4541 4145/4540
f 4144/4541 4158/4449 4145/4540
f 4144/4541 4157/4542 4158/4449
f 4144/4543 4156/4544 4157/4545
f 4156/4544 4170/4546 4157/4545
f 4156/4544 4169/4547 4170/4546
f 4170/4546 4169/4547 4182/4548
f 4169/4547 4181/4549 4182/4548
f 4182/4548 4181/4549 4194/4550
f 4182/4548 4194/4550 4195/4551
f 4183/4552 4182/4548 4195/4551
f 4194/4550 4208/4553 4195/4551
f 4196/4554 4195/4551 4208/4553
f 4194/4550 4207/4555 4208/4553
f 4207/4555 4221/4437 4208/4553
f 4207/4555 4220/4556 4221/4437
f 4221/4437 4220/4556 4233/4557
f 4219/4558 4233/4557 4220/4556
f 4219/4558 4232/4559 4233/4557
f 4233/4557 4232/4559 4245/4560
f 4233/4557 4245/4560 4246/4433
f 4246/4433 4245/4560 4258/4561
f 4244/4562 4258/4561 4245/4560
f 4231/4563 4244/4562 4245/4560
f 4230/4564 4244/4562 4231/4563
f 4218/4565 4230/4564 4231/4563
f 4218/4565 4231/4563 4232/4559
f 4218/4565 4217/4566 4230/4564
f 4230/4564 4217/4566 3983/4567
f 4230/4564 3983/4567 3987/4568
f 4243/4569 4230/4564 3987/4568
f 4243/4569 3987/4568 3991/4570
f 4256/4571 4243/4569 3991/4570
f 4256/4571 3991/4570 3995/4572
f 3999/4573 4256/4571 3995/4572
f 3995/4572 3998/4574 3999/4573
f 3998/4574 4003/4575 3999/4573
f 4282/4576 3999/4573 4003/4575
f 4007/4577 4282/4576 4003/4575
f 4002/4578 4007/4577 4003/4575
f 4002/4578 4006/4579 4007/4577
f 4006/4579 4011/4580 4007/4577
f 4011/4580 4295/4581 4007/4577
f 4011/4580 4308/4582 4295/4581
f 4296/4583 4295/4581 4308/4582
f 4296/4583 4308/4582 4309/4584
f 4297/4424 4296/4583 4309/4584
f 4308/4582 4322/4419 4309/4584
f 4308/4582 4321/4585 4322/4419
f 4322/4419 4321/4585 4334/4586
f 4334/4586 4321/4585 4015/4587
f 4334/4586 4015/4587 4019/4411
f 4014/4588 4019/4411 4015/4587
f 4011/4580 4014/4588 4015/4587
f 4011/4580 4010/4589 4014/4588
f 4009/4590 4014/4588 4010/4589
f 4006/4579 4009/4590 4010/4589
f 4006/4579 4005/4591 4009/4590
f 4005/4591 4008/4592 4009/4590
f 4008/4592 4013/4593 4009/4590
f 4008/4592 4012/4594 4013/4593
f 4013/4593 4012/4594 4016/4595
f 4013/4593 4016/4595 4017/4596
f 4014/4588 4013/4593 4017/4596
f 4014/4588 4017/4596 4018/4597
f 4017/4596 4022/4409 4018/4597
f 4017/4596 4021/4598 4022/4409
f 4016/4595 4021/4598 4017/4596
f 4016/4595 4020/4599 4021/4598
f 4021/4598 4020/4599 4024/4600
f 4021/4598 4024/4600 4025/4408
f 4024/4600 4029/4601 4025/4408
f 4024/4600 4028/4602 4029/4601
f 4029/4601 4028/4602 4032/4603
f 4029/4601 4032/4603 4033/4604
f 4030/4406 4029/4601 4033/4604
f 4030/4406 4033/4604 4034/4399
f 4032/4603 4037/4605 4033/4604
f 4033/4604 4037/4605 4038/4397
f 4032/4603 4036/4606 4037/4605
f 4037/4605 4036/4606 4040/4607
f 4037/4605 4040/4607 4041/4395
f 4036/4606 4052/4608 4040/4607
f 4040/4607 4052/4608 4044/4609
f 4040/4607 4044/4609 4045/4394
f 4044/4609 4052/4608 4048/4393
f 4048/4393 4052/4608 4053/4610
f 4053/4610 4052/4608 4057/4611
f 4053/4610 4057/4611 4058/4198
f 4053/4610 4058/4198 4054/4392
f 4057/4611 4052/4608 3932/4200
f 4032/4603 4052/4608 4036/4606
f 4028/4602 4052/4608 4032/4603
f 4024/4600 4052/4608 4028/4602
f 4020/4599 4052/4608 4024/4600
f 4016/4595 4052/4608 4020/4599
f 4012/4594 4052/4608 4016/4595
f 4008/4592 4052/4608 4012/4594
f 4004/4612 4052/4608 4008/4592
f 4000/4613 4052/4608 4004/4612
f 4000/4613 4004/4612 4005/4591
f 4000/4613 4005/4591 4001/4614
f 3997/4615 4000/4613 4001/4614
f 3998/4574 3997/4615 4001/4614
f 3998/4574 4001/4614 4002/4578
f 3993/4616 3997/4615 3998/4574
f 3993/4616 3998/4574 3994/4617
f 3990/4618 3993/4616 3994/4617
f 3991/4570 3990/4618 3994/4617
f 3990/4618 3989/4619 3993/4616
f 3989/4619 3992/4620 3993/4616
f 3989/4619 3988/4621 3992/4620
f 3988/4621 4052/4608 3992/4620
f 3992/4620 4052/4608 3996/4622
f 3992/4620 3996/4622 3997/4615
f 3984/4623 4052/4608 3988/4621
f 3980/4624 4052/4608 3984/4623
f 3981/4625 3980/4624 3984/4623
f 3981/4625 3984/4623 3985/4626
f 3982/4627 3981/4625 3985/4626
f 3982/4627 3985/4626 3986/4628
f 3982/4627 3986/4628 3987/4568
f 3987/4568 3986/4628 3990/4618
f 3985/4626 3990/4618 3986/4628
f 3977/4629 3981/4625 3982/4627
f 3977/4629 3982/4627 3978/4630
f 3974/4631 3977/4629 3978/4630
f 3974/4631 3978/4630 3979/4632
f 3974/4631 3979/4632 3975/4633
f 3970/4634 3974/4631 3975/4633
f 3970/4634 3975/4633 3971/4635
f 3966/4636 3970/4634 3971/4635
f 3966/4636 3971/4635 3967/4637
f 3962/4638 3966/4636 3967/4637
f 3962/4638 3967/4637 3963/4639
f 3959/4640 3962/4638 3963/4639
f 4152/4641 3959/4640 3963/4639
f 4152/4641 4139/4642 3959/4640
f 4139/4642 3955/4643 3959/4640
f 3955/4643 3958/4644 3959/4640
f 3955/4643 3954/4645 3958/4644
f 3953/4646 3958/4644 3954/4645
f 3950/4647 3953/4646 3954/4645
f 3950/4647 3949/4648 3953/4646
f 3949/4648 3952/4649 3953/4646
f 3953/4646 3952/4649 3956/4650
f 3953/4646 3956/4650 3957/4651
f 3957/4651 3956/4650 3960/4652
f 3957/4651 3960/4652 3961/4653
f 3958/4644 3957/4651 3961/4653
f 3958/4644 3961/4653 3962/4638
f 3960/4652 3965/4654 3961/4653
f 3961/4653 3965/4654 3966/4636
f 3966/4636 3965/4654 3969/4655
f 3965/4654 3968/4656 3969/4655
f 3968/4656 3973/4657 3969/4655
f 3969/4655 3973/4657 3974/4631
f 3968/4656 3972/4658 3973/4657
f 3973/4657 3972/4658 3976/4659
f 3973/4657 3976/4659 3977/4629
f 3972/4658 4052/4608 3976/4659
f 3968/4656 4052/4608 3972/4658
f 3964/4660 4052/4608 3968/4656
f 3960/4652 4052/4608 3964/4660
f 3965/4654 3964/4660 3968/4656
f 3960/4652 3964/4660 3965/4654
f 3956/4650 4052/4608 3960/4652
f 3952/4649 4052/4608 3956/4650
f 3948/4661 4052/4608 3952/4649
f 3944/4662 4052/4608 3948/4661
f 3944/4662 3948/4661 3949/4648
f 3944/4662 3949/4648 3945/4205
f 3940/4202 4052/4608 3944/4662
f 3949/4648 3948/4661 3952/4649
f 3945/4205 3949/4648 3950/4647
f 3953/4646 3957/4651 3958/4644
f 3950/4647 3954/4645 3955/4643
f 3950/4647 3955/4643 3951/4663
f 3947/4207 3950/4647 3951/4663
f 3951/4663 4100/4664 3947/4207
f 3951/4663 4113/4665 4100/4664
f 4100/4664 4113/4665 4114/4666
f 4100/4664 4114/4666 4101/4667
f 4088/4211 4100/4664 4101/4667
f 4089/4668 4088/4211 4101/4667
f 4089/4668 4101/4667 4102/4669
f 4089/4668 4102/4669 4103/4670
f 4089/4668 4103/4670 4090/4671
f 4076/4672 4089/4668 4090/4671
f 4076/4672 4090/4671 4077/4673
f 4063/4216 4076/4672 4077/4673
f 4063/4216 4077/4673 4064/4674
f 4468/4675 4063/4216 4064/4674
f 4468/4675 4064/4674 4065/4676
f 4468/4675 4065/4676 4469/4677
f 4455/4678 4468/4675 4469/4677
f 4455/4678 4469/4677 4456/4679
f 4443/4680 4455/4678 4456/4679
f 4444/4681 4443/4680 4456/4679
f 4430/4227 4443/4680 4444/4681
f 4430/4227 4444/4681 4431/4682
f 4418/4683 4430/4227 4431/4682
f 4418/4684 4431/4685 4432/4505
f 4430/4227 4442/4686 4443/4680
f 4443/4680 4442/4686 4455/4678
f 4442/4686 4454/4219 4455/4678
f 4457/4687 4456/4679 4469/4677
f 4457/4687 4469/4677 4470/4688
f 4469/4677 4066/4689 4470/4688
f 4471/4519 4470/4690 4066/4691
f 4455/4678 4467/4217 4468/4675
f 4469/4677 4065/4676 4066/4689
f 4066/4689 4065/4676 4078/4692
f 4066/4689 4078/4692 4079/4693
f 4066/4691 4079/4694 4080/4524
f 4079/4693 4078/4692 4091/4695
f 4079/4693 4091/4695 4092/4531
f 4079/4694 4092/4530 4093/4526
f 4078/4692 4090/4671 4091/4695
f 4090/4671 4104/4532 4091/4695
f 4065/4676 4077/4673 4078/4692
f 4065/4676 4064/4674 4077/4673
f 4063/4216 4075/4212 4076/4672
f 4078/4692 4077/4673 4090/4671
f 4090/4671 4103/4670 4104/4532
f 4103/4670 4102/4669 4115/4696
f 4103/4670 4115/4696 4116/4697
f 4103/4670 4116/4697 4117/4534
f 4117/4534 4116/4697 4129/4698
f 4117/4534 4129/4698 4130/4699
f 4130/4699 4129/4698 4142/4700
f 4130/4699 4142/4700 4143/4701
f 4131/4536 4130/4699 4143/4701
f 4142/4700 4156/4544 4143/4701
f 4142/4700 4155/4702 4156/4544
f 4142/4700 4154/4703 4155/4702
f 4155/4702 4154/4703 4167/4704
f 4155/4702 4167/4704 4168/4705
f 4155/4702 4168/4705 4169/4547
f 4167/4704 4181/4549 4168/4705
f 4167/4704 4180/4706 4181/4549
f 4167/4704 4179/4707 4180/4706
f 4180/4706 4179/4707 4192/4708
f 4180/4706 4192/4708 4193/4709
f 4180/4706 4193/4709 4194/4550
f 4193/4709 4192/4708 4205/4710
f 4193/4709 4205/4710 4206/4711
f 4193/4709 4206/4711 4207/4555
f 4207/4555 4206/4711 4219/4558
f 4205/4710 4219/4558 4206/4711
f 4205/4710 4218/4565 4219/4558
f 4204/4712 4218/4565 4205/4710
f 4192/4708 4204/4712 4205/4710
f 4192/4708 4191/4713 4204/4712
f 3979/4632 4204/4712 4191/4713
f 3983/4567 4204/4712 3979/4632
f 3979/4632 3982/4627 3983/4567
f 4178/4714 4191/4713 4192/4708
f 3975/4633 4191/4713 4178/4714
f 4178/4714 4192/4708 4179/4707
f 4165/4715 4178/4714 4179/4707
f 4165/4715 4179/4707 4166/4716
f 4153/4717 4165/4715 4166/4716
f 4153/4717 4166/4716 4167/4704
f 4153/4717 4152/4641 4165/4715
f 3967/4637 4165/4715 4152/4641
f 4140/4718 4152/4641 4153/4717
f 4140/4718 4153/4717 4154/4703
f 4140/4718 4154/4703 4141/4719
f 4127/4720 4140/4718 4141/4719
f 4127/4720 4141/4719 4128/4721
f 4114/4666 4127/4720 4128/4721
f 4114/4666 4128/4721 4115/4696
f 4115/4696 4128/4721 4129/4698
f 4114/4666 4126/4722 4127/4720
f 4129/4698 4128/4721 4141/4719
f 4126/4722 4140/4718 4127/4720
f 4126/4722 4139/4642 4140/4718
f 4178/4714 4165/4715 3967/4637
f 4167/4704 4166/4716 4179/4707
f 4153/4717 4167/4704 4154/4703
f 4142/4700 4141/4719 4154/4703
f 4129/4698 4141/4719 4142/4700
f 4115/4696 4129/4698 4116/4697
f 4101/4667 4115/4696 4102/4669
f 4076/4672 4088/4211 4089/4668
f 4101/4667 4114/4666 4115/4696
f 4114/4666 4113/4665 4126/4722
f 4126/4722 4113/4665 3951/4663
f 4126/4722 3951/4663 3955/4643
f 4139/4642 4126/4722 3955/4643
f 4140/4718 4139/4642 4152/4641
f 3959/4640 3958/4644 3962/4638
f 3967/4637 4152/4641 3963/4639
f 3961/4653 3966/4636 3962/4638
f 4178/4714 3967/4637 3971/4635
f 3966/4636 3969/4655 3970/4634
f 3975/4633 4178/4714 3971/4635
f 3969/4655 3974/4631 3970/4634
f 3979/4632 4191/4713 3975/4633
f 3974/4631 3973/4657 3977/4629
f 3979/4632 3978/4630 3982/4627
f 3976/4659 3981/4625 3977/4629
f 3984/4623 3989/4619 3985/4626
f 3976/4659 3980/4624 3981/4625
f 3976/4659 4052/4608 3980/4624
f 3984/4623 3988/4621 3989/4619
f 3985/4626 3989/4619 3990/4618
f 3992/4620 3997/4615 3993/4616
f 3997/4615 3996/4622 4000/4613
f 3996/4622 4052/4608 4000/4613
f 4005/4591 4004/4612 4008/4592
f 4001/4614 4005/4591 4006/4579
f 4009/4590 4013/4593 4014/4588
f 4014/4588 4018/4597 4019/4411
f 4015/4587 4321/4585 4308/4582
f 4282/4576 4295/4581 4296/4583
f 4282/4576 4296/4583 4283/4723
f 4269/4724 4282/4576 4283/4723
f 4269/4724 4283/4723 4270/4725
f 4257/4726 4269/4724 4270/4725
f 4257/4726 4270/4725 4271/4428
f 4257/4726 4271/4428 4258/4561
f 4257/4726 4256/4571 4269/4724
f 4244/4562 4256/4571 4257/4726
f 4271/4428 4270/4725 4283/4723
f 4284/4426 4283/4723 4296/4583
f 4015/4587 4308/4582 4011/4580
f 4006/4579 4010/4589 4011/4580
f 4001/4614 4006/4579 4002/4578
f 4007/4577 4295/4581 4282/4576
f 4282/4576 4269/4724 3999/4573
f 3998/4574 4002/4578 4003/4575
f 3995/4572 3994/4617 3998/4574
f 3999/4573 4269/4724 4256/4571
f 3991/4570 3994/4617 3995/4572
f 4244/4562 4243/4569 4256/4571
f 3987/4568 3990/4618 3991/4570
f 3982/4627 3987/4568 3983/4567
f 3983/4567 4217/4566 4204/4712
f 4204/4712 4217/4566 4218/4565
f 4230/4564 4243/4569 4244/4562
f 4244/4562 4257/4726 4258/4561
f 4231/4563 4245/4560 4232/4559
f 4218/4565 4232/4559 4219/4558
f 4207/4555 4219/4558 4220/4556
f 4193/4709 4207/4555 4194/4550
f 4180/4706 4194/4550 4181/4549
f 4169/4547 4168/4705 4181/4549
f 4155/4702 4169/4547 4156/4544
f 4144/4543 4143/4701 4156/4544
f 4131/4536 4143/4701 4144/4543
f 4117/4534 4130/4699 4131/4536
f 4103/4670 4117/4534 4104/4532
f 4092/4531 4091/4695 4104/4532
f 4105/4529 4118/4537 4119/4528
f 4092/4530 4106/4527 4093/4526
f 4079/4694 4093/4526 4080/4524
f 4066/4691 4080/4524 4067/4521
f 4471/4519 4066/4691 4067/4521
f 4457/4518 4470/4690 4471/4519
f 4444/4681 4456/4679 4457/4687
f 4432/4505 4431/4685 4444/4516
f 4445/4515 4458/4517 4459/4514
f 4459/4514 4472/4520 4473/4513
f 4446/4508 4460/4512 4447/4509
f 4432/4505 4446/4508 4433/4506
f 4418/4684 4432/4505 4419/4503
f 4406/4502 4418/4684 4419/4503
f 4406/4502 4405/4727 4418/4684
f 4393/4237 4405/4727 4406/4502
f 4396/4484 4409/4482 4410/4497
f 4395/4483 4407/4501 4408/4481
f 4408/4481 4420/4504 4421/4480
f 4421/4480 4434/4507 4435/4477
f 4409/4482 4422/4479 4423/4478
f 4435/4477 4448/4510 4449/4475
f 4423/4478 4436/4476 4437/4474
f 4450/4473 4449/4475 4462/4470
f 4463/4472 4476/4471 4477/4274
f 4477/4274 4476/4471 4072/4728
f 4476/4471 4071/4468 4072/4728
f 4071/4468 4085/4729 4072/4728
f 4072/4728 4085/4729 4086/4276
f 4086/4276 4085/4729 4098/4730
f 4085/4729 4097/4731 4098/4730
f 4097/4731 4111/4732 4098/4730
f 4098/4730 4111/4732 4112/4278
f 4112/4278 4111/4732 4124/4733
f 4110/4734 4124/4733 4111/4732
f 4110/4734 4123/4735 4124/4733
f 4124/4733 4123/4735 4136/4736
f 4124/4733 4136/4736 4137/4737
f 4124/4733 4137/4737 4138/4280
f 4138/4280 4137/4737 4150/4738
f 4137/4737 4149/4312 4150/4738
f 4149/4312 4163/4309 4150/4738
f 4150/4738 4163/4309 4164/4282
f 4137/4737 4136/4736 4149/4312
f 4123/4735 4135/4739 4136/4736
f 4136/4736 4135/4739 4148/4313
f 4135/4739 4147/4453 4148/4313
f 4123/4735 4122/4740 4135/4739
f 4122/4740 4134/4455 4135/4739
f 4110/4734 4122/4740 4123/4735
f 4110/4734 4109/4461 4122/4740
f 4109/4461 4121/4457 4122/4740
f 4097/4731 4110/4734 4111/4732
f 4096/4462 4110/4734 4097/4731
f 4085/4729 4084/4741 4097/4731
f 4083/4464 4097/4731 4084/4741
f 4071/4468 4083/4464 4084/4741
f 4071/4468 4084/4741 4085/4729
f 4462/4470 4461/4511 4474/4467
f 4476/4471 4475/4469 4071/4468
f 4474/4467 4473/4513 4069/4465
f 4071/4468 4070/4466 4083/4464
f 4069/4465 4081/4523 4082/4463
f 4083/4464 4096/4462 4097/4731
f 4082/4463 4094/4525 4095/4460
f 4096/4462 4109/4461 4110/4734
f 4095/4460 4094/4525 4107/4458
f 4109/4461 4108/4459 4121/4457
f 4107/4458 4119/4528 4120/4456
f 4122/4740 4121/4457 4134/4455
f 4119/4528 4133/4454 4120/4456
f 4135/4739 4134/4455 4147/4453
f 4132/4539 4146/4452 4133/4454
f 4146/4452 4145/4540 4158/4449
f 4158/4449 4157/4542 4170/4447
f 4171/4448 4184/4446 4185/4318
f 4170/4546 4182/4548 4183/4552
f 4184/4446 4197/4444 4198/4319
f 4183/4552 4195/4551 4196/4554
f 4198/4319 4197/4444 4210/4442
f 4196/4554 4208/4553 4209/4439
f 4211/4321 4210/4442 4223/4344
f 4209/4439 4208/4553 4221/4437
f 4221/4437 4233/4557 4234/4435
f 4234/4435 4233/4557 4246/4433
f 4248/4742 4247/4434 4260/4432
f 4246/4433 4258/4561 4259/4430
f 4260/4432 4273/4431 4274/4743
f 4274/4743 4273/4431 4286/4744
f 4274/4743 4286/4744 4287/4745
f 4274/4350 4287/4746 4288/4354
f 4287/4746 4301/4747 4288/4354
f 4287/4746 4300/4748 4301/4747
f 4300/4748 4314/4749 4301/4747
f 4302/4355 4301/4747 4314/4749
f 4300/4748 4313/4750 4314/4749
f 4313/4750 4327/4361 4314/4749
f 4313/4750 4326/4751 4327/4361
f 4312/4752 4326/4753 4313/4754
f 4312/4752 4325/4755 4326/4753
f 4325/4755 4339/4756 4326/4753
f 4325/4755 4338/4370 4339/4756
f 4325/4755 4337/4757 4338/4370
f 4325/4755 4324/4422 4337/4757
f 4311/4423 4325/4755 4312/4752
f 4300/4758 4312/4752 4313/4754
f 4300/4758 4299/4759 4312/4752
f 4298/4425 4312/4752 4299/4759
f 4286/4744 4298/4425 4299/4759
f 4287/4745 4299/4759 4300/4758
f 4287/4745 4286/4744 4299/4759
f 4273/4431 4285/4427 4286/4744
f 4259/4430 4258/4561 4271/4428
f 4273/4431 4272/4429 4285/4427
f 4271/4428 4283/4723 4284/4426
f 4286/4744 4285/4427 4298/4425
f 4284/4426 4296/4583 4297/4424
f 4298/4425 4311/4423 4312/4752
f 4297/4424 4309/4584 4310/4421
f 4311/4423 4324/4422 4325/4755
f 4323/4420 4337/4757 4324/4422
f 4310/4421 4309/4584 4322/4419
f 4323/4420 4336/4418 4337/4757
f 4322/4419 4334/4586 4335/4417
f 4337/4757 4336/4418 4350/4416
f 4337/4757 4350/4416 4351/4371
f 4334/4586 4349/4413 4335/4417
f 4351/4371 4350/4416 4363/4415
f 4362/4414 4376/4377 4363/4415
f 4364/4373 4363/4415 4376/4377
f 4362/4414 4375/4760 4376/4377
f 4376/4377 4375/4760 4388/4761
f 4374/4403 4388/4761 4375/4760
f 4362/4414 4374/4403 4375/4760
f 4334/4586 4348/4412 4349/4413
f 4348/4412 4334/4586 4019/4411
f 4019/4411 4018/4597 4022/4409
f 4022/4409 4021/4598 4025/4408
f 4025/4408 4029/4601 4030/4406
f 4023/4410 4026/4407 4027/4405
f 4361/4404 4023/4410 4027/4405
f 4362/4414 4361/4404 4374/4403
f 4374/4403 4387/4402 4388/4761
f 4387/4402 4401/4380 4388/4761
f 4387/4402 4400/4762 4401/4380
f 4039/4398 4400/4762 4387/4402
f 4031/4401 4030/4406 4034/4399
f 4039/4398 4387/4402 4035/4400
f 4033/4604 4038/4397 4034/4399
f 4043/4385 4400/4762 4039/4398
f 4038/4397 4037/4605 4041/4395
f 4040/4607 4045/4394 4041/4395
f 4045/4394 4044/4609 4048/4393
f 4048/4393 4053/4610 4054/4392
f 4046/4386 4049/4391 4050/4390
f 4043/4385 4042/4396 4046/4386
f 4043/4385 4413/4382 4400/4762
f 4439/4388 4426/4383 4047/4384
f 4426/4383 4439/4388 4440/4220
f 4401/4380 4400/4762 4413/4382
f 4389/4378 4388/4761 4401/4380
f 4376/4377 4388/4761 4389/4378
f 4364/4373 4376/4377 4377/4375
f 4351/4371 4363/4415 4364/4373
f 4338/4370 4337/4757 4351/4371
f 4352/4367 4365/4372 4366/4368
f 4338/4370 4353/4369 4339/4756
f 4327/4361 4326/4751 4339/4363
f 4315/4357 4314/4749 4327/4361
f 4302/4355 4314/4749 4315/4357
f 4288/4354 4301/4747 4302/4355
f 4274/4350 4288/4354 4275/4351
f 4260/4432 4274/4743 4261/4763
f 4248/4742 4260/4432 4261/4763
f 4235/4436 4247/4434 4248/4742
f 4223/4344 4222/4441 4235/4345
f 4236/4343 4249/4346 4250/4342
f 4250/4342 4262/4348 4263/4341
f 4263/4341 4276/4352 4277/4338
f 4277/4338 4289/4353 4290/4337
f 4290/4337 4303/4356 4304/4336
f 4279/4332 4278/4339 4291/4335
f 4265/4330 4278/4339 4279/4332
f 4252/4329 4264/4340 4265/4330
f 4252/4329 4251/4328 4264/4340
f 4237/4325 4251/4328 4238/4326
f 4223/4344 4237/4325 4224/4324
f 4211/4321 4223/4344 4224/4324
f 4198/4319 4210/4442 4211/4321
f 4184/4446 4198/4319 4185/4318
f 4173/4315 4172/4451 4185/4318
f 4159/4450 4173/4315 4160/4314
f 4148/4313 4147/4453 4160/4314
f 4136/4736 4148/4313 4149/4312
f 4161/4311 4174/4316 4175/4306
f 4149/4312 4162/4310 4163/4309
f 4176/4308 4189/4307 4190/4284
f 4190/4284 4189/4307 4202/4764
f 4189/4307 4201/4303 4202/4764
f 4201/4303 4215/4765 4202/4764
f 4202/4764 4215/4765 4216/4286
f 4216/4286 4215/4765 4228/4296
f 4214/4301 4228/4296 4215/4765
f 4175/4306 4174/4316 4187/4304
f 4189/4307 4188/4305 4201/4303
f 4186/4317 4200/4302 4187/4304
f 4201/4303 4214/4301 4215/4765
f 4199/4320 4213/4300 4200/4302
f 4213/4300 4225/4323 4226/4299
f 4226/4299 4239/4327 4240/4297
f 4214/4301 4227/4298 4228/4296
f 4241/4295 4240/4297 4253/4294
f 4253/4294 4266/4331 4267/4292
f 4267/4292 4280/4333 4281/4291
f 4254/4293 4268/4290 4255/4289
f 4242/4288 4254/4293 4255/4289
f 4228/4296 4242/4288 4229/4287
f 4216/4286 4228/4296 4229/4287
f 4202/4764 4216/4286 4203/4285
f 4190/4284 4202/4764 4203/4285
f 4176/4308 4190/4284 4177/4283
f 4163/4309 4177/4283 4164/4282
f 4150/4738 4164/4282 4151/4281
f 4138/4280 4150/4738 4151/4281
f 4124/4733 4138/4280 4125/4279
f 4112/4278 4124/4733 4125/4279
f 4098/4730 4112/4278 4099/4277
f 4086/4276 4098/4730 4099/4277
f 4072/4728 4086/4276 4073/4275
f 4477/4274 4072/4728 4073/4275
f 4463/4472 4477/4274 4464/4273
f 4451/4272 4463/4472 4464/4273
f 4437/4474 4451/4272 4438/4271
f 4425/4270 4437/4474 4438/4271
f 4411/4496 4425/4270 4412/4269
f 4399/4268 4411/4496 4412/4269
f 4385/4494 4399/4268 4386/4267
f 4373/4266 4385/4494 4386/4267
f 4359/4491 4373/4266 4360/4265
f 4346/4264 4359/4491 4360/4265
f 4332/4254 4346/4264 4333/4263
f 4320/4262 4332/4254 4333/4263
f 4347/4261 4281/4291 4294/4259
f 4306/4257 4320/4262 4307/4260
f 4281/4291 4293/4258 4294/4259
f 4293/4258 4292/4334 4305/4256
f 4306/4257 4319/4255 4320/4262
f 4304/4336 4318/4253 4305/4256
f 4320/4262 4319/4255 4332/4254
f 4318/4253 4317/4359 4330/4249
f 4332/4254 4331/4252 4344/4251
f 4344/4251 4343/4250 4357/4493
f 4343/4250 4356/4245 4357/4493
f 4316/4358 4329/4248 4330/4249
f 4329/4248 4328/4360 4341/4246
f 4343/4250 4342/4247 4356/4245
f 4340/4362 4355/4244 4341/4246
f 4357/4493 4356/4245 4369/4243
f 4370/4486 4369/4243 4382/4242
f 4382/4242 4381/4241 4394/4500
f 4380/4238 4394/4500 4381/4241
f 4355/4244 4367/4239 4368/4240
f 4367/4239 4366/4366 4379/4235
f 4380/4238 4393/4237 4394/4500
f 4379/4234 4378/4374 4391/4231
f 4393/4237 4392/4236 4405/4727
f 4404/4230 4418/4683 4405/4232
f 4391/4231 4390/4376 4403/4229
f 4404/4230 4417/4228 4418/4683
f 4402/4379 4416/4225 4403/4229
f 4418/4683 4417/4228 4430/4227
f 4430/4227 4429/4226 4442/4686
f 4428/4223 4442/4686 4429/4226
f 4402/4379 4415/4224 4416/4225
f 4415/4224 4414/4381 4427/4222
f 4428/4223 4441/4221 4442/4686
f 4426/4383 4440/4220 4427/4222
f 4442/4686 4441/4221 4454/4219
f 4439/4388 4453/4218 4440/4220
f 4455/4678 4454/4219 4467/4217
f 4453/4218 4465/4194 4466/4215
f 4468/4675 4467/4217 4063/4216
f 4466/4215 4465/4194 4061/4213
f 4063/4216 4062/4214 4075/4212
f 4074/4210 4061/4213 3935/4192
f 4076/4672 4075/4212 4088/4211
f 4088/4211 4087/4209 4100/4664
f 3947/4207 4100/4664 4087/4209
f 3947/4207 3946/4206 3950/4647
f 3945/4205 3950/4647 3946/4206
f 3941/4203 3944/4662 3945/4205
f 3941/4203 3940/4202 3944/4662
f 3936/4201 4052/4608 3940/4202
f 3932/4200 4052/4608 3936/4201
f 4058/4198 4057/4611 3932/4200
f 4055/4197 4054/4392 4058/4198
f 4051/4387 4055/4197 4056/4195
f 4465/4194 4452/4389 4056/4195
f 3935/4192 4061/4213 4465/4194
f 4060/4193 4059/4196 3934/4188
f 4074/4210 3935/4192 3939/4191
f 3938/4190 3943/4208 3939/4191
f 3937/4189 3942/4204 3938/4190
f 3934/4188 3933/4199 3937/4189
f 4480/4766 4483/4767 4484/4768
f 4480/4766 4484/4768 4485/4769
f 4480/4766 4485/4769 4481/4770
f 4606/4771 4480/4766 4481/4770
f 4481/4770 5011/4772 4606/4771
f 5011/4772 4602/4773 4606/4771
f 4602/4773 4605/4774 4606/4771
f 4602/4773 4601/4775 4605/4774
f 4601/4775 4604/4776 4605/4774
f 4604/4776 4480/4766 4605/4774
f 4604/4776 4479/4777 4480/4766
f 4603/4778 4479/4777 4604/4776
f 4600/4779 4603/4778 4604/4776
f 4600/4779 4599/4780 4603/4778
f 4599/4780 4598/4781 4603/4778
f 4603/4778 4598/4781 4478/4782
f 4478/4782 4598/4781 4482/4783
f 4479/4777 4478/4782 4482/4783
f 4479/4777 4482/4783 4483/4767
f 4482/4783 4487/4784 4483/4767
f 4483/4767 4487/4784 4488/4785
f 4488/4785 4487/4784 4491/4786
f 4488/4785 4491/4786 4492/4787
f 4488/4785 4492/4787 4493/4788
f 4488/4785 4493/4788 4489/4789
f 4484/4768 4488/4785 4489/4789
f 4493/4788 4633/4790 4489/4789
f 4489/4789 4633/4790 4620/4791
f 4489/4789 4620/4791 4485/4769
f 4620/4791 4633/4790 4634/4792
f 4620/4791 4634/4792 4621/4793
f 4607/4794 4620/4791 4621/4793
f 4607/4794 4621/4793 4608/4795
f 5012/4796 4607/4794 4608/4795
f 5012/4796 4608/4795 4609/4797
f 5012/4796 4609/4797 5013/4798
f 4999/4799 5012/4796 5013/4798
f 4999/4799 5013/4798 5000/4800
f 4986/4801 4999/4799 5000/4800
f 4986/4801 5000/4800 4987/4802
f 4973/4803 4986/4801 4987/4802
f 4973/4803 4987/4802 4974/4804
f 4960/4805 4973/4803 4974/4804
f 4960/4805 4974/4804 4961/4806
f 4948/4807 4960/4805 4961/4806
f 4948/4807 4961/4806 4962/4808
f 4948/4807 4962/4808 4949/4809
f 4935/4810 4948/4807 4949/4809
f 4935/4810 4949/4809 4936/4811
f 4922/4812 4935/4810 4936/4811
f 4922/4812 4936/4811 4923/4813
f 4910/4814 4922/4812 4923/4813
f 4910/4814 4923/4813 4924/4815
f 4910/4814 4924/4815 4911/4816
f 4897/4817 4910/4814 4911/4816
f 4897/4817 4911/4816 4898/4818
f 4884/4819 4897/4817 4898/4818
f 4885/4820 4884/4819 4898/4818
f 4885/4820 4898/4818 4899/4821
f 4885/4822 4899/4823 4900/4824
f 4885/4822 4900/4824 4886/4825
f 4873/4826 4885/4822 4886/4825
f 4873/4826 4886/4825 4887/4827
f 4873/4826 4887/4827 4874/4828
f 4861/4829 4873/4826 4874/4828
f 4862/4830 4861/4829 4874/4828
f 4862/4830 4874/4828 4875/4831
f 4862/4830 4875/4831 4876/4832
f 4862/4830 4876/4832 4863/4833
f 4849/4834 4862/4830 4863/4833
f 4849/4834 4863/4833 4850/4835
f 4836/4836 4849/4834 4850/4835
f 4836/4836 4850/4835 4837/4837
f 4823/4838 4836/4836 4837/4837
f 4823/4838 4837/4837 4824/4839
f 4811/4840 4823/4838 4824/4839
f 4811/4840 4824/4839 4825/4841
f 4811/4840 4825/4841 4812/4842
f 4799/4843 4811/4840 4812/4842
f 4799/4843 4812/4842 4813/4844
f 4799/4843 4813/4844 4800/4845
f 4787/4846 4799/4843 4800/4845
f 4788/4847 4787/4846 4800/4845
f 4788/4847 4800/4845 4801/4848
f 4893/4849 4788/4847 4801/4848
f 4893/4849 4801/4848 4814/4850
f 4893/4849 4814/4850 4827/4851
f 4893/4849 4827/4851 4840/4852
f 4893/4849 4840/4852 4853/4853
f 4893/4849 4853/4853 4866/4854
f 4893/4849 4866/4854 4879/4855
f 4893/4849 4879/4855 4892/4856
f 4893/4849 4892/4856 4906/4857
f 4893/4849 4906/4857 4919/4858
f 4893/4849 4919/4858 4932/4859
f 4893/4849 4932/4859 4945/4860
f 4893/4849 4945/4860 4958/4861
f 4893/4849 4958/4861 4971/4862
f 4893/4849 4971/4862 4984/4863
f 4893/4849 4984/4863 4997/4864
f 4893/4849 4997/4864 5010/4865
f 4893/4849 5010/4865 5023/4866
f 4893/4849 5023/4866 4619/4867
f 4893/4849 4619/4867 4632/4868
f 4893/4849 4632/4868 4645/4869
f 4893/4849 4645/4869 4658/4870
f 4893/4849 4658/4870 4671/4871
f 4893/4849 4671/4871 4684/4872
f 4893/4849 4684/4872 4697/4873
f 4893/4849 4697/4873 4710/4874
f 4893/4849 4710/4874 4723/4875
f 4893/4849 4723/4875 4736/4876
f 4893/4849 4736/4876 4749/4877
f 4893/4849 4749/4877 4762/4878
f 4893/4849 4762/4878 4775/4879
f 4762/4878 4774/4880 4775/4879
f 4774/4880 4788/4847 4775/4879
f 4762/4878 4761/4881 4774/4880
f 4760/4882 4774/4880 4761/4881
f 4747/4883 4760/4882 4761/4881
f 4747/4883 4761/4881 4748/4884
f 4735/4885 4747/4883 4748/4884
f 4736/4876 4735/4885 4748/4884
f 4735/4885 4734/4886 4747/4883
f 4733/4887 4747/4883 4734/4886
f 4721/4888 4733/4887 4734/4886
f 4721/4888 4720/4889 4733/4887
f 4719/4890 4733/4887 4720/4889
f 4707/4891 4719/4890 4720/4889
f 4707/4891 4706/4892 4719/4890
f 4705/4893 4719/4890 4706/4892
f 4692/4894 4705/4893 4706/4892
f 4692/4894 4706/4892 4693/4895
f 4679/4896 4692/4894 4693/4895
f 4679/4896 4693/4895 4680/4897
f 4667/4898 4679/4896 4680/4897
f 4667/4898 4680/4897 4681/4899
f 4667/4898 4681/4899 4668/4900
f 4654/4901 4667/4898 4668/4900
f 4654/4901 4668/4900 4655/4902
f 4642/4903 4654/4901 4655/4902
f 4642/4903 4655/4902 4656/4904
f 4642/4903 4656/4904 4643/4905
f 4629/4906 4642/4903 4643/4905
f 4629/4906 4643/4905 4630/4907
f 4617/4908 4629/4906 4630/4907
f 4618/4909 4617/4908 4630/4907
f 4618/4909 4630/4907 4631/4910
f 4619/4867 4618/4909 4631/4910
f 5022/4911 4618/4909 4619/4867
f 5021/4912 4618/4909 5022/4911
f 5008/4913 5021/4912 5022/4911
f 5008/4913 5022/4911 5009/4914
f 4996/4915 5008/4913 5009/4914
f 4997/4864 4996/4915 5009/4914
f 4983/4916 4996/4915 4997/4864
f 4983/4916 4995/4917 4996/4915
f 4983/4916 4982/4918 4995/4917
f 4981/4919 4995/4917 4982/4918
f 4968/4920 4981/4919 4982/4918
f 4968/4920 4982/4918 4969/4921
f 4955/4922 4968/4920 4969/4921
f 4955/4922 4969/4921 4956/4923
f 4942/4924 4955/4922 4956/4923
f 4942/4924 4956/4923 4943/4925
f 4930/4926 4942/4924 4943/4925
f 4930/4926 4943/4925 4944/4927
f 4930/4926 4944/4927 4931/4928
f 4918/4929 4930/4926 4931/4928
f 4919/4858 4918/4929 4931/4928
f 4905/4930 4918/4929 4919/4858
f 4904/4931 4918/4929 4905/4930
f 4891/4932 4904/4931 4905/4930
f 4892/4856 4891/4932 4905/4930
f 4878/4933 4891/4932 4892/4856
f 4878/4933 4890/4934 4891/4932
f 4878/4933 4877/4935 4890/4934
f 4877/4935 4889/4936 4890/4934
f 4890/4934 4889/4936 4903/4937
f 4890/4934 4903/4937 4904/4931
f 4904/4931 4903/4937 4916/4938
f 4904/4931 4916/4938 4917/4939
f 4916/4938 4930/4926 4917/4939
f 4916/4938 4929/4940 4930/4926
f 4916/4938 4928/4941 4929/4940
f 4928/4941 4942/4924 4929/4940
f 4928/4941 4941/4942 4942/4924
f 4928/4941 4940/4943 4941/4942
f 4941/4942 4940/4943 4953/4944
f 4941/4942 4953/4944 4954/4945
f 4941/4942 4954/4945 4955/4922
f 4954/4945 4953/4944 4966/4946
f 4954/4945 4966/4946 4967/4947
f 4954/4945 4967/4947 4968/4920
f 4966/4946 4980/4948 4967/4947
f 4967/4947 4980/4948 4981/4919
f 4981/4919 4980/4948 4993/4949
f 4981/4919 4993/4949 4994/4950
f 4994/4950 4993/4949 5006/4951
f 4994/4950 5006/4951 5007/4952
f 4995/4917 4994/4950 5007/4952
f 4995/4917 5007/4952 5008/4913
f 5008/4913 5007/4952 5020/4953
f 5007/4952 5019/4954 5020/4953
f 5020/4953 5019/4954 4615/4955
f 5020/4953 4615/4955 4616/4956
f 5020/4953 4616/4956 4617/4908
f 5020/4953 4617/4908 5021/4912
f 4615/4955 4629/4906 4616/4956
f 4615/4955 4628/4957 4629/4906
f 4615/4955 4627/4958 4628/4957
f 4628/4957 4627/4958 4640/4959
f 4628/4957 4640/4959 4641/4960
f 4628/4957 4641/4960 4642/4903
f 4641/4960 4640/4959 4653/4961
f 4641/4960 4653/4961 4654/4901
f 4640/4959 4652/4962 4653/4961
f 4653/4961 4652/4962 4665/4963
f 4653/4961 4665/4963 4666/4964
f 4653/4961 4666/4964 4667/4898
f 4665/4963 4679/4896 4666/4964
f 4665/4963 4678/4965 4679/4896
f 4665/4963 4677/4966 4678/4965
f 4678/4965 4677/4966 4690/4967
f 4678/4965 4690/4967 4691/4968
f 4678/4965 4691/4968 4692/4894
f 4692/4894 4691/4968 4704/4969
f 4691/4968 4703/4970 4704/4969
f 4704/4969 4703/4970 4716/4971
f 4704/4969 4716/4971 4717/4972
f 4705/4893 4704/4969 4717/4972
f 4705/4893 4717/4972 4718/4973
f 4717/4972 4731/4974 4718/4973
f 4719/4890 4718/4973 4731/4974
f 4719/4890 4731/4974 4732/4975
f 4732/4975 4731/4974 4744/4976
f 4732/4975 4744/4976 4745/4977
f 4732/4975 4745/4977 4746/4978
f 4732/4975 4746/4978 4733/4887
f 4745/4977 4759/4979 4746/4978
f 4746/4978 4759/4979 4760/4882
f 4759/4979 4773/4980 4760/4882
f 4759/4979 4772/4981 4773/4980
f 4772/4981 4786/4982 4773/4980
f 4774/4880 4773/4980 4786/4982
f 4774/4880 4786/4982 4787/4846
f 4772/4981 4785/4983 4786/4982
f 4786/4982 4785/4983 4798/4984
f 4786/4982 4798/4984 4799/4843
f 4785/4983 4797/4985 4798/4984
f 4798/4984 4797/4985 4810/4986
f 4798/4984 4810/4986 4811/4840
f 4796/4987 4810/4986 4797/4985
f 4783/4988 4796/4987 4797/4985
f 4783/4988 4797/4985 4784/4989
f 4771/4990 4783/4988 4784/4989
f 4771/4990 4784/4989 4785/4983
f 4771/4990 4770/4991 4783/4988
f 4769/4992 4783/4988 4770/4991
f 4757/4993 4769/4992 4770/4991
f 4758/4994 4757/4993 4770/4991
f 4745/4977 4757/4993 4758/4994
f 4757/4993 4756/4995 4769/4992
f 4755/4996 4769/4992 4756/4995
f 4743/4997 4755/4996 4756/4995
f 4744/4976 4743/4997 4756/4995
f 4730/4998 4743/4997 4744/4976
f 4730/4998 4742/4999 4743/4997
f 4730/4998 4729/5000 4742/4999
f 4728/5001 4742/5002 4729/5003
f 4716/5004 4728/5001 4729/5003
f 4716/5004 4715/5005 4728/5001
f 4715/5005 4727/5006 4728/5001
f 4728/5001 4727/5006 4740/5007
f 4728/5001 4740/5007 4741/5008
f 4740/5007 4754/5009 4741/5008
f 4741/5008 4754/5009 4755/5010
f 4741/5008 4755/5010 4742/5002
f 4755/5010 4754/5009 4767/5011
f 4755/5010 4767/5011 4768/5012
f 4767/5011 4781/5013 4768/5012
f 4769/4992 4768/5014 4781/5015
f 4769/4992 4781/5015 4782/5016
f 4782/5016 4781/5015 4794/5017
f 4782/5016 4794/5017 4795/5018
f 4782/5016 4795/5018 4796/4987
f 4796/4987 4795/5018 4808/5019
f 4796/4987 4808/5019 4809/5020
f 4809/5020 4808/5019 4821/5021
f 4809/5020 4821/5021 4822/5022
f 4809/5020 4822/5022 4823/4838
f 4809/5020 4823/4838 4810/4986
f 4823/4838 4822/5022 4835/5023
f 4821/5021 4835/5023 4822/5022
f 4821/5021 4834/5024 4835/5023
f 4834/5024 4848/5025 4835/5023
f 4836/4836 4835/5023 4848/5025
f 4834/5024 4847/5026 4848/5025
f 4848/5025 4847/5026 4860/5027
f 4848/5025 4860/5027 4861/4829
f 4849/4834 4848/5025 4861/4829
f 4847/5026 4859/5028 4860/5027
f 4859/5028 4873/4826 4860/5027
f 4859/5028 4872/5029 4873/4826
f 4859/5030 4871/5031 4872/5032
f 4871/5031 4885/4820 4872/5032
f 4859/5030 4858/5033 4871/5031
f 4857/5034 4871/5031 4858/5033
f 4844/5035 4857/5034 4858/5033
f 4844/5035 4858/5033 4845/5036
f 4832/5037 4844/5035 4845/5036
f 4832/5037 4845/5036 4846/5038
f 4832/5037 4846/5038 4833/5039
f 4820/5040 4832/5037 4833/5039
f 4820/5041 4833/5042 4834/5024
f 4820/5040 4819/5043 4832/5037
f 4819/5043 4831/5044 4832/5037
f 4819/5043 4818/5045 4831/5044
f 4817/5046 4831/5044 4818/5045
f 4805/5047 4817/5046 4818/5045
f 4805/5047 4804/5048 4817/5046
f 4803/5049 4817/5046 4804/5048
f 4790/5050 4803/5049 4804/5048
f 4790/5050 4804/5048 4791/5051
f 4777/5052 4790/5050 4791/5051
f 4777/5052 4791/5051 4778/5053
f 4765/5054 4777/5052 4778/5053
f 4765/5054 4778/5053 4779/5055
f 4765/5054 4779/5055 4766/5056
f 4753/5057 4765/5054 4766/5056
f 4753/5057 4766/5056 4767/5011
f 4753/5057 4752/5058 4765/5054
f 4752/5058 4764/5059 4765/5054
f 4752/5058 4751/5060 4764/5059
f 4750/5061 4764/5059 4751/5060
f 4738/5062 4750/5061 4751/5060
f 4739/5063 4738/5062 4751/5060
f 4726/5064 4738/5062 4739/5063
f 4726/5064 4739/5063 4740/5007
f 4739/5063 4753/5057 4740/5007
f 4726/5064 4725/5065 4738/5062
f 4724/5066 4738/5062 4725/5065
f 4711/5067 4724/5066 4725/5065
f 4711/5067 4725/5065 4712/5068
f 4699/5069 4711/5067 4712/5068
f 4699/5069 4712/5068 4713/5070
f 4699/5069 4713/5070 4700/5071
f 4686/5072 4699/5069 4700/5071
f 4686/5072 4700/5071 4687/5073
f 4673/5074 4686/5072 4687/5073
f 4673/5074 4687/5073 4674/5075
f 4661/5076 4673/5074 4674/5075
f 4661/5076 4674/5075 4675/5077
f 4661/5076 4675/5077 4662/5078
f 4648/5079 4661/5076 4662/5078
f 4648/5079 4662/5078 4649/5080
f 4635/5081 4648/5079 4649/5080
f 4635/5081 4649/5080 4636/5082
f 4622/5083 4635/5081 4636/5082
f 4622/5083 4636/5082 4623/5084
f 4609/4797 4622/5083 4623/5084
f 4609/4797 4623/5084 4610/5085
f 5014/5086 4609/4797 4610/5085
f 5014/5086 4610/5085 4611/5087
f 5014/5086 4611/5087 5015/5088
f 5001/5089 5014/5086 5015/5088
f 5001/5089 5015/5088 5002/5090
f 4989/5091 5001/5089 5002/5090
f 4989/5091 5002/5090 5003/5092
f 4989/5091 5003/5092 4990/5093
f 4976/5094 4989/5091 4990/5093
f 4976/5094 4990/5093 4977/5095
f 4964/5096 4976/5094 4977/5095
f 4964/5097 4977/5098 4978/5099
f 4964/5097 4978/5099 4965/5100
f 4951/5101 4964/5097 4965/5100
f 4951/5101 4965/5100 4952/5102
f 4938/5103 4951/5101 4952/5102
f 4938/5103 4952/5102 4939/5104
f 4925/5105 4938/5103 4939/5104
f 4925/5105 4939/5104 4926/5106
f 4913/5107 4925/5105 4926/5106
f 4914/5108 4913/5107 4926/5106
f 4914/5108 4926/5106 4927/5109
f 4914/5108 4927/5109 4928/4941
f 4914/5108 4928/4941 4915/5110
f 4901/5111 4914/5108 4915/5110
f 4901/5111 4915/5110 4902/5112
f 4887/4827 4901/5111 4902/5112
f 4887/4827 4902/5112 4888/5113
f 4889/4936 4888/5113 4902/5112
f 4876/4832 4888/5113 4889/4936
f 4903/4937 4902/5112 4915/5110
f 4926/5106 4940/4943 4927/5109
f 4901/5111 4913/5107 4914/5108
f 4901/5111 4900/4824 4913/5107
f 4913/5107 4912/5114 4925/5105
f 4911/4816 4925/5115 4912/5116
f 4899/4821 4911/4816 4912/5116
f 4899/4823 4912/5114 4913/5107
f 4926/5106 4939/5104 4940/4943
f 4925/5115 4937/5117 4938/5118
f 4938/5118 4937/5117 4950/5119
f 4937/5117 4949/4809 4950/5119
f 4949/4809 4963/5120 4950/5119
f 4951/5121 4950/5119 4963/5120
f 4925/5115 4924/4815 4937/5117
f 4924/4815 4936/4811 4937/5117
f 4939/5104 4952/5102 4953/4944
f 4938/5118 4950/5119 4951/5121
f 4953/4944 4952/5102 4965/5100
f 4951/5121 4963/5120 4964/5096
f 4966/4946 4965/5100 4978/5099
f 4966/4946 4978/5099 4979/5122
f 4978/5099 4992/5123 4979/5122
f 4979/5122 4992/5123 4993/4949
f 4978/5099 4991/5124 4992/5123
f 4991/5124 5005/5125 4992/5123
f 4992/5123 5005/5125 5006/4951
f 5005/5125 5019/4954 5006/4951
f 5005/5125 5018/5126 5019/4954
f 5005/5125 5017/5127 5018/5126
f 5018/5126 5017/5127 4613/5128
f 5018/5126 4613/5128 4614/5129
f 5018/5126 4614/5129 4615/4955
f 4613/5128 4627/4958 4614/5129
f 4613/5128 4626/5130 4627/4958
f 4612/5131 4626/5130 4613/5128
f 4612/5131 4625/5132 4626/5130
f 4626/5130 4625/5132 4638/5133
f 4626/5130 4638/5133 4639/5134
f 4626/5130 4639/5134 4640/4959
f 4639/5134 4638/5133 4651/5135
f 4639/5134 4651/5135 4652/4962
f 4637/5136 4651/5137 4638/5138
f 4624/5139 4637/5136 4638/5138
f 4624/5139 4636/5082 4637/5136
f 4636/5082 4650/5140 4637/5136
f 4637/5136 4650/5140 4651/5137
f 4651/5137 4650/5140 4663/5141
f 4651/5137 4663/5141 4664/5142
f 4651/5135 4664/5143 4665/4963
f 4663/5141 4677/5144 4664/5142
f 4663/5141 4676/5145 4677/5144
f 4663/5141 4675/5077 4676/5145
f 4676/5145 4675/5077 4688/5146
f 4676/5145 4688/5146 4689/5147
f 4676/5145 4689/5147 4690/5148
f 4689/5147 4703/5149 4690/5148
f 4689/5147 4702/5150 4703/5149
f 4688/5146 4702/5150 4689/5147
f 4688/5146 4701/5151 4702/5150
f 4701/5151 4715/5005 4702/5150
f 4701/5151 4714/5152 4715/5005
f 4701/5151 4713/5070 4714/5152
f 4713/5070 4727/5006 4714/5152
f 4713/5070 4726/5064 4727/5006
f 4688/5146 4700/5071 4701/5151
f 4675/5077 4687/5073 4688/5146
f 4649/5080 4663/5141 4650/5140
f 4624/5139 4638/5138 4625/5153
f 4612/5154 4624/5139 4625/5153
f 4612/5154 4611/5087 4624/5139
f 4611/5087 4623/5084 4624/5139
f 5017/5127 4612/5131 4613/5128
f 5017/5127 5016/5155 4612/5131
f 5015/5088 4612/5154 5016/5156
f 5004/5157 5016/5155 5017/5127
f 5004/5157 5003/5158 5016/5155
f 4991/5124 5003/5158 5004/5157
f 5005/5125 5004/5157 5017/5127
f 4991/5124 5004/5157 5005/5125
f 4978/5099 4990/5159 4991/5124
f 4964/5096 4963/5120 4976/5094
f 4962/4808 4976/5094 4963/5120
f 4962/4808 4975/5160 4976/5094
f 4976/5094 4975/5160 4988/5161
f 4975/5160 4987/4802 4988/5161
f 4962/4808 4974/4804 4975/5160
f 4978/5099 4977/5098 4990/5159
f 4976/5094 4988/5161 4989/5091
f 4991/5124 4990/5159 5003/5158
f 5002/5090 5016/5156 5003/5092
f 4989/5091 4988/5161 5001/5089
f 4988/5161 5000/4800 5001/5089
f 5002/5090 5015/5088 5016/5156
f 5001/5089 5013/4798 5014/5086
f 5015/5088 4611/5087 4612/5154
f 4611/5087 4610/5085 4623/5084
f 4609/4797 4621/4793 4622/5083
f 4624/5139 4623/5084 4636/5082
f 4622/5083 4634/4792 4635/5081
f 4635/5081 4634/4792 4647/5162
f 4634/4792 4646/5163 4647/5162
f 4646/5163 4660/5164 4647/5162
f 4648/5079 4647/5162 4660/5164
f 4646/5163 4659/5165 4660/5164
f 4660/5164 4659/5165 4672/5166
f 4660/5164 4672/5166 4673/5074
f 4672/5166 4659/5165 4497/5167
f 4672/5166 4497/5167 4501/5168
f 4685/5169 4672/5166 4501/5168
f 4685/5169 4501/5168 4505/5170
f 4698/5171 4685/5169 4505/5170
f 4698/5171 4505/5170 4509/5172
f 4513/5173 4698/5171 4509/5172
f 4509/5172 4512/5174 4513/5173
f 4513/5173 4512/5174 4516/5175
f 4513/5173 4516/5175 4517/5176
f 4724/5066 4513/5173 4517/5176
f 4521/5177 4724/5066 4517/5176
f 4521/5177 4737/5178 4724/5066
f 4525/5179 4737/5178 4521/5177
f 4520/5180 4525/5179 4521/5177
f 4516/5175 4520/5180 4521/5177
f 4515/5181 4520/5180 4516/5175
f 4515/5181 4519/5182 4520/5180
f 4520/5180 4519/5182 4523/5183
f 4520/5180 4523/5183 4524/5184
f 4523/5183 4528/5185 4524/5184
f 4525/5179 4524/5184 4528/5185
f 4525/5179 4528/5185 4529/5186
f 4529/5186 4750/5061 4525/5179
f 4529/5186 4763/5187 4750/5061
f 4776/5188 4763/5187 4529/5186
f 4776/5188 4529/5186 4533/5189
f 4789/5190 4776/5188 4533/5189
f 4789/5190 4533/5189 4537/5191
f 4802/5192 4789/5190 4537/5191
f 4802/5192 4537/5191 4541/5193
f 4545/5194 4802/5192 4541/5193
f 4541/5193 4544/5195 4545/5194
f 4544/5195 4549/5196 4545/5194
f 4828/5197 4545/5194 4549/5196
f 4553/5198 4828/5197 4549/5196
f 4548/5199 4553/5198 4549/5196
f 4548/5199 4552/5200 4553/5198
f 4552/5200 4557/5201 4553/5198
f 4557/5201 4841/5202 4553/5198
f 4557/5201 4854/5203 4841/5202
f 4842/5204 4841/5202 4854/5203
f 4842/5204 4854/5203 4855/5205
f 4843/5206 4842/5204 4855/5205
f 4843/5206 4855/5205 4856/5207
f 4843/5206 4856/5207 4857/5034
f 4857/5034 4856/5207 4869/5208
f 4857/5034 4869/5208 4870/5209
f 4869/5208 4883/5210 4870/5209
f 4871/5031 4870/5209 4883/5210
f 4871/5031 4883/5210 4884/4819
f 4869/5208 4882/5211 4883/5210
f 4883/5210 4882/5211 4896/5212
f 4883/5210 4896/5212 4897/4817
f 4897/4817 4896/5212 4909/5213
f 4895/5214 4909/5213 4896/5212
f 4881/5215 4895/5214 4896/5212
f 4880/5216 4895/5214 4881/5215
f 4868/5217 4880/5216 4881/5215
f 4868/5217 4881/5215 4882/5211
f 4868/5217 4867/5218 4880/5216
f 4880/5216 4867/5218 4561/5219
f 4880/5216 4561/5219 4565/5220
f 4894/5221 4880/5216 4565/5220
f 4894/5221 4565/5220 4569/5222
f 4907/5223 4894/5221 4569/5222
f 4907/5223 4569/5222 4573/5224
f 4577/5225 4907/5223 4573/5224
f 4572/5226 4577/5225 4573/5224
f 4572/5226 4576/5227 4577/5225
f 4576/5227 4581/5228 4577/5225
f 4933/5229 4577/5225 4581/5228
f 4585/5230 4933/5229 4581/5228
f 4580/5231 4585/5230 4581/5228
f 4580/5231 4584/5232 4585/5230
f 4584/5232 4589/5233 4585/5230
f 4589/5233 4946/5234 4585/5230
f 4589/5233 4959/5235 4946/5234
f 4947/5236 4946/5234 4959/5235
f 4947/5236 4959/5235 4960/4805
f 4933/5229 4946/5234 4947/5236
f 4933/5229 4947/5236 4934/5237
f 4920/5238 4933/5229 4934/5237
f 4920/5238 4934/5237 4921/5239
f 4908/5240 4920/5238 4921/5239
f 4908/5240 4921/5239 4922/4812
f 4908/5240 4922/4812 4909/5213
f 4908/5240 4907/5223 4920/5238
f 4895/5214 4907/5223 4908/5240
f 4922/4812 4921/5239 4934/5237
f 4935/4810 4934/5237 4947/5236
f 4593/5241 4959/5235 4589/5233
f 4589/5233 4592/5242 4593/5241
f 4592/5242 4597/5243 4593/5241
f 4985/5244 4593/5241 4597/5243
f 4998/5245 4985/5244 4597/5243
f 4998/5245 4597/5243 4602/4773
f 4985/5244 4998/5245 4999/4799
f 4999/4799 4998/5245 5011/4772
f 4985/5244 4972/5246 4593/5241
f 4973/4803 4972/5246 4985/5244
f 4959/5235 4972/5246 4973/4803
f 4592/5242 4596/5247 4597/5243
f 4597/5243 4596/5247 4601/4775
f 4595/5248 4601/4775 4596/5247
f 4595/5248 4600/4779 4601/4775
f 4594/5249 4600/4779 4595/5248
f 4591/5250 4594/5249 4595/5248
f 4592/5242 4591/5250 4595/5248
f 4587/5251 4591/5250 4592/5242
f 4587/5251 4592/5242 4588/5252
f 4584/5232 4587/5251 4588/5252
f 4584/5232 4583/5253 4587/5251
f 4583/5253 4586/5254 4587/5251
f 4583/5253 4582/5255 4586/5254
f 4582/5255 4598/4781 4586/5254
f 4586/5254 4598/4781 4590/5256
f 4586/5254 4590/5256 4591/5250
f 4590/5256 4598/4781 4594/5249
f 4578/5257 4598/4781 4582/5255
f 4574/5258 4598/4781 4578/5257
f 4575/5259 4574/5258 4578/5257
f 4575/5259 4578/5257 4579/5260
f 4576/5227 4575/5259 4579/5260
f 4576/5227 4579/5260 4580/5231
f 4571/5261 4575/5259 4576/5227
f 4570/5262 4575/5259 4571/5261
f 4567/5263 4570/5262 4571/5261
f 4568/5264 4567/5263 4571/5261
f 4568/5264 4571/5261 4572/5226
f 4569/5222 4568/5264 4572/5226
f 4563/5265 4567/5263 4568/5264
f 4563/5265 4568/5264 4564/5266
f 4560/5267 4563/5265 4564/5266
f 4560/5267 4564/5266 4565/5220
f 4560/5267 4559/5268 4563/5265
f 4559/5268 4562/5269 4563/5265
f 4559/5268 4558/5270 4562/5269
f 4558/5270 4598/4781 4562/5269
f 4562/5269 4598/4781 4566/5271
f 4562/5269 4566/5271 4567/5263
f 4566/5271 4598/4781 4570/5262
f 4554/5272 4598/4781 4558/5270
f 4550/5273 4598/4781 4554/5272
f 4551/5274 4550/5273 4554/5272
f 4551/5274 4554/5272 4555/5275
f 4552/5200 4551/5274 4555/5275
f 4552/5200 4555/5275 4556/5276
f 4555/5275 4560/5267 4556/5276
f 4557/5201 4556/5276 4560/5267
f 4557/5201 4560/5267 4561/5219
f 4547/5277 4551/5274 4552/5200
f 4554/5272 4559/5268 4555/5275
f 4547/5277 4550/5273 4551/5274
f 4547/5277 4546/5278 4550/5273
f 4542/5279 4546/5278 4547/5277
f 4542/5279 4547/5277 4543/5280
f 4539/5281 4542/5279 4543/5280
f 4539/5281 4543/5280 4544/5195
f 4539/5281 4544/5195 4540/5282
f 4536/5283 4539/5281 4540/5282
f 4537/5191 4536/5283 4540/5282
f 4536/5283 4535/5284 4539/5281
f 4534/5285 4539/5281 4535/5284
f 4530/5286 4534/5285 4535/5284
f 4530/5286 4535/5284 4531/5287
f 4527/5288 4530/5286 4531/5287
f 4528/5185 4527/5288 4531/5287
f 4528/5185 4531/5287 4532/5289
f 4528/5185 4532/5289 4533/5189
f 4533/5189 4532/5289 4536/5283
f 4531/5287 4536/5283 4532/5289
f 4527/5288 4526/5290 4530/5286
f 4526/5290 4598/4781 4530/5286
f 4522/5291 4598/4781 4526/5290
f 4518/5292 4598/4781 4522/5291
f 4518/5292 4522/5291 4523/5183
f 4522/5291 4527/5288 4523/5183
f 4514/5293 4598/4781 4518/5292
f 4514/5293 4518/5292 4519/5182
f 4510/5294 4598/4781 4514/5293
f 4511/5295 4510/5294 4514/5293
f 4511/5295 4514/5293 4515/5181
f 4512/5174 4511/5295 4515/5181
f 4507/5296 4511/5295 4512/5174
f 4507/5296 4512/5174 4508/5297
f 4504/5298 4507/5296 4508/5297
f 4505/5170 4504/5298 4508/5297
f 4504/5298 4503/5299 4507/5296
f 4503/5299 4506/5300 4507/5296
f 4503/5299 4502/5301 4506/5300
f 4502/5301 4598/4781 4506/5300
f 4498/5302 4598/4781 4502/5301
f 4494/5303 4598/4781 4498/5302
f 4495/5304 4494/5303 4498/5302
f 4495/5304 4498/5302 4499/5305
f 4496/5306 4495/5304 4499/5305
f 4496/5306 4499/5305 4500/5307
f 4496/5306 4500/5307 4501/5168
f 4501/5168 4500/5307 4504/5298
f 4499/5305 4504/5298 4500/5307
f 4491/4786 4495/5304 4496/5306
f 4490/5308 4495/5304 4491/4786
f 4498/5302 4503/5299 4499/5305
f 4490/5308 4494/5303 4495/5304
f 4490/5308 4598/4781 4494/5303
f 4486/5309 4598/4781 4490/5308
f 4487/4784 4486/5309 4490/5308
f 4498/5302 4502/5301 4503/5299
f 4499/5305 4503/5299 4504/5298
f 4506/5300 4511/5295 4507/5296
f 4506/5300 4510/5294 4511/5295
f 4506/5300 4598/4781 4510/5294
f 4522/5291 4526/5290 4527/5288
f 4530/5286 4598/4781 4534/5285
f 4534/5285 4598/4781 4538/5310
f 4538/5310 4598/4781 4542/5279
f 4534/5285 4538/5310 4539/5281
f 4531/5287 4535/5284 4536/5283
f 4539/5281 4538/5310 4542/5279
f 4544/5195 4543/5280 4547/5277
f 4544/5195 4547/5277 4548/5199
f 4542/5279 4598/4781 4546/5278
f 4546/5278 4598/4781 4550/5273
f 4554/5272 4558/5270 4559/5268
f 4555/5275 4559/5268 4560/5267
f 4565/5220 4564/5266 4568/5264
f 4562/5269 4567/5263 4563/5265
f 4567/5263 4566/5271 4570/5262
f 4578/5257 4583/5253 4579/5260
f 4570/5262 4574/5258 4575/5259
f 4570/5262 4598/4781 4574/5258
f 4578/5257 4582/5255 4583/5253
f 4579/5260 4583/5253 4584/5232
f 4586/5254 4591/5250 4587/5251
f 4591/5250 4590/5256 4594/5249
f 4592/5242 4595/5248 4596/5247
f 4589/5233 4588/5252 4592/5242
f 4593/5241 4972/5246 4959/5235
f 4584/5232 4588/5252 4589/5233
f 4579/5260 4584/5232 4580/5231
f 4585/5230 4946/5234 4933/5229
f 4933/5229 4920/5238 4577/5225
f 4576/5227 4580/5231 4581/5228
f 4571/5261 4576/5227 4572/5226
f 4577/5225 4920/5238 4907/5223
f 4569/5222 4572/5226 4573/5224
f 4895/5214 4894/5221 4907/5223
f 4565/5220 4568/5264 4569/5222
f 4560/5267 4565/5220 4561/5219
f 4561/5219 4867/5218 4854/5203
f 4855/5205 4867/5218 4868/5217
f 4880/5216 4894/5221 4895/5214
f 4895/5214 4908/5240 4909/5213
f 4881/5215 4896/5212 4882/5211
f 4868/5217 4882/5211 4869/5208
f 4856/5207 4868/5217 4869/5208
f 4856/5207 4855/5205 4868/5217
f 4830/5311 4842/5204 4843/5206
f 4830/5311 4843/5206 4844/5035
f 4830/5311 4844/5035 4831/5044
f 4830/5311 4829/5312 4842/5204
f 4828/5197 4842/5204 4829/5312
f 4815/5313 4828/5197 4829/5312
f 4815/5313 4829/5312 4816/5314
f 4803/5049 4815/5313 4816/5314
f 4803/5049 4802/5192 4815/5313
f 4817/5046 4816/5314 4829/5312
f 4817/5046 4829/5312 4830/5311
f 4855/5205 4854/5203 4867/5218
f 4828/5197 4841/5202 4842/5204
f 4561/5219 4854/5203 4557/5201
f 4552/5200 4556/5276 4557/5201
f 4547/5277 4552/5200 4548/5199
f 4553/5198 4841/5202 4828/5197
f 4828/5197 4815/5313 4545/5194
f 4544/5195 4548/5199 4549/5196
f 4541/5193 4540/5282 4544/5195
f 4545/5194 4815/5313 4802/5192
f 4537/5191 4540/5282 4541/5193
f 4790/5050 4789/5190 4802/5192
f 4533/5189 4536/5283 4537/5191
f 4776/5188 4789/5190 4790/5050
f 4764/5059 4763/5187 4776/5188
f 4764/5059 4776/5188 4777/5052
f 4528/5185 4533/5189 4529/5186
f 4523/5183 4527/5288 4528/5185
f 4518/5292 4523/5183 4519/5182
f 4514/5293 4519/5182 4515/5181
f 4520/5180 4524/5184 4525/5179
f 4525/5179 4750/5061 4737/5178
f 4516/5175 4521/5177 4517/5176
f 4512/5174 4515/5181 4516/5175
f 4509/5172 4508/5297 4512/5174
f 4513/5173 4711/5067 4698/5171
f 4505/5170 4508/5297 4509/5172
f 4686/5072 4685/5169 4698/5171
f 4501/5168 4504/5298 4505/5170
f 4672/5166 4685/5169 4686/5072
f 4496/5306 4501/5168 4497/5167
f 4493/4788 4496/5306 4497/5167
f 4497/5167 4646/5163 4493/4788
f 4497/5167 4659/5165 4646/5163
f 4636/5082 4649/5080 4650/5140
f 4635/5081 4647/5162 4648/5079
f 4649/5080 4662/5078 4663/5141
f 4648/5079 4660/5164 4661/5076
f 4663/5141 4662/5078 4675/5077
f 4661/5076 4660/5164 4673/5074
f 4675/5077 4674/5075 4687/5073
f 4672/5166 4686/5072 4673/5074
f 4688/5146 4687/5073 4700/5071
f 4686/5072 4698/5171 4699/5069
f 4701/5151 4700/5071 4713/5070
f 4699/5069 4698/5171 4711/5067
f 4713/5070 4712/5068 4725/5065
f 4724/5066 4711/5067 4513/5173
f 4724/5066 4737/5178 4738/5062
f 4713/5070 4725/5065 4726/5064
f 4738/5062 4737/5178 4750/5061
f 4750/5061 4763/5187 4764/5059
f 4739/5063 4751/5060 4752/5058
f 4739/5063 4752/5058 4753/5057
f 4767/5011 4766/5056 4779/5055
f 4767/5011 4779/5055 4780/5315
f 4780/5315 4779/5055 4792/5316
f 4780/5315 4792/5316 4793/5317
f 4780/5315 4793/5317 4794/5318
f 4793/5317 4807/5319 4794/5318
f 4793/5317 4806/5320 4807/5319
f 4806/5320 4820/5040 4807/5319
f 4808/5019 4807/5321 4820/5041
f 4792/5316 4806/5320 4793/5317
f 4792/5316 4805/5047 4806/5320
f 4805/5047 4819/5043 4806/5320
f 4779/5055 4791/5051 4792/5316
f 4765/5054 4764/5059 4777/5052
f 4779/5055 4778/5053 4791/5051
f 4776/5188 4790/5050 4777/5052
f 4792/5316 4791/5051 4804/5048
f 4790/5050 4802/5192 4803/5049
f 4803/5049 4816/5314 4817/5046
f 4792/5316 4804/5048 4805/5047
f 4817/5046 4830/5311 4831/5044
f 4805/5047 4818/5045 4819/5043
f 4806/5320 4819/5043 4820/5040
f 4834/5024 4833/5042 4846/5322
f 4845/5036 4859/5030 4846/5038
f 4832/5037 4831/5044 4844/5035
f 4843/5206 4857/5034 4844/5035
f 4857/5034 4870/5209 4871/5031
f 4845/5036 4858/5033 4859/5030
f 4847/5026 4846/5322 4859/5028
f 4834/5024 4846/5322 4847/5026
f 4820/5041 4834/5024 4821/5021
f 4808/5019 4820/5041 4821/5021
f 4795/5018 4807/5321 4808/5019
f 4795/5018 4794/5017 4807/5321
f 4780/5315 4794/5318 4781/5013
f 4767/5011 4780/5315 4781/5013
f 4753/5057 4767/5011 4754/5009
f 4740/5007 4753/5057 4754/5009
f 4726/5064 4740/5007 4727/5006
f 4715/5005 4714/5152 4727/5006
f 4702/5150 4715/5005 4716/5004
f 4728/5001 4741/5008 4742/5002
f 4716/4971 4729/5000 4730/4998
f 4743/4997 4742/4999 4755/4996
f 4755/4996 4768/5014 4769/4992
f 4744/4976 4756/4995 4757/4993
f 4769/4992 4782/5016 4783/4988
f 4758/4994 4770/4991 4771/4990
f 4758/4994 4771/4990 4772/4981
f 4782/5016 4796/4987 4783/4988
f 4796/4987 4809/5020 4810/4986
f 4785/4983 4784/4989 4797/4985
f 4771/4990 4785/4983 4772/4981
f 4758/4994 4772/4981 4759/4979
f 4745/4977 4758/4994 4759/4979
f 4745/4977 4744/4976 4757/4993
f 4730/4998 4744/4976 4731/4974
f 4717/4972 4730/4998 4731/4974
f 4716/4971 4730/4998 4717/4972
f 4702/5150 4716/5004 4703/5149
f 4691/4968 4690/4967 4703/4970
f 4676/5145 4690/5148 4677/5144
f 4665/4963 4664/5143 4677/4966
f 4651/5135 4665/4963 4652/4962
f 4640/4959 4639/5134 4652/4962
f 4626/5130 4640/4959 4627/4958
f 4615/4955 4614/5129 4627/4958
f 5018/5126 4615/4955 5019/4954
f 5007/4952 5006/4951 5019/4954
f 4992/5123 5006/4951 4993/4949
f 4979/5122 4993/4949 4980/4948
f 4966/4946 4979/5122 4980/4948
f 4953/4944 4965/5100 4966/4946
f 4939/5104 4953/4944 4940/4943
f 4928/4941 4927/5109 4940/4943
f 4916/4938 4915/5110 4928/4941
f 4903/4937 4915/5110 4916/4938
f 4889/4936 4902/5112 4903/4937
f 4877/4935 4876/4832 4889/4936
f 4864/5323 4876/4832 4877/4935
f 4864/5323 4877/4935 4878/4933
f 4864/5323 4878/4933 4865/5324
f 4851/5325 4864/5323 4865/5324
f 4851/5325 4865/5324 4852/5326
f 4839/5327 4851/5325 4852/5326
f 4840/4852 4839/5327 4852/5326
f 4826/5328 4839/5327 4840/4852
f 4825/4841 4839/5327 4826/5328
f 4813/4844 4825/4841 4826/5328
f 4814/4850 4813/4844 4826/5328
f 4825/4841 4838/5329 4839/5327
f 4825/4841 4837/4837 4838/5329
f 4837/4837 4851/5325 4838/5329
f 4839/5327 4838/5329 4851/5325
f 4852/5326 4865/5324 4866/4854
f 4850/4835 4864/5323 4851/5325
f 4866/4854 4865/5324 4878/4933
f 4891/4932 4890/4934 4904/4931
f 4904/4931 4917/4939 4918/4929
f 4918/4929 4917/4939 4930/4926
f 4931/4928 4944/4927 4945/4860
f 4945/4860 4944/4927 4957/5330
f 4944/4927 4956/4923 4957/5330
f 4956/4923 4970/5331 4957/5330
f 4957/5330 4970/5331 4971/4862
f 4971/4862 4970/5331 4983/4916
f 4969/4921 4983/4916 4970/5331
f 4930/4926 4929/4940 4942/4924
f 4944/4927 4943/4925 4956/4923
f 4941/4942 4955/4922 4942/4924
f 4956/4923 4969/4921 4970/5331
f 4954/4945 4968/4920 4955/4922
f 4967/4947 4981/4919 4968/4920
f 4981/4919 4994/4950 4995/4917
f 4969/4921 4982/4918 4983/4916
f 4996/4915 4995/4917 5008/4913
f 5009/4914 5022/4911 5023/4866
f 5008/4913 5020/4953 5021/4912
f 5021/4912 4617/4908 4618/4909
f 4617/4908 4616/4956 4629/4906
f 4631/4910 4630/4907 4643/4905
f 4631/4910 4643/4905 4644/5332
f 4632/4868 4631/4910 4644/5332
f 4643/4905 4657/5333 4644/5332
f 4644/5332 4657/5333 4658/4870
f 4658/4870 4657/5333 4670/5334
f 4656/4904 4670/5334 4657/5333
f 4656/4904 4669/5335 4670/5334
f 4670/5334 4669/5335 4682/5336
f 4670/5334 4682/5336 4683/5337
f 4670/5334 4683/5337 4684/4872
f 4684/4872 4683/5337 4696/5338
f 4683/5337 4695/5339 4696/5338
f 4695/5339 4709/5340 4696/5338
f 4696/5338 4709/5340 4710/4874
f 4710/4874 4709/5340 4722/5341
f 4709/5340 4721/4888 4722/5341
f 4721/4888 4735/4885 4722/5341
f 4723/4875 4722/5341 4735/4885
f 4709/5340 4708/5342 4721/4888
f 4707/4891 4721/4888 4708/5342
f 4695/5339 4707/4891 4708/5342
f 4695/5339 4694/5343 4707/4891
f 4682/5336 4694/5343 4695/5339
f 4682/5336 4681/4899 4694/5343
f 4681/4899 4693/4895 4694/5343
f 4695/5339 4708/5342 4709/5340
f 4683/5337 4682/5336 4695/5339
f 4668/4900 4682/5336 4669/5335
f 4656/4904 4668/4900 4669/5335
f 4628/4957 4642/4903 4629/4906
f 4643/4905 4656/4904 4657/5333
f 4642/4903 4641/4960 4654/4901
f 4656/4904 4655/4902 4668/4900
f 4653/4961 4667/4898 4654/4901
f 4668/4900 4681/4899 4682/5336
f 4667/4898 4666/4964 4679/4896
f 4681/4899 4680/4897 4693/4895
f 4678/4965 4692/4894 4679/4896
f 4694/5343 4693/4895 4706/4892
f 4692/4894 4704/4969 4705/4893
f 4705/4893 4718/4973 4719/4890
f 4694/5343 4706/4892 4707/4891
f 4719/4890 4732/4975 4733/4887
f 4707/4891 4720/4889 4721/4888
f 4733/4887 4746/4978 4747/4883
f 4721/4888 4734/4886 4735/4885
f 4746/4978 4760/4882 4747/4883
f 4760/4882 4773/4980 4774/4880
f 4748/4884 4761/4881 4762/4878
f 4748/4884 4762/4878 4749/4877
f 4736/4876 4748/4884 4749/4877
f 4723/4875 4735/4885 4736/4876
f 4710/4874 4722/5341 4723/4875
f 4696/5338 4710/4874 4697/4873
f 4684/4872 4696/5338 4697/4873
f 4670/5334 4684/4872 4671/4871
f 4658/4870 4670/5334 4671/4871
f 4644/5332 4658/4870 4645/4869
f 4632/4868 4644/5332 4645/4869
f 4619/4867 4631/4910 4632/4868
f 5022/4911 4619/4867 5023/4866
f 5009/4914 5023/4866 5010/4865
f 4997/4864 5009/4914 5010/4865
f 4983/4916 4997/4864 4984/4863
f 4971/4862 4983/4916 4984/4863
f 4957/5330 4971/4862 4958/4861
f 4945/4860 4957/5330 4958/4861
f 4931/4928 4945/4860 4932/4859
f 4919/4858 4931/4928 4932/4859
f 4905/4930 4919/4858 4906/4857
f 4892/4856 4905/4930 4906/4857
f 4878/4933 4892/4856 4879/4855
f 4866/4854 4878/4933 4879/4855
f 4852/5326 4866/4854 4853/4853
f 4840/4852 4852/5326 4853/4853
f 4826/5328 4840/4852 4827/4851
f 4814/4850 4826/5328 4827/4851
f 4893/4849 4775/4879 4788/4847
f 4800/4845 4814/4850 4801/4848
f 4774/4880 4787/4846 4788/4847
f 4787/4846 4786/4982 4799/4843
f 4800/4845 4813/4844 4814/4850
f 4799/4843 4798/4984 4811/4840
f 4813/4844 4812/4842 4825/4841
f 4811/4840 4810/4986 4823/4838
f 4825/4841 4824/4839 4837/4837
f 4823/4838 4835/5023 4836/4836
f 4837/4837 4850/4835 4851/5325
f 4836/4836 4848/5025 4849/4834
f 4850/4835 4863/4833 4864/5323
f 4864/5323 4863/4833 4876/4832
f 4876/4832 4875/4831 4888/5113
f 4874/4828 4888/5113 4875/4831
f 4849/4834 4861/4829 4862/4830
f 4861/4829 4860/5027 4873/4826
f 4874/4828 4887/4827 4888/5113
f 4886/4825 4901/5111 4887/4827
f 4873/4826 4872/5029 4885/4822
f 4886/4825 4900/4824 4901/5111
f 4899/4823 4913/5107 4900/4824
f 4871/5031 4884/4819 4885/4820
f 4884/4819 4883/5210 4897/4817
f 4899/4821 4898/4818 4911/4816
f 4897/4817 4909/5213 4910/4814
f 4911/4816 4924/4815 4925/5115
f 4910/4814 4909/5213 4922/4812
f 4924/4815 4923/4813 4936/4811
f 4922/4812 4934/5237 4935/4810
f 4937/5117 4936/4811 4949/4809
f 4935/4810 4947/5236 4948/4807
f 4949/4809 4962/4808 4963/5120
f 4948/4807 4947/5236 4960/4805
f 4962/4808 4961/4806 4974/4804
f 4959/5235 4973/4803 4960/4805
f 4975/5160 4974/4804 4987/4802
f 4973/4803 4985/5244 4986/4801
f 4988/5161 4987/4802 5000/4800
f 4985/5244 4999/4799 4986/4801
f 5001/5089 5000/4800 5013/4798
f 4999/4799 5011/4772 5012/4796
f 5014/5086 5013/4798 4609/4797
f 5012/4796 5011/4772 4607/4794
f 4609/4797 4608/4795 4621/4793
f 4620/4791 4607/4794 4481/4770
f 4622/5083 4621/4793 4634/4792
f 4634/4792 4633/4790 4646/5163
f 4493/4788 4646/5163 4633/4790
f 4493/4788 4492/4787 4496/5306
f 4491/4786 4496/5306 4492/4787
f 4487/4784 4490/5308 4491/4786
f 4482/4783 4486/5309 4487/4784
f 4482/4783 4598/4781 4486/5309
f 4594/5249 4598/4781 4599/4780
f 4594/5249 4599/4780 4600/4779
f 4603/4778 4478/4782 4479/4777
f 4601/4775 4600/4779 4604/4776
f 4597/5243 4601/4775 4602/4773
f 5011/4772 4998/5245 4602/4773
f 4481/4770 4607/4794 5011/4772
f 4606/4771 4605/4774 4480/4766
f 4620/4791 4481/4770 4485/4769
f 4484/4768 4489/4789 4485/4769
f 4483/4767 4488/4785 4484/4768
f 4480/4766 4479/4777 4483/4767
